
> personal-website-server@0.1.0 start:dev
> nest start --watch

[2J[3J[H[[90m07:59:49[0m] Starting compilation in watch mode...

[[90m07:59:55[0m] Found 0 errors. Watching for file changes.

[32m[Nest] 3984  - [39m2026/08/22 07:59:58 [32m    LOG[39m [38;5;3m[NestFactory] [39m[32mStarting Nest application...[39m
[32m[Nest] 3984  - [39m2026/08/22 07:59:58 [32m    LOG[39m [38;5;3m[InstanceLoader] [39m[32mTypeOrmModule dependencies initialized[39m[38;5;3m +19ms[39m
[32m[Nest] 3984  - [39m2026/08/22 07:59:58 [32m    LOG[39m [38;5;3m[InstanceLoader] [39m[32mThrottlerModule dependencies initialized[39m[38;5;3m +1ms[39m
[32m[Nest] 3984  - [39m2026/08/22 07:59:58 [32m    LOG[39m [38;5;3m[InstanceLoader] [39m[32mConfigHostModule dependencies initialized[39m[38;5;3m +0ms[39m
[32m[Nest] 3984  - [39m2026/08/22 07:59:58 [32m    LOG[39m [38;5;3m[InstanceLoader] [39m[32mAppModule dependencies initialized[39m[38;5;3m +0ms[39m
[32m[Nest] 3984  - [39m2026/08/22 07:59:58 [32m    LOG[39m [38;5;3m[InstanceLoader] [39m[32mConfigModule dependencies initialized[39m[38;5;3m +1ms[39m
[32m[Nest] 3984  - [39m2026/08/22 07:59:58 [32m    LOG[39m [38;5;3m[InstanceLoader] [39m[32mConfigModule dependencies initialized[39m[38;5;3m +0ms[39m
query: SELECT version()
[32m[Nest] 3984  - [39m2026/08/22 07:59:58 [32m    LOG[39m [38;5;3m[InstanceLoader] [39m[32mTypeOrmCoreModule dependencies initialized[39m[38;5;3m +223ms[39m
[32m[Nest] 3984  - [39m2026/08/22 07:59:58 [32m    LOG[39m [38;5;3m[InstanceLoader] [39m[32mTypeOrmModule dependencies initialized[39m[38;5;3m +1ms[39m
[32m[Nest] 3984  - [39m2026/08/22 07:59:58 [32m    LOG[39m [38;5;3m[InstanceLoader] [39m[32mTypeOrmModule dependencies initialized[39m[38;5;3m +0ms[39m
[32m[Nest] 3984  - [39m2026/08/22 07:59:58 [32m    LOG[39m [38;5;3m[InstanceLoader] [39m[32mTypeOrmModule dependencies initialized[39m[38;5;3m +0ms[39m
[32m[Nest] 3984  - [39m2026/08/22 07:59:58 [32m    LOG[39m [38;5;3m[InstanceLoader] [39m[32mTypeOrmModule dependencies initialized[39m[38;5;3m +0ms[39m
[32m[Nest] 3984  - [39m2026/08/22 07:59:58 [32m    LOG[39m [38;5;3m[InstanceLoader] [39m[32mTypeOrmModule dependencies initialized[39m[38;5;3m +0ms[39m
[32m[Nest] 3984  - [39m2026/08/22 07:59:58 [32m    LOG[39m [38;5;3m[InstanceLoader] [39m[32mTypeOrmModule dependencies initialized[39m[38;5;3m +1ms[39m
[32m[Nest] 3984  - [39m2026/08/22 07:59:58 [32m    LOG[39m [38;5;3m[InstanceLoader] [39m[32mTypeOrmModule dependencies initialized[39m[38;5;3m +0ms[39m
[32m[Nest] 3984  - [39m2026/08/22 07:59:58 [32m    LOG[39m [38;5;3m[InstanceLoader] [39m[32mGameModule dependencies initialized[39m[38;5;3m +1ms[39m
[32m[Nest] 3984  - [39m2026/08/22 07:59:58 [32m    LOG[39m [38;5;3m[InstanceLoader] [39m[32mHistoryModule dependencies initialized[39m[38;5;3m +0ms[39m
[32m[Nest] 3984  - [39m2026/08/22 07:59:58 [32m    LOG[39m [38;5;3m[InstanceLoader] [39m[32mLandscapeModule dependencies initialized[39m[38;5;3m +0ms[39m
[32m[Nest] 3984  - [39m2026/08/22 07:59:58 [32m    LOG[39m [38;5;3m[InstanceLoader] [39m[32mTravelGuideModule dependencies initialized[39m[38;5;3m +0ms[39m
[32m[Nest] 3984  - [39m2026/08/22 07:59:58 [32m    LOG[39m [38;5;3m[InstanceLoader] [39m[32mAphorismModule dependencies initialized[39m[38;5;3m +0ms[39m
[32m[Nest] 3984  - [39m2026/08/22 07:59:58 [32m    LOG[39m [38;5;3m[InstanceLoader] [39m[32mMuseumModule dependencies initialized[39m[38;5;3m +0ms[39m
[32m[Nest] 3984  - [39m2026/08/22 07:59:58 [32m    LOG[39m [38;5;3m[InstanceLoader] [39m[32mMusicModule dependencies initialized[39m[38;5;3m +1ms[39m
[32m[Nest] 3984  - [39m2026/08/22 07:59:58 [32m    LOG[39m [38;5;3m[RoutesResolver] [39m[32mAphorismController {/api/aphorism}:[39m[38;5;3m +31ms[39m
[32m[Nest] 3984  - [39m2026/08/22 07:59:58 [32m    LOG[39m [38;5;3m[RouterExplorer] [39m[32mMapped {/api/aphorism, GET} route[39m[38;5;3m +2ms[39m
[32m[Nest] 3984  - [39m2026/08/22 07:59:58 [32m    LOG[39m [38;5;3m[RouterExplorer] [39m[32mMapped {/api/aphorism/featured, GET} route[39m[38;5;3m +0ms[39m
[32m[Nest] 3984  - [39m2026/08/22 07:59:58 [32m    LOG[39m [38;5;3m[RouterExplorer] [39m[32mMapped {/api/aphorism/categories, GET} route[39m[38;5;3m +1ms[39m
[32m[Nest] 3984  - [39m2026/08/22 07:59:58 [32m    LOG[39m [38;5;3m[RouterExplorer] [39m[32mMapped {/api/aphorism/tags/hot, GET} route[39m[38;5;3m +0ms[39m
[32m[Nest] 3984  - [39m2026/08/22 07:59:58 [32m    LOG[39m [38;5;3m[RouterExplorer] [39m[32mMapped {/api/aphorism/:id, GET} route[39m[38;5;3m +1ms[39m
[32m[Nest] 3984  - [39m2026/08/22 07:59:58 [32m    LOG[39m [38;5;3m[RoutesResolver] [39m[32mGameController {/api/game}:[39m[38;5;3m +0ms[39m
[32m[Nest] 3984  - [39m2026/08/22 07:59:58 [32m    LOG[39m [38;5;3m[RouterExplorer] [39m[32mMapped {/api/game, GET} route[39m[38;5;3m +1ms[39m
[32m[Nest] 3984  - [39m2026/08/22 07:59:58 [32m    LOG[39m [38;5;3m[RouterExplorer] [39m[32mMapped {/api/game/banners, GET} route[39m[38;5;3m +0ms[39m
[32m[Nest] 3984  - [39m2026/08/22 07:59:58 [32m    LOG[39m [38;5;3m[RouterExplorer] [39m[32mMapped {/api/game/categories, GET} route[39m[38;5;3m +0ms[39m
[32m[Nest] 3984  - [39m2026/08/22 07:59:58 [32m    LOG[39m [38;5;3m[RouterExplorer] [39m[32mMapped {/api/game/tags, GET} route[39m[38;5;3m +1ms[39m
[32m[Nest] 3984  - [39m2026/08/22 07:59:58 [32m    LOG[39m [38;5;3m[RouterExplorer] [39m[32mMapped {/api/game/platforms, GET} route[39m[38;5;3m +0ms[39m
[32m[Nest] 3984  - [39m2026/08/22 07:59:58 [32m    LOG[39m [38;5;3m[RouterExplorer] [39m[32mMapped {/api/game/sale, GET} route[39m[38;5;3m +0ms[39m
[32m[Nest] 3984  - [39m2026/08/22 07:59:58 [32m    LOG[39m [38;5;3m[RouterExplorer] [39m[32mMapped {/api/game/:gameId, GET} route[39m[38;5;3m +0ms[39m
[32m[Nest] 3984  - [39m2026/08/22 07:59:58 [32m    LOG[39m [38;5;3m[RoutesResolver] [39m[32mHistoryController {/api/history}:[39m[38;5;3m +0ms[39m
[32m[Nest] 3984  - [39m2026/08/22 07:59:58 [32m    LOG[39m [38;5;3m[RouterExplorer] [39m[32mMapped {/api/history/dynasties, GET} route[39m[38;5;3m +0ms[39m
[32m[Nest] 3984  - [39m2026/08/22 07:59:58 [32m    LOG[39m [38;5;3m[RouterExplorer] [39m[32mMapped {/api/history/dynasties/:id, GET} route[39m[38;5;3m +0ms[39m
[32m[Nest] 3984  - [39m2026/08/22 07:59:58 [32m    LOG[39m [38;5;3m[RouterExplorer] [39m[32mMapped {/api/history/events, GET} route[39m[38;5;3m +1ms[39m
[32m[Nest] 3984  - [39m2026/08/22 07:59:58 [32m    LOG[39m [38;5;3m[RouterExplorer] [39m[32mMapped {/api/history/events/:id, GET} route[39m[38;5;3m +0ms[39m
[32m[Nest] 3984  - [39m2026/08/22 07:59:58 [32m    LOG[39m [38;5;3m[RouterExplorer] [39m[32mMapped {/api/history/figures, GET} route[39m[38;5;3m +0ms[39m
[32m[Nest] 3984  - [39m2026/08/22 07:59:58 [32m    LOG[39m [38;5;3m[RouterExplorer] [39m[32mMapped {/api/history/figures/:id, GET} route[39m[38;5;3m +1ms[39m
[32m[Nest] 3984  - [39m2026/08/22 07:59:58 [32m    LOG[39m [38;5;3m[RouterExplorer] [39m[32mMapped {/api/history/heritage, GET} route[39m[38;5;3m +0ms[39m
[32m[Nest] 3984  - [39m2026/08/22 07:59:58 [32m    LOG[39m [38;5;3m[RouterExplorer] [39m[32mMapped {/api/history/heritage/:id, GET} route[39m[38;5;3m +0ms[39m
[32m[Nest] 3984  - [39m2026/08/22 07:59:58 [32m    LOG[39m [38;5;3m[RoutesResolver] [39m[32mMuseumController {/api/museum}:[39m[38;5;3m +0ms[39m
[32m[Nest] 3984  - [39m2026/08/22 07:59:58 [32m    LOG[39m [38;5;3m[RouterExplorer] [39m[32mMapped {/api/museum, GET} route[39m[38;5;3m +0ms[39m
[32m[Nest] 3984  - [39m2026/08/22 07:59:58 [32m    LOG[39m [38;5;3m[RouterExplorer] [39m[32mMapped {/api/museum/artifacts, GET} route[39m[38;5;3m +0ms[39m
[32m[Nest] 3984  - [39m2026/08/22 07:59:58 [32m    LOG[39m [38;5;3m[RouterExplorer] [39m[32mMapped {/api/museum/artifacts/:id, GET} route[39m[38;5;3m +1ms[39m
[32m[Nest] 3984  - [39m2026/08/22 07:59:58 [32m    LOG[39m [38;5;3m[RouterExplorer] [39m[32mMapped {/api/museum/artifact-details/:id, GET} route[39m[38;5;3m +0ms[39m
[32m[Nest] 3984  - [39m2026/08/22 07:59:58 [32m    LOG[39m [38;5;3m[RouterExplorer] [39m[32mMapped {/api/museum/exhibitions, GET} route[39m[38;5;3m +0ms[39m
[32m[Nest] 3984  - [39m2026/08/22 07:59:58 [32m    LOG[39m [38;5;3m[RouterExplorer] [39m[32mMapped {/api/museum/activities, GET} route[39m[38;5;3m +1ms[39m
[32m[Nest] 3984  - [39m2026/08/22 07:59:58 [32m    LOG[39m [38;5;3m[RouterExplorer] [39m[32mMapped {/api/museum/news, GET} route[39m[38;5;3m +0ms[39m
[32m[Nest] 3984  - [39m2026/08/22 07:59:58 [32m    LOG[39m [38;5;3m[RouterExplorer] [39m[32mMapped {/api/museum/immersive, GET} route[39m[38;5;3m +0ms[39m
[32m[Nest] 3984  - [39m2026/08/22 07:59:58 [32m    LOG[39m [38;5;3m[RouterExplorer] [39m[32mMapped {/api/museum/creative-products, GET} route[39m[38;5;3m +0ms[39m
[32m[Nest] 3984  - [39m2026/08/22 07:59:58 [32m    LOG[39m [38;5;3m[RouterExplorer] [39m[32mMapped {/api/museum/academic-resources, GET} route[39m[38;5;3m +1ms[39m
[32m[Nest] 3984  - [39m2026/08/22 07:59:58 [32m    LOG[39m [38;5;3m[RouterExplorer] [39m[32mMapped {/api/museum/exhibition-halls, GET} route[39m[38;5;3m +0ms[39m
[32m[Nest] 3984  - [39m2026/08/22 07:59:58 [32m    LOG[39m [38;5;3m[RouterExplorer] [39m[32mMapped {/api/museum/:id/detail, GET} route[39m[38;5;3m +1ms[39m
[32m[Nest] 3984  - [39m2026/08/22 07:59:58 [32m    LOG[39m [38;5;3m[RouterExplorer] [39m[32mMapped {/api/museum/:id, GET} route[39m[38;5;3m +0ms[39m
[32m[Nest] 3984  - [39m2026/08/22 07:59:58 [32m    LOG[39m [38;5;3m[RoutesResolver] [39m[32mLandscapeController {/api/landscape}:[39m[38;5;3m +0ms[39m
[32m[Nest] 3984  - [39m2026/08/22 07:59:58 [32m    LOG[39m [38;5;3m[RouterExplorer] [39m[32mMapped {/api/landscape/photographers, GET} route[39m[38;5;3m +1ms[39m
[32m[Nest] 3984  - [39m2026/08/22 07:59:58 [32m    LOG[39m [38;5;3m[RouterExplorer] [39m[32mMapped {/api/landscape/photographers/:id, GET} route[39m[38;5;3m +0ms[39m
[32m[Nest] 3984  - [39m2026/08/22 07:59:58 [32m    LOG[39m [38;5;3m[RouterExplorer] [39m[32mMapped {/api/landscape/images, GET} route[39m[38;5;3m +0ms[39m
[32m[Nest] 3984  - [39m2026/08/22 07:59:58 [32m    LOG[39m [38;5;3m[RouterExplorer] [39m[32mMapped {/api/landscape/images/:id, GET} route[39m[38;5;3m +1ms[39m
[32m[Nest] 3984  - [39m2026/08/22 07:59:58 [32m    LOG[39m [38;5;3m[RouterExplorer] [39m[32mMapped {/api/landscape/videos, GET} route[39m[38;5;3m +0ms[39m
[32m[Nest] 3984  - [39m2026/08/22 07:59:58 [32m    LOG[39m [38;5;3m[RouterExplorer] [39m[32mMapped {/api/landscape/videos/:id, GET} route[39m[38;5;3m +0ms[39m
[32m[Nest] 3984  - [39m2026/08/22 07:59:58 [32m    LOG[39m [38;5;3m[RouterExplorer] [39m[32mMapped {/api/landscape/guides, GET} route[39m[38;5;3m +0ms[39m
[32m[Nest] 3984  - [39m2026/08/22 07:59:58 [32m    LOG[39m [38;5;3m[RouterExplorer] [39m[32mMapped {/api/landscape/guides/:id, GET} route[39m[38;5;3m +0ms[39m
[32m[Nest] 3984  - [39m2026/08/22 07:59:58 [32m    LOG[39m [38;5;3m[RouterExplorer] [39m[32mMapped {/api/landscape/hot-topics, GET} route[39m[38;5;3m +0ms[39m
[32m[Nest] 3984  - [39m2026/08/22 07:59:58 [32m    LOG[39m [38;5;3m[RouterExplorer] [39m[32mMapped {/api/landscape/popular-destinations, GET} route[39m[38;5;3m +0ms[39m
[32m[Nest] 3984  - [39m2026/08/22 07:59:58 [32m    LOG[39m [38;5;3m[RoutesResolver] [39m[32mMusicController {/api/music}:[39m[38;5;3m +0ms[39m
[32m[Nest] 3984  - [39m2026/08/22 07:59:58 [32m    LOG[39m [38;5;3m[RouterExplorer] [39m[32mMapped {/api/music/songs, GET} route[39m[38;5;3m +1ms[39m
[32m[Nest] 3984  - [39m2026/08/22 07:59:58 [32m    LOG[39m [38;5;3m[RouterExplorer] [39m[32mMapped {/api/music/songs/:id, GET} route[39m[38;5;3m +0ms[39m
[32m[Nest] 3984  - [39m2026/08/22 07:59:58 [32m    LOG[39m [38;5;3m[RouterExplorer] [39m[32mMapped {/api/music/artists, GET} route[39m[38;5;3m +0ms[39m
[32m[Nest] 3984  - [39m2026/08/22 07:59:58 [32m    LOG[39m [38;5;3m[RouterExplorer] [39m[32mMapped {/api/music/artists/:id, GET} route[39m[38;5;3m +0ms[39m
[32m[Nest] 3984  - [39m2026/08/22 07:59:58 [32m    LOG[39m [38;5;3m[RouterExplorer] [39m[32mMapped {/api/music/albums, GET} route[39m[38;5;3m +0ms[39m
[32m[Nest] 3984  - [39m2026/08/22 07:59:58 [32m    LOG[39m [38;5;3m[RouterExplorer] [39m[32mMapped {/api/music/albums/:id, GET} route[39m[38;5;3m +0ms[39m
[32m[Nest] 3984  - [39m2026/08/22 07:59:58 [32m    LOG[39m [38;5;3m[RouterExplorer] [39m[32mMapped {/api/music/playlists, GET} route[39m[38;5;3m +1ms[39m
[32m[Nest] 3984  - [39m2026/08/22 07:59:58 [32m    LOG[39m [38;5;3m[RouterExplorer] [39m[32mMapped {/api/music/playlists/:id, GET} route[39m[38;5;3m +0ms[39m
[32m[Nest] 3984  - [39m2026/08/22 07:59:58 [32m    LOG[39m [38;5;3m[RouterExplorer] [39m[32mMapped {/api/music/bundles, GET} route[39m[38;5;3m +0ms[39m
[32m[Nest] 3984  - [39m2026/08/22 07:59:58 [32m    LOG[39m [38;5;3m[RoutesResolver] [39m[32mTravelGuideController {/api/travel-guide}:[39m[38;5;3m +0ms[39m
[32m[Nest] 3984  - [39m2026/08/22 07:59:58 [32m    LOG[39m [38;5;3m[RouterExplorer] [39m[32mMapped {/api/travel-guide/provinces, GET} route[39m[38;5;3m +0ms[39m
[32m[Nest] 3984  - [39m2026/08/22 07:59:58 [32m    LOG[39m [38;5;3m[RouterExplorer] [39m[32mMapped {/api/travel-guide/provinces/:id, GET} route[39m[38;5;3m +1ms[39m
[32m[Nest] 3984  - [39m2026/08/22 07:59:58 [32m    LOG[39m [38;5;3m[RouterExplorer] [39m[32mMapped {/api/travel-guide/regions, GET} route[39m[38;5;3m +1ms[39m
[32m[Nest] 3984  - [39m2026/08/22 07:59:58 [32m    LOG[39m [38;5;3m[RouterExplorer] [39m[32mMapped {/api/travel-guide/scenery/:provinceId, GET} route[39m[38;5;3m +0ms[39m
[32m[Nest] 3984  - [39m2026/08/22 07:59:58 [32m    LOG[39m [38;5;3m[RouterExplorer] [39m[32mMapped {/api/travel-guide/food/:provinceId, GET} route[39m[38;5;3m +1ms[39m
[32m[Nest] 3984  - [39m2026/08/22 07:59:58 [32m    LOG[39m [38;5;3m[NestApplication] [39m[32mNest application successfully started[39m[38;5;3m +2ms[39m
[32m[Nest] 3984  - [39m2026/08/22 07:59:58 [32m    LOG[39m [38;5;3m[Bootstrap] [39m[32m🚀 后端服务已启动: http://localhost:3000[39m
[32m[Nest] 3984  - [39m2026/08/22 07:59:58 [32m    LOG[39m [38;5;3m[Bootstrap] [39m[32m📚 API 文档: http://localhost:3000/api/docs[39m
query: SELECT `m`.`id` AS `m_id`, `m`.`name` AS `m_name`, `m`.`province` AS `m_province`, `m`.`type` AS `m_type`, `m`.`image` AS `m_image`, `m`.`description` AS `m_description`, `m`.`artifacts_count` AS `m_artifacts_count`, `m`.`exhibitions_count` AS `m_exhibitions_count`, `m`.`visitors` AS `m_visitors`, `m`.`features` AS `m_features`, `m`.`is_active` AS `m_is_active`, `m`.`created_at` AS `m_created_at`, `m`.`updated_at` AS `m_updated_at` FROM `museum` `m` WHERE `m`.`is_active` = ? ORDER BY `m`.`id` ASC LIMIT 200 OFFSET 0 -- PARAMETERS: [true]
query: SELECT `m`.`id` AS `m_id`, `m`.`name` AS `m_name`, `m`.`province` AS `m_province`, `m`.`type` AS `m_type`, `m`.`image` AS `m_image`, `m`.`description` AS `m_description`, `m`.`artifacts_count` AS `m_artifacts_count`, `m`.`exhibitions_count` AS `m_exhibitions_count`, `m`.`visitors` AS `m_visitors`, `m`.`features` AS `m_features`, `m`.`is_active` AS `m_is_active`, `m`.`created_at` AS `m_created_at`, `m`.`updated_at` AS `m_updated_at` FROM `museum` `m` WHERE `m`.`is_active` = ? ORDER BY `m`.`id` ASC LIMIT 200 OFFSET 0 -- PARAMETERS: [true]
query: SELECT `a`.`id` AS `a_id`, `a`.`museum_id` AS `a_museum_id`, `a`.`name` AS `a_name`, `a`.`period` AS `a_period`, `a`.`image` AS `a_image`, `a`.`description` AS `a_description`, `a`.`category` AS `a_category`, `a`.`basic_info` AS `a_basic_info`, `a`.`appearance` AS `a_appearance`, `a`.`historical_value` AS `a_historical_value`, `a`.`is_active` AS `a_is_active`, `a`.`created_at` AS `a_created_at`, `a`.`updated_at` AS `a_updated_at` FROM `museum_artifact` `a` WHERE `a`.`is_active` = ? ORDER BY `a`.`id` ASC LIMIT 500 OFFSET 0 -- PARAMETERS: [true]
query: SELECT `a`.`id` AS `a_id`, `a`.`museum_id` AS `a_museum_id`, `a`.`title` AS `a_title`, `a`.`description` AS `a_description`, `a`.`date` AS `a_date`, `a`.`time` AS `a_time`, `a`.`location` AS `a_location`, `a`.`image` AS `a_image`, `a`.`is_active` AS `a_is_active`, `a`.`created_at` AS `a_created_at`, `a`.`updated_at` AS `a_updated_at` FROM `museum_activity` `a` WHERE `a`.`is_active` = ? ORDER BY `a`.`id` ASC LIMIT 500 OFFSET 0 -- PARAMETERS: [true]
query: SELECT `n`.`id` AS `n_id`, `n`.`museum_id` AS `n_museum_id`, `n`.`title` AS `n_title`, `n`.`description` AS `n_description`, `n`.`date` AS `n_date`, `n`.`image` AS `n_image`, `n`.`is_active` AS `n_is_active`, `n`.`created_at` AS `n_created_at`, `n`.`updated_at` AS `n_updated_at` FROM `museum_news` `n` WHERE `n`.`is_active` = ? ORDER BY `n`.`id` ASC LIMIT 500 OFFSET 0 -- PARAMETERS: [true]
query: SELECT `i`.`id` AS `i_id`, `i`.`museum_id` AS `i_museum_id`, `i`.`title` AS `i_title`, `i`.`description` AS `i_description`, `i`.`image` AS `i_image`, `i`.`is_active` AS `i_is_active`, `i`.`created_at` AS `i_created_at`, `i`.`updated_at` AS `i_updated_at` FROM `museum_immersive` `i` WHERE `i`.`is_active` = ? ORDER BY `i`.`id` ASC LIMIT 500 OFFSET 0 -- PARAMETERS: [true]
query: SELECT `e`.`id` AS `e_id`, `e`.`museum_id` AS `e_museum_id`, `e`.`title` AS `e_title`, `e`.`description` AS `e_description`, `e`.`date` AS `e_date`, `e`.`image` AS `e_image`, `e`.`location` AS `e_location`, `e`.`category` AS `e_category`, `e`.`status` AS `e_status`, `e`.`status_text` AS `e_status_text`, `e`.`tags` AS `e_tags`, `e`.`curator` AS `e_curator`, `e`.`scale` AS `e_scale`, `e`.`visitors` AS `e_visitors`, `e`.`background` AS `e_background`, `e`.`is_active` AS `e_is_active`, `e`.`created_at` AS `e_created_at`, `e`.`updated_at` AS `e_updated_at` FROM `museum_exhibition` `e` WHERE `e`.`is_active` = ? ORDER BY `e`.`id` ASC LIMIT 500 OFFSET 0 -- PARAMETERS: [true]
query: SELECT `c`.`id` AS `c_id`, `c`.`museum_id` AS `c_museum_id`, `c`.`name` AS `c_name`, `c`.`description` AS `c_description`, `c`.`price` AS `c_price`, `c`.`image` AS `c_image`, `c`.`category` AS `c_category`, `c`.`is_active` AS `c_is_active`, `c`.`created_at` AS `c_created_at`, `c`.`updated_at` AS `c_updated_at` FROM `museum_creative_product` `c` WHERE `c`.`is_active` = ? ORDER BY `c`.`id` ASC LIMIT 500 OFFSET 0 -- PARAMETERS: [true]
query: SELECT `r`.`id` AS `r_id`, `r`.`museum_id` AS `r_museum_id`, `r`.`title` AS `r_title`, `r`.`author` AS `r_author`, `r`.`date` AS `r_date`, `r`.`type` AS `r_type`, `r`.`description` AS `r_description`, `r`.`link` AS `r_link`, `r`.`is_active` AS `r_is_active`, `r`.`created_at` AS `r_created_at`, `r`.`updated_at` AS `r_updated_at` FROM `museum_academic_resource` `r` WHERE `r`.`is_active` = ? ORDER BY `r`.`id` ASC LIMIT 500 OFFSET 0 -- PARAMETERS: [true]
query: SELECT `h`.`id` AS `h_id`, `h`.`hall_id` AS `h_hall_id`, `h`.`museum_id` AS `h_museum_id`, `h`.`name` AS `h_name`, `h`.`icon` AS `h_icon`, `h`.`category` AS `h_category`, `h`.`cover_image` AS `h_cover_image`, `h`.`introduction` AS `h_introduction`, `h`.`stats` AS `h_stats`, `h`.`location` AS `h_location`, `h`.`open_time` AS `h_open_time`, `h`.`duration` AS `h_duration`, `h`.`ticket` AS `h_ticket`, `h`.`artifacts` AS `h_artifacts`, `h`.`exhibitions` AS `h_exhibitions`, `h`.`recommendations` AS `h_recommendations`, `h`.`is_active` AS `h_is_active`, `h`.`created_at` AS `h_created_at`, `h`.`updated_at` AS `h_updated_at` FROM `museum_exhibition_hall` `h` WHERE `h`.`is_active` = ? ORDER BY `h`.`id` ASC LIMIT 500 OFFSET 0 -- PARAMETERS: [true]
query: SELECT `m`.`id` AS `m_id`, `m`.`name` AS `m_name`, `m`.`province` AS `m_province`, `m`.`type` AS `m_type`, `m`.`image` AS `m_image`, `m`.`description` AS `m_description`, `m`.`artifacts_count` AS `m_artifacts_count`, `m`.`exhibitions_count` AS `m_exhibitions_count`, `m`.`visitors` AS `m_visitors`, `m`.`features` AS `m_features`, `m`.`is_active` AS `m_is_active`, `m`.`created_at` AS `m_created_at`, `m`.`updated_at` AS `m_updated_at` FROM `museum` `m` WHERE `m`.`is_active` = ? ORDER BY `m`.`id` ASC LIMIT 200 OFFSET 0 -- PARAMETERS: [true]
query: SELECT `a`.`id` AS `a_id`, `a`.`museum_id` AS `a_museum_id`, `a`.`name` AS `a_name`, `a`.`period` AS `a_period`, `a`.`image` AS `a_image`, `a`.`description` AS `a_description`, `a`.`category` AS `a_category`, `a`.`basic_info` AS `a_basic_info`, `a`.`appearance` AS `a_appearance`, `a`.`historical_value` AS `a_historical_value`, `a`.`is_active` AS `a_is_active`, `a`.`created_at` AS `a_created_at`, `a`.`updated_at` AS `a_updated_at` FROM `museum_artifact` `a` WHERE `a`.`is_active` = ? ORDER BY `a`.`id` ASC LIMIT 500 OFFSET 0 -- PARAMETERS: [true]
query: SELECT `e`.`id` AS `e_id`, `e`.`museum_id` AS `e_museum_id`, `e`.`title` AS `e_title`, `e`.`description` AS `e_description`, `e`.`date` AS `e_date`, `e`.`image` AS `e_image`, `e`.`location` AS `e_location`, `e`.`category` AS `e_category`, `e`.`status` AS `e_status`, `e`.`status_text` AS `e_status_text`, `e`.`tags` AS `e_tags`, `e`.`curator` AS `e_curator`, `e`.`scale` AS `e_scale`, `e`.`visitors` AS `e_visitors`, `e`.`background` AS `e_background`, `e`.`is_active` AS `e_is_active`, `e`.`created_at` AS `e_created_at`, `e`.`updated_at` AS `e_updated_at` FROM `museum_exhibition` `e` WHERE `e`.`is_active` = ? ORDER BY `e`.`id` ASC LIMIT 500 OFFSET 0 -- PARAMETERS: [true]
query: SELECT `a`.`id` AS `a_id`, `a`.`museum_id` AS `a_museum_id`, `a`.`title` AS `a_title`, `a`.`description` AS `a_description`, `a`.`date` AS `a_date`, `a`.`time` AS `a_time`, `a`.`location` AS `a_location`, `a`.`image` AS `a_image`, `a`.`is_active` AS `a_is_active`, `a`.`created_at` AS `a_created_at`, `a`.`updated_at` AS `a_updated_at` FROM `museum_activity` `a` WHERE `a`.`is_active` = ? ORDER BY `a`.`id` ASC LIMIT 500 OFFSET 0 -- PARAMETERS: [true]
query: SELECT `n`.`id` AS `n_id`, `n`.`museum_id` AS `n_museum_id`, `n`.`title` AS `n_title`, `n`.`description` AS `n_description`, `n`.`date` AS `n_date`, `n`.`image` AS `n_image`, `n`.`is_active` AS `n_is_active`, `n`.`created_at` AS `n_created_at`, `n`.`updated_at` AS `n_updated_at` FROM `museum_news` `n` WHERE `n`.`is_active` = ? ORDER BY `n`.`id` ASC LIMIT 500 OFFSET 0 -- PARAMETERS: [true]
query: SELECT `i`.`id` AS `i_id`, `i`.`museum_id` AS `i_museum_id`, `i`.`title` AS `i_title`, `i`.`description` AS `i_description`, `i`.`image` AS `i_image`, `i`.`is_active` AS `i_is_active`, `i`.`created_at` AS `i_created_at`, `i`.`updated_at` AS `i_updated_at` FROM `museum_immersive` `i` WHERE `i`.`is_active` = ? ORDER BY `i`.`id` ASC LIMIT 500 OFFSET 0 -- PARAMETERS: [true]
query: SELECT `c`.`id` AS `c_id`, `c`.`museum_id` AS `c_museum_id`, `c`.`name` AS `c_name`, `c`.`description` AS `c_description`, `c`.`price` AS `c_price`, `c`.`image` AS `c_image`, `c`.`category` AS `c_category`, `c`.`is_active` AS `c_is_active`, `c`.`created_at` AS `c_created_at`, `c`.`updated_at` AS `c_updated_at` FROM `museum_creative_product` `c` WHERE `c`.`is_active` = ? ORDER BY `c`.`id` ASC LIMIT 500 OFFSET 0 -- PARAMETERS: [true]
query: SELECT `r`.`id` AS `r_id`, `r`.`museum_id` AS `r_museum_id`, `r`.`title` AS `r_title`, `r`.`author` AS `r_author`, `r`.`date` AS `r_date`, `r`.`type` AS `r_type`, `r`.`description` AS `r_description`, `r`.`link` AS `r_link`, `r`.`is_active` AS `r_is_active`, `r`.`created_at` AS `r_created_at`, `r`.`updated_at` AS `r_updated_at` FROM `museum_academic_resource` `r` WHERE `r`.`is_active` = ? ORDER BY `r`.`id` ASC LIMIT 500 OFFSET 0 -- PARAMETERS: [true]
query: SELECT `h`.`id` AS `h_id`, `h`.`hall_id` AS `h_hall_id`, `h`.`museum_id` AS `h_museum_id`, `h`.`name` AS `h_name`, `h`.`icon` AS `h_icon`, `h`.`category` AS `h_category`, `h`.`cover_image` AS `h_cover_image`, `h`.`introduction` AS `h_introduction`, `h`.`stats` AS `h_stats`, `h`.`location` AS `h_location`, `h`.`open_time` AS `h_open_time`, `h`.`duration` AS `h_duration`, `h`.`ticket` AS `h_ticket`, `h`.`artifacts` AS `h_artifacts`, `h`.`exhibitions` AS `h_exhibitions`, `h`.`recommendations` AS `h_recommendations`, `h`.`is_active` AS `h_is_active`, `h`.`created_at` AS `h_created_at`, `h`.`updated_at` AS `h_updated_at` FROM `museum_exhibition_hall` `h` WHERE `h`.`is_active` = ? ORDER BY `h`.`id` ASC LIMIT 500 OFFSET 0 -- PARAMETERS: [true]
query: SELECT `m`.`id` AS `m_id`, `m`.`name` AS `m_name`, `m`.`province` AS `m_province`, `m`.`type` AS `m_type`, `m`.`image` AS `m_image`, `m`.`description` AS `m_description`, `m`.`artifacts_count` AS `m_artifacts_count`, `m`.`exhibitions_count` AS `m_exhibitions_count`, `m`.`visitors` AS `m_visitors`, `m`.`features` AS `m_features`, `m`.`is_active` AS `m_is_active`, `m`.`created_at` AS `m_created_at`, `m`.`updated_at` AS `m_updated_at` FROM `museum` `m` WHERE `m`.`is_active` = ? ORDER BY `m`.`id` ASC LIMIT 200 OFFSET 0 -- PARAMETERS: [true]
query: SELECT `a`.`id` AS `a_id`, `a`.`museum_id` AS `a_museum_id`, `a`.`name` AS `a_name`, `a`.`period` AS `a_period`, `a`.`image` AS `a_image`, `a`.`description` AS `a_description`, `a`.`category` AS `a_category`, `a`.`basic_info` AS `a_basic_info`, `a`.`appearance` AS `a_appearance`, `a`.`historical_value` AS `a_historical_value`, `a`.`is_active` AS `a_is_active`, `a`.`created_at` AS `a_created_at`, `a`.`updated_at` AS `a_updated_at` FROM `museum_artifact` `a` WHERE `a`.`is_active` = ? ORDER BY `a`.`id` ASC LIMIT 500 OFFSET 0 -- PARAMETERS: [true]
query: SELECT `e`.`id` AS `e_id`, `e`.`museum_id` AS `e_museum_id`, `e`.`title` AS `e_title`, `e`.`description` AS `e_description`, `e`.`date` AS `e_date`, `e`.`image` AS `e_image`, `e`.`location` AS `e_location`, `e`.`category` AS `e_category`, `e`.`status` AS `e_status`, `e`.`status_text` AS `e_status_text`, `e`.`tags` AS `e_tags`, `e`.`curator` AS `e_curator`, `e`.`scale` AS `e_scale`, `e`.`visitors` AS `e_visitors`, `e`.`background` AS `e_background`, `e`.`is_active` AS `e_is_active`, `e`.`created_at` AS `e_created_at`, `e`.`updated_at` AS `e_updated_at` FROM `museum_exhibition` `e` WHERE `e`.`is_active` = ? ORDER BY `e`.`id` ASC LIMIT 500 OFFSET 0 -- PARAMETERS: [true]
query: SELECT `a`.`id` AS `a_id`, `a`.`museum_id` AS `a_museum_id`, `a`.`title` AS `a_title`, `a`.`description` AS `a_description`, `a`.`date` AS `a_date`, `a`.`time` AS `a_time`, `a`.`location` AS `a_location`, `a`.`image` AS `a_image`, `a`.`is_active` AS `a_is_active`, `a`.`created_at` AS `a_created_at`, `a`.`updated_at` AS `a_updated_at` FROM `museum_activity` `a` WHERE `a`.`is_active` = ? ORDER BY `a`.`id` ASC LIMIT 500 OFFSET 0 -- PARAMETERS: [true]
query: SELECT `i`.`id` AS `i_id`, `i`.`museum_id` AS `i_museum_id`, `i`.`title` AS `i_title`, `i`.`description` AS `i_description`, `i`.`image` AS `i_image`, `i`.`is_active` AS `i_is_active`, `i`.`created_at` AS `i_created_at`, `i`.`updated_at` AS `i_updated_at` FROM `museum_immersive` `i` WHERE `i`.`is_active` = ? ORDER BY `i`.`id` ASC LIMIT 500 OFFSET 0 -- PARAMETERS: [true]
query: SELECT `n`.`id` AS `n_id`, `n`.`museum_id` AS `n_museum_id`, `n`.`title` AS `n_title`, `n`.`description` AS `n_description`, `n`.`date` AS `n_date`, `n`.`image` AS `n_image`, `n`.`is_active` AS `n_is_active`, `n`.`created_at` AS `n_created_at`, `n`.`updated_at` AS `n_updated_at` FROM `museum_news` `n` WHERE `n`.`is_active` = ? ORDER BY `n`.`id` ASC LIMIT 500 OFFSET 0 -- PARAMETERS: [true]
query: SELECT `r`.`id` AS `r_id`, `r`.`museum_id` AS `r_museum_id`, `r`.`title` AS `r_title`, `r`.`author` AS `r_author`, `r`.`date` AS `r_date`, `r`.`type` AS `r_type`, `r`.`description` AS `r_description`, `r`.`link` AS `r_link`, `r`.`is_active` AS `r_is_active`, `r`.`created_at` AS `r_created_at`, `r`.`updated_at` AS `r_updated_at` FROM `museum_academic_resource` `r` WHERE `r`.`is_active` = ? ORDER BY `r`.`id` ASC LIMIT 500 OFFSET 0 -- PARAMETERS: [true]
query: SELECT `c`.`id` AS `c_id`, `c`.`museum_id` AS `c_museum_id`, `c`.`name` AS `c_name`, `c`.`description` AS `c_description`, `c`.`price` AS `c_price`, `c`.`image` AS `c_image`, `c`.`category` AS `c_category`, `c`.`is_active` AS `c_is_active`, `c`.`created_at` AS `c_created_at`, `c`.`updated_at` AS `c_updated_at` FROM `museum_creative_product` `c` WHERE `c`.`is_active` = ? ORDER BY `c`.`id` ASC LIMIT 500 OFFSET 0 -- PARAMETERS: [true]
query: SELECT `h`.`id` AS `h_id`, `h`.`hall_id` AS `h_hall_id`, `h`.`museum_id` AS `h_museum_id`, `h`.`name` AS `h_name`, `h`.`icon` AS `h_icon`, `h`.`category` AS `h_category`, `h`.`cover_image` AS `h_cover_image`, `h`.`introduction` AS `h_introduction`, `h`.`stats` AS `h_stats`, `h`.`location` AS `h_location`, `h`.`open_time` AS `h_open_time`, `h`.`duration` AS `h_duration`, `h`.`ticket` AS `h_ticket`, `h`.`artifacts` AS `h_artifacts`, `h`.`exhibitions` AS `h_exhibitions`, `h`.`recommendations` AS `h_recommendations`, `h`.`is_active` AS `h_is_active`, `h`.`created_at` AS `h_created_at`, `h`.`updated_at` AS `h_updated_at` FROM `museum_exhibition_hall` `h` WHERE `h`.`is_active` = ? ORDER BY `h`.`id` ASC LIMIT 500 OFFSET 0 -- PARAMETERS: [true]
query: SELECT `m`.`id` AS `m_id`, `m`.`name` AS `m_name`, `m`.`province` AS `m_province`, `m`.`type` AS `m_type`, `m`.`image` AS `m_image`, `m`.`description` AS `m_description`, `m`.`artifacts_count` AS `m_artifacts_count`, `m`.`exhibitions_count` AS `m_exhibitions_count`, `m`.`visitors` AS `m_visitors`, `m`.`features` AS `m_features`, `m`.`is_active` AS `m_is_active`, `m`.`created_at` AS `m_created_at`, `m`.`updated_at` AS `m_updated_at` FROM `museum` `m` WHERE `m`.`is_active` = ? ORDER BY `m`.`id` ASC LIMIT 200 OFFSET 0 -- PARAMETERS: [true]
query: SELECT `a`.`id` AS `a_id`, `a`.`museum_id` AS `a_museum_id`, `a`.`name` AS `a_name`, `a`.`period` AS `a_period`, `a`.`image` AS `a_image`, `a`.`description` AS `a_description`, `a`.`category` AS `a_category`, `a`.`basic_info` AS `a_basic_info`, `a`.`appearance` AS `a_appearance`, `a`.`historical_value` AS `a_historical_value`, `a`.`is_active` AS `a_is_active`, `a`.`created_at` AS `a_created_at`, `a`.`updated_at` AS `a_updated_at` FROM `museum_artifact` `a` WHERE `a`.`is_active` = ? ORDER BY `a`.`id` ASC LIMIT 500 OFFSET 0 -- PARAMETERS: [true]
query: SELECT `e`.`id` AS `e_id`, `e`.`museum_id` AS `e_museum_id`, `e`.`title` AS `e_title`, `e`.`description` AS `e_description`, `e`.`date` AS `e_date`, `e`.`image` AS `e_image`, `e`.`location` AS `e_location`, `e`.`category` AS `e_category`, `e`.`status` AS `e_status`, `e`.`status_text` AS `e_status_text`, `e`.`tags` AS `e_tags`, `e`.`curator` AS `e_curator`, `e`.`scale` AS `e_scale`, `e`.`visitors` AS `e_visitors`, `e`.`background` AS `e_background`, `e`.`is_active` AS `e_is_active`, `e`.`created_at` AS `e_created_at`, `e`.`updated_at` AS `e_updated_at` FROM `museum_exhibition` `e` WHERE `e`.`is_active` = ? ORDER BY `e`.`id` ASC LIMIT 500 OFFSET 0 -- PARAMETERS: [true]
query: SELECT `a`.`id` AS `a_id`, `a`.`museum_id` AS `a_museum_id`, `a`.`title` AS `a_title`, `a`.`description` AS `a_description`, `a`.`date` AS `a_date`, `a`.`time` AS `a_time`, `a`.`location` AS `a_location`, `a`.`image` AS `a_image`, `a`.`is_active` AS `a_is_active`, `a`.`created_at` AS `a_created_at`, `a`.`updated_at` AS `a_updated_at` FROM `museum_activity` `a` WHERE `a`.`is_active` = ? ORDER BY `a`.`id` ASC LIMIT 500 OFFSET 0 -- PARAMETERS: [true]
query: SELECT `n`.`id` AS `n_id`, `n`.`museum_id` AS `n_museum_id`, `n`.`title` AS `n_title`, `n`.`description` AS `n_description`, `n`.`date` AS `n_date`, `n`.`image` AS `n_image`, `n`.`is_active` AS `n_is_active`, `n`.`created_at` AS `n_created_at`, `n`.`updated_at` AS `n_updated_at` FROM `museum_news` `n` WHERE `n`.`is_active` = ? ORDER BY `n`.`id` ASC LIMIT 500 OFFSET 0 -- PARAMETERS: [true]
query: SELECT `i`.`id` AS `i_id`, `i`.`museum_id` AS `i_museum_id`, `i`.`title` AS `i_title`, `i`.`description` AS `i_description`, `i`.`image` AS `i_image`, `i`.`is_active` AS `i_is_active`, `i`.`created_at` AS `i_created_at`, `i`.`updated_at` AS `i_updated_at` FROM `museum_immersive` `i` WHERE `i`.`is_active` = ? ORDER BY `i`.`id` ASC LIMIT 500 OFFSET 0 -- PARAMETERS: [true]
query: SELECT `c`.`id` AS `c_id`, `c`.`museum_id` AS `c_museum_id`, `c`.`name` AS `c_name`, `c`.`description` AS `c_description`, `c`.`price` AS `c_price`, `c`.`image` AS `c_image`, `c`.`category` AS `c_category`, `c`.`is_active` AS `c_is_active`, `c`.`created_at` AS `c_created_at`, `c`.`updated_at` AS `c_updated_at` FROM `museum_creative_product` `c` WHERE `c`.`is_active` = ? ORDER BY `c`.`id` ASC LIMIT 500 OFFSET 0 -- PARAMETERS: [true]
query: SELECT `r`.`id` AS `r_id`, `r`.`museum_id` AS `r_museum_id`, `r`.`title` AS `r_title`, `r`.`author` AS `r_author`, `r`.`date` AS `r_date`, `r`.`type` AS `r_type`, `r`.`description` AS `r_description`, `r`.`link` AS `r_link`, `r`.`is_active` AS `r_is_active`, `r`.`created_at` AS `r_created_at`, `r`.`updated_at` AS `r_updated_at` FROM `museum_academic_resource` `r` WHERE `r`.`is_active` = ? ORDER BY `r`.`id` ASC LIMIT 500 OFFSET 0 -- PARAMETERS: [true]
query: SELECT `h`.`id` AS `h_id`, `h`.`hall_id` AS `h_hall_id`, `h`.`museum_id` AS `h_museum_id`, `h`.`name` AS `h_name`, `h`.`icon` AS `h_icon`, `h`.`category` AS `h_category`, `h`.`cover_image` AS `h_cover_image`, `h`.`introduction` AS `h_introduction`, `h`.`stats` AS `h_stats`, `h`.`location` AS `h_location`, `h`.`open_time` AS `h_open_time`, `h`.`duration` AS `h_duration`, `h`.`ticket` AS `h_ticket`, `h`.`artifacts` AS `h_artifacts`, `h`.`exhibitions` AS `h_exhibitions`, `h`.`recommendations` AS `h_recommendations`, `h`.`is_active` AS `h_is_active`, `h`.`created_at` AS `h_created_at`, `h`.`updated_at` AS `h_updated_at` FROM `museum_exhibition_hall` `h` WHERE `h`.`is_active` = ? ORDER BY `h`.`id` ASC LIMIT 500 OFFSET 0 -- PARAMETERS: [true]
query: SELECT `MuseumDetail`.`id` AS `MuseumDetail_id`, `MuseumDetail`.`museum_id` AS `MuseumDetail_museum_id`, `MuseumDetail`.`visit_info` AS `MuseumDetail_visit_info`, `MuseumDetail`.`history` AS `MuseumDetail_history`, `MuseumDetail`.`architecture` AS `MuseumDetail_architecture`, `MuseumDetail`.`highlights` AS `MuseumDetail_highlights`, `MuseumDetail`.`education` AS `MuseumDetail_education`, `MuseumDetail`.`is_active` AS `MuseumDetail_is_active`, `MuseumDetail`.`created_at` AS `MuseumDetail_created_at`, `MuseumDetail`.`updated_at` AS `MuseumDetail_updated_at` FROM `museum_detail` `MuseumDetail` WHERE ((`MuseumDetail`.`museum_id` = ?) AND (`MuseumDetail`.`is_active` = ?)) LIMIT 1 -- PARAMETERS: [25,true]
query: SELECT `m`.`id` AS `m_id`, `m`.`name` AS `m_name`, `m`.`province` AS `m_province`, `m`.`type` AS `m_type`, `m`.`image` AS `m_image`, `m`.`description` AS `m_description`, `m`.`artifacts_count` AS `m_artifacts_count`, `m`.`exhibitions_count` AS `m_exhibitions_count`, `m`.`visitors` AS `m_visitors`, `m`.`features` AS `m_features`, `m`.`is_active` AS `m_is_active`, `m`.`created_at` AS `m_created_at`, `m`.`updated_at` AS `m_updated_at` FROM `museum` `m` WHERE `m`.`is_active` = ? ORDER BY `m`.`id` ASC LIMIT 200 OFFSET 0 -- PARAMETERS: [true]
query: SELECT `a`.`id` AS `a_id`, `a`.`museum_id` AS `a_museum_id`, `a`.`name` AS `a_name`, `a`.`period` AS `a_period`, `a`.`image` AS `a_image`, `a`.`description` AS `a_description`, `a`.`category` AS `a_category`, `a`.`basic_info` AS `a_basic_info`, `a`.`appearance` AS `a_appearance`, `a`.`historical_value` AS `a_historical_value`, `a`.`is_active` AS `a_is_active`, `a`.`created_at` AS `a_created_at`, `a`.`updated_at` AS `a_updated_at` FROM `museum_artifact` `a` WHERE `a`.`is_active` = ? ORDER BY `a`.`id` ASC LIMIT 500 OFFSET 0 -- PARAMETERS: [true]
query: SELECT `e`.`id` AS `e_id`, `e`.`museum_id` AS `e_museum_id`, `e`.`title` AS `e_title`, `e`.`description` AS `e_description`, `e`.`date` AS `e_date`, `e`.`image` AS `e_image`, `e`.`location` AS `e_location`, `e`.`category` AS `e_category`, `e`.`status` AS `e_status`, `e`.`status_text` AS `e_status_text`, `e`.`tags` AS `e_tags`, `e`.`curator` AS `e_curator`, `e`.`scale` AS `e_scale`, `e`.`visitors` AS `e_visitors`, `e`.`background` AS `e_background`, `e`.`is_active` AS `e_is_active`, `e`.`created_at` AS `e_created_at`, `e`.`updated_at` AS `e_updated_at` FROM `museum_exhibition` `e` WHERE `e`.`is_active` = ? ORDER BY `e`.`id` ASC LIMIT 500 OFFSET 0 -- PARAMETERS: [true]
query: SELECT `a`.`id` AS `a_id`, `a`.`museum_id` AS `a_museum_id`, `a`.`title` AS `a_title`, `a`.`description` AS `a_description`, `a`.`date` AS `a_date`, `a`.`time` AS `a_time`, `a`.`location` AS `a_location`, `a`.`image` AS `a_image`, `a`.`is_active` AS `a_is_active`, `a`.`created_at` AS `a_created_at`, `a`.`updated_at` AS `a_updated_at` FROM `museum_activity` `a` WHERE `a`.`is_active` = ? ORDER BY `a`.`id` ASC LIMIT 500 OFFSET 0 -- PARAMETERS: [true]
query: SELECT `n`.`id` AS `n_id`, `n`.`museum_id` AS `n_museum_id`, `n`.`title` AS `n_title`, `n`.`description` AS `n_description`, `n`.`date` AS `n_date`, `n`.`image` AS `n_image`, `n`.`is_active` AS `n_is_active`, `n`.`created_at` AS `n_created_at`, `n`.`updated_at` AS `n_updated_at` FROM `museum_news` `n` WHERE `n`.`is_active` = ? ORDER BY `n`.`id` ASC LIMIT 500 OFFSET 0 -- PARAMETERS: [true]
query: SELECT `i`.`id` AS `i_id`, `i`.`museum_id` AS `i_museum_id`, `i`.`title` AS `i_title`, `i`.`description` AS `i_description`, `i`.`image` AS `i_image`, `i`.`is_active` AS `i_is_active`, `i`.`created_at` AS `i_created_at`, `i`.`updated_at` AS `i_updated_at` FROM `museum_immersive` `i` WHERE `i`.`is_active` = ? ORDER BY `i`.`id` ASC LIMIT 500 OFFSET 0 -- PARAMETERS: [true]
query: SELECT `c`.`id` AS `c_id`, `c`.`museum_id` AS `c_museum_id`, `c`.`name` AS `c_name`, `c`.`description` AS `c_description`, `c`.`price` AS `c_price`, `c`.`image` AS `c_image`, `c`.`category` AS `c_category`, `c`.`is_active` AS `c_is_active`, `c`.`created_at` AS `c_created_at`, `c`.`updated_at` AS `c_updated_at` FROM `museum_creative_product` `c` WHERE `c`.`is_active` = ? ORDER BY `c`.`id` ASC LIMIT 500 OFFSET 0 -- PARAMETERS: [true]
query: SELECT `r`.`id` AS `r_id`, `r`.`museum_id` AS `r_museum_id`, `r`.`title` AS `r_title`, `r`.`author` AS `r_author`, `r`.`date` AS `r_date`, `r`.`type` AS `r_type`, `r`.`description` AS `r_description`, `r`.`link` AS `r_link`, `r`.`is_active` AS `r_is_active`, `r`.`created_at` AS `r_created_at`, `r`.`updated_at` AS `r_updated_at` FROM `museum_academic_resource` `r` WHERE `r`.`is_active` = ? ORDER BY `r`.`id` ASC LIMIT 500 OFFSET 0 -- PARAMETERS: [true]
query: SELECT `h`.`id` AS `h_id`, `h`.`hall_id` AS `h_hall_id`, `h`.`museum_id` AS `h_museum_id`, `h`.`name` AS `h_name`, `h`.`icon` AS `h_icon`, `h`.`category` AS `h_category`, `h`.`cover_image` AS `h_cover_image`, `h`.`introduction` AS `h_introduction`, `h`.`stats` AS `h_stats`, `h`.`location` AS `h_location`, `h`.`open_time` AS `h_open_time`, `h`.`duration` AS `h_duration`, `h`.`ticket` AS `h_ticket`, `h`.`artifacts` AS `h_artifacts`, `h`.`exhibitions` AS `h_exhibitions`, `h`.`recommendations` AS `h_recommendations`, `h`.`is_active` AS `h_is_active`, `h`.`created_at` AS `h_created_at`, `h`.`updated_at` AS `h_updated_at` FROM `museum_exhibition_hall` `h` WHERE `h`.`is_active` = ? ORDER BY `h`.`id` ASC LIMIT 500 OFFSET 0 -- PARAMETERS: [true]
query: SELECT `MuseumDetail`.`id` AS `MuseumDetail_id`, `MuseumDetail`.`museum_id` AS `MuseumDetail_museum_id`, `MuseumDetail`.`visit_info` AS `MuseumDetail_visit_info`, `MuseumDetail`.`history` AS `MuseumDetail_history`, `MuseumDetail`.`architecture` AS `MuseumDetail_architecture`, `MuseumDetail`.`highlights` AS `MuseumDetail_highlights`, `MuseumDetail`.`education` AS `MuseumDetail_education`, `MuseumDetail`.`is_active` AS `MuseumDetail_is_active`, `MuseumDetail`.`created_at` AS `MuseumDetail_created_at`, `MuseumDetail`.`updated_at` AS `MuseumDetail_updated_at` FROM `museum_detail` `MuseumDetail` WHERE ((`MuseumDetail`.`museum_id` = ?) AND (`MuseumDetail`.`is_active` = ?)) LIMIT 1 -- PARAMETERS: [25,true]
query: SELECT `Museum`.`id` AS `Museum_id`, `Museum`.`name` AS `Museum_name`, `Museum`.`province` AS `Museum_province`, `Museum`.`type` AS `Museum_type`, `Museum`.`image` AS `Museum_image`, `Museum`.`description` AS `Museum_description`, `Museum`.`artifacts_count` AS `Museum_artifacts_count`, `Museum`.`exhibitions_count` AS `Museum_exhibitions_count`, `Museum`.`visitors` AS `Museum_visitors`, `Museum`.`features` AS `Museum_features`, `Museum`.`is_active` AS `Museum_is_active`, `Museum`.`created_at` AS `Museum_created_at`, `Museum`.`updated_at` AS `Museum_updated_at` FROM `museum` `Museum` WHERE ((`Museum`.`id` = ?) AND (`Museum`.`is_active` = ?)) LIMIT 1 -- PARAMETERS: [25,true]
query: SELECT `Museum`.`id` AS `Museum_id`, `Museum`.`name` AS `Museum_name`, `Museum`.`province` AS `Museum_province`, `Museum`.`type` AS `Museum_type`, `Museum`.`image` AS `Museum_image`, `Museum`.`description` AS `Museum_description`, `Museum`.`artifacts_count` AS `Museum_artifacts_count`, `Museum`.`exhibitions_count` AS `Museum_exhibitions_count`, `Museum`.`visitors` AS `Museum_visitors`, `Museum`.`features` AS `Museum_features`, `Museum`.`is_active` AS `Museum_is_active`, `Museum`.`created_at` AS `Museum_created_at`, `Museum`.`updated_at` AS `Museum_updated_at` FROM `museum` `Museum` WHERE ((`Museum`.`id` = ?) AND (`Museum`.`is_active` = ?)) LIMIT 1 -- PARAMETERS: [25,true]
query: SELECT `Museum`.`id` AS `Museum_id`, `Museum`.`name` AS `Museum_name`, `Museum`.`province` AS `Museum_province`, `Museum`.`type` AS `Museum_type`, `Museum`.`image` AS `Museum_image`, `Museum`.`description` AS `Museum_description`, `Museum`.`artifacts_count` AS `Museum_artifacts_count`, `Museum`.`exhibitions_count` AS `Museum_exhibitions_count`, `Museum`.`visitors` AS `Museum_visitors`, `Museum`.`features` AS `Museum_features`, `Museum`.`is_active` AS `Museum_is_active`, `Museum`.`created_at` AS `Museum_created_at`, `Museum`.`updated_at` AS `Museum_updated_at` FROM `museum` `Museum` WHERE ((`Museum`.`id` = ?) AND (`Museum`.`is_active` = ?)) LIMIT 1 -- PARAMETERS: [26,true]
query: SELECT `Museum`.`id` AS `Museum_id`, `Museum`.`name` AS `Museum_name`, `Museum`.`province` AS `Museum_province`, `Museum`.`type` AS `Museum_type`, `Museum`.`image` AS `Museum_image`, `Museum`.`description` AS `Museum_description`, `Museum`.`artifacts_count` AS `Museum_artifacts_count`, `Museum`.`exhibitions_count` AS `Museum_exhibitions_count`, `Museum`.`visitors` AS `Museum_visitors`, `Museum`.`features` AS `Museum_features`, `Museum`.`is_active` AS `Museum_is_active`, `Museum`.`created_at` AS `Museum_created_at`, `Museum`.`updated_at` AS `Museum_updated_at` FROM `museum` `Museum` WHERE ((`Museum`.`id` = ?) AND (`Museum`.`is_active` = ?)) LIMIT 1 -- PARAMETERS: [27,true]
query: SELECT `Museum`.`id` AS `Museum_id`, `Museum`.`name` AS `Museum_name`, `Museum`.`province` AS `Museum_province`, `Museum`.`type` AS `Museum_type`, `Museum`.`image` AS `Museum_image`, `Museum`.`description` AS `Museum_description`, `Museum`.`artifacts_count` AS `Museum_artifacts_count`, `Museum`.`exhibitions_count` AS `Museum_exhibitions_count`, `Museum`.`visitors` AS `Museum_visitors`, `Museum`.`features` AS `Museum_features`, `Museum`.`is_active` AS `Museum_is_active`, `Museum`.`created_at` AS `Museum_created_at`, `Museum`.`updated_at` AS `Museum_updated_at` FROM `museum` `Museum` WHERE ((`Museum`.`id` = ?) AND (`Museum`.`is_active` = ?)) LIMIT 1 -- PARAMETERS: [28,true]
query: SELECT `Museum`.`id` AS `Museum_id`, `Museum`.`name` AS `Museum_name`, `Museum`.`province` AS `Museum_province`, `Museum`.`type` AS `Museum_type`, `Museum`.`image` AS `Museum_image`, `Museum`.`description` AS `Museum_description`, `Museum`.`artifacts_count` AS `Museum_artifacts_count`, `Museum`.`exhibitions_count` AS `Museum_exhibitions_count`, `Museum`.`visitors` AS `Museum_visitors`, `Museum`.`features` AS `Museum_features`, `Museum`.`is_active` AS `Museum_is_active`, `Museum`.`created_at` AS `Museum_created_at`, `Museum`.`updated_at` AS `Museum_updated_at` FROM `museum` `Museum` WHERE ((`Museum`.`id` = ?) AND (`Museum`.`is_active` = ?)) LIMIT 1 -- PARAMETERS: [34,true]
query: SELECT `Museum`.`id` AS `Museum_id`, `Museum`.`name` AS `Museum_name`, `Museum`.`province` AS `Museum_province`, `Museum`.`type` AS `Museum_type`, `Museum`.`image` AS `Museum_image`, `Museum`.`description` AS `Museum_description`, `Museum`.`artifacts_count` AS `Museum_artifacts_count`, `Museum`.`exhibitions_count` AS `Museum_exhibitions_count`, `Museum`.`visitors` AS `Museum_visitors`, `Museum`.`features` AS `Museum_features`, `Museum`.`is_active` AS `Museum_is_active`, `Museum`.`created_at` AS `Museum_created_at`, `Museum`.`updated_at` AS `Museum_updated_at` FROM `museum` `Museum` WHERE ((`Museum`.`id` = ?) AND (`Museum`.`is_active` = ?)) LIMIT 1 -- PARAMETERS: [38,true]
query: SELECT `MuseumDetail`.`id` AS `MuseumDetail_id`, `MuseumDetail`.`museum_id` AS `MuseumDetail_museum_id`, `MuseumDetail`.`visit_info` AS `MuseumDetail_visit_info`, `MuseumDetail`.`history` AS `MuseumDetail_history`, `MuseumDetail`.`architecture` AS `MuseumDetail_architecture`, `MuseumDetail`.`highlights` AS `MuseumDetail_highlights`, `MuseumDetail`.`education` AS `MuseumDetail_education`, `MuseumDetail`.`is_active` AS `MuseumDetail_is_active`, `MuseumDetail`.`created_at` AS `MuseumDetail_created_at`, `MuseumDetail`.`updated_at` AS `MuseumDetail_updated_at` FROM `museum_detail` `MuseumDetail` WHERE ((`MuseumDetail`.`museum_id` = ?) AND (`MuseumDetail`.`is_active` = ?)) LIMIT 1 -- PARAMETERS: [25,true]
query: SELECT `MuseumDetail`.`id` AS `MuseumDetail_id`, `MuseumDetail`.`museum_id` AS `MuseumDetail_museum_id`, `MuseumDetail`.`visit_info` AS `MuseumDetail_visit_info`, `MuseumDetail`.`history` AS `MuseumDetail_history`, `MuseumDetail`.`architecture` AS `MuseumDetail_architecture`, `MuseumDetail`.`highlights` AS `MuseumDetail_highlights`, `MuseumDetail`.`education` AS `MuseumDetail_education`, `MuseumDetail`.`is_active` AS `MuseumDetail_is_active`, `MuseumDetail`.`created_at` AS `MuseumDetail_created_at`, `MuseumDetail`.`updated_at` AS `MuseumDetail_updated_at` FROM `museum_detail` `MuseumDetail` WHERE ((`MuseumDetail`.`museum_id` = ?) AND (`MuseumDetail`.`is_active` = ?)) LIMIT 1 -- PARAMETERS: [25,true]
query: SELECT `MuseumDetail`.`id` AS `MuseumDetail_id`, `MuseumDetail`.`museum_id` AS `MuseumDetail_museum_id`, `MuseumDetail`.`visit_info` AS `MuseumDetail_visit_info`, `MuseumDetail`.`history` AS `MuseumDetail_history`, `MuseumDetail`.`architecture` AS `MuseumDetail_architecture`, `MuseumDetail`.`highlights` AS `MuseumDetail_highlights`, `MuseumDetail`.`education` AS `MuseumDetail_education`, `MuseumDetail`.`is_active` AS `MuseumDetail_is_active`, `MuseumDetail`.`created_at` AS `MuseumDetail_created_at`, `MuseumDetail`.`updated_at` AS `MuseumDetail_updated_at` FROM `museum_detail` `MuseumDetail` WHERE ((`MuseumDetail`.`museum_id` = ?) AND (`MuseumDetail`.`is_active` = ?)) LIMIT 1 -- PARAMETERS: [25,true]
[2J[3J[H[[90m09:15:33[0m] File change detected. Starting incremental compilation...

[[90m09:15:33[0m] Found 0 errors. Watching for file changes.

[2J[3J[H[[90m09:15:33[0m] File change detected. Starting incremental compilation...

[[90m09:15:34[0m] Found 0 errors. Watching for file changes.

[2J[3J[H[[90m09:15:35[0m] File change detected. Starting incremental compilation...

[[90m09:15:35[0m] Found 0 errors. Watching for file changes.

[32m[Nest] 23188  - [39m2026/08/22 09:15:37 [32m    LOG[39m [38;5;3m[NestFactory] [39m[32mStarting Nest application...[39m
[32m[Nest] 23188  - [39m2026/08/22 09:15:37 [32m    LOG[39m [38;5;3m[InstanceLoader] [39m[32mTypeOrmModule dependencies initialized[39m[38;5;3m +25ms[39m
[32m[Nest] 23188  - [39m2026/08/22 09:15:37 [32m    LOG[39m [38;5;3m[InstanceLoader] [39m[32mThrottlerModule dependencies initialized[39m[38;5;3m +1ms[39m
[32m[Nest] 23188  - [39m2026/08/22 09:15:37 [32m    LOG[39m [38;5;3m[InstanceLoader] [39m[32mConfigHostModule dependencies initialized[39m[38;5;3m +2ms[39m
[32m[Nest] 23188  - [39m2026/08/22 09:15:37 [32m    LOG[39m [38;5;3m[InstanceLoader] [39m[32mAppModule dependencies initialized[39m[38;5;3m +0ms[39m
[32m[Nest] 23188  - [39m2026/08/22 09:15:37 [32m    LOG[39m [38;5;3m[InstanceLoader] [39m[32mConfigModule dependencies initialized[39m[38;5;3m +0ms[39m
[32m[Nest] 23188  - [39m2026/08/22 09:15:37 [32m    LOG[39m [38;5;3m[InstanceLoader] [39m[32mConfigModule dependencies initialized[39m[38;5;3m +0ms[39m
query: SELECT version()
[32m[Nest] 23188  - [39m2026/08/22 09:15:37 [32m    LOG[39m [38;5;3m[InstanceLoader] [39m[32mTypeOrmCoreModule dependencies initialized[39m[38;5;3m +183ms[39m
[32m[Nest] 23188  - [39m2026/08/22 09:15:37 [32m    LOG[39m [38;5;3m[InstanceLoader] [39m[32mTypeOrmModule dependencies initialized[39m[38;5;3m +0ms[39m
[32m[Nest] 23188  - [39m2026/08/22 09:15:37 [32m    LOG[39m [38;5;3m[InstanceLoader] [39m[32mTypeOrmModule dependencies initialized[39m[38;5;3m +1ms[39m
[32m[Nest] 23188  - [39m2026/08/22 09:15:37 [32m    LOG[39m [38;5;3m[InstanceLoader] [39m[32mTypeOrmModule dependencies initialized[39m[38;5;3m +0ms[39m
[32m[Nest] 23188  - [39m2026/08/22 09:15:37 [32m    LOG[39m [38;5;3m[InstanceLoader] [39m[32mTypeOrmModule dependencies initialized[39m[38;5;3m +0ms[39m
[32m[Nest] 23188  - [39m2026/08/22 09:15:37 [32m    LOG[39m [38;5;3m[InstanceLoader] [39m[32mTypeOrmModule dependencies initialized[39m[38;5;3m +1ms[39m
[32m[Nest] 23188  - [39m2026/08/22 09:15:37 [32m    LOG[39m [38;5;3m[InstanceLoader] [39m[32mTypeOrmModule dependencies initialized[39m[38;5;3m +0ms[39m
[32m[Nest] 23188  - [39m2026/08/22 09:15:37 [32m    LOG[39m [38;5;3m[InstanceLoader] [39m[32mTypeOrmModule dependencies initialized[39m[38;5;3m +0ms[39m
[32m[Nest] 23188  - [39m2026/08/22 09:15:37 [32m    LOG[39m [38;5;3m[InstanceLoader] [39m[32mGameModule dependencies initialized[39m[38;5;3m +1ms[39m
[32m[Nest] 23188  - [39m2026/08/22 09:15:37 [32m    LOG[39m [38;5;3m[InstanceLoader] [39m[32mHistoryModule dependencies initialized[39m[38;5;3m +1ms[39m
[32m[Nest] 23188  - [39m2026/08/22 09:15:37 [32m    LOG[39m [38;5;3m[InstanceLoader] [39m[32mLandscapeModule dependencies initialized[39m[38;5;3m +0ms[39m
[32m[Nest] 23188  - [39m2026/08/22 09:15:37 [32m    LOG[39m [38;5;3m[InstanceLoader] [39m[32mTravelGuideModule dependencies initialized[39m[38;5;3m +0ms[39m
[32m[Nest] 23188  - [39m2026/08/22 09:15:37 [32m    LOG[39m [38;5;3m[InstanceLoader] [39m[32mAphorismModule dependencies initialized[39m[38;5;3m +0ms[39m
[32m[Nest] 23188  - [39m2026/08/22 09:15:37 [32m    LOG[39m [38;5;3m[InstanceLoader] [39m[32mMuseumModule dependencies initialized[39m[38;5;3m +0ms[39m
[32m[Nest] 23188  - [39m2026/08/22 09:15:37 [32m    LOG[39m [38;5;3m[InstanceLoader] [39m[32mMusicModule dependencies initialized[39m[38;5;3m +0ms[39m
[32m[Nest] 23188  - [39m2026/08/22 09:15:37 [32m    LOG[39m [38;5;3m[RoutesResolver] [39m[32mAphorismController {/api/aphorism}:[39m[38;5;3m +31ms[39m
[32m[Nest] 23188  - [39m2026/08/22 09:15:37 [32m    LOG[39m [38;5;3m[RouterExplorer] [39m[32mMapped {/api/aphorism, GET} route[39m[38;5;3m +2ms[39m
[32m[Nest] 23188  - [39m2026/08/22 09:15:37 [32m    LOG[39m [38;5;3m[RouterExplorer] [39m[32mMapped {/api/aphorism/featured, GET} route[39m[38;5;3m +1ms[39m
[32m[Nest] 23188  - [39m2026/08/22 09:15:37 [32m    LOG[39m [38;5;3m[RouterExplorer] [39m[32mMapped {/api/aphorism/categories, GET} route[39m[38;5;3m +0ms[39m
[32m[Nest] 23188  - [39m2026/08/22 09:15:37 [32m    LOG[39m [38;5;3m[RouterExplorer] [39m[32mMapped {/api/aphorism/tags/hot, GET} route[39m[38;5;3m +0ms[39m
[32m[Nest] 23188  - [39m2026/08/22 09:15:37 [32m    LOG[39m [38;5;3m[RouterExplorer] [39m[32mMapped {/api/aphorism/:id, GET} route[39m[38;5;3m +1ms[39m
[32m[Nest] 23188  - [39m2026/08/22 09:15:37 [32m    LOG[39m [38;5;3m[RoutesResolver] [39m[32mGameController {/api/game}:[39m[38;5;3m +0ms[39m
[32m[Nest] 23188  - [39m2026/08/22 09:15:37 [32m    LOG[39m [38;5;3m[RouterExplorer] [39m[32mMapped {/api/game, GET} route[39m[38;5;3m +1ms[39m
[32m[Nest] 23188  - [39m2026/08/22 09:15:37 [32m    LOG[39m [38;5;3m[RouterExplorer] [39m[32mMapped {/api/game/banners, GET} route[39m[38;5;3m +1ms[39m
[32m[Nest] 23188  - [39m2026/08/22 09:15:37 [32m    LOG[39m [38;5;3m[RouterExplorer] [39m[32mMapped {/api/game/categories, GET} route[39m[38;5;3m +0ms[39m
[32m[Nest] 23188  - [39m2026/08/22 09:15:37 [32m    LOG[39m [38;5;3m[RouterExplorer] [39m[32mMapped {/api/game/tags, GET} route[39m[38;5;3m +0ms[39m
[32m[Nest] 23188  - [39m2026/08/22 09:15:37 [32m    LOG[39m [38;5;3m[RouterExplorer] [39m[32mMapped {/api/game/platforms, GET} route[39m[38;5;3m +1ms[39m
[32m[Nest] 23188  - [39m2026/08/22 09:15:37 [32m    LOG[39m [38;5;3m[RouterExplorer] [39m[32mMapped {/api/game/sale, GET} route[39m[38;5;3m +0ms[39m
[32m[Nest] 23188  - [39m2026/08/22 09:15:37 [32m    LOG[39m [38;5;3m[RouterExplorer] [39m[32mMapped {/api/game/:gameId, GET} route[39m[38;5;3m +0ms[39m
[32m[Nest] 23188  - [39m2026/08/22 09:15:37 [32m    LOG[39m [38;5;3m[RoutesResolver] [39m[32mHistoryController {/api/history}:[39m[38;5;3m +0ms[39m
[32m[Nest] 23188  - [39m2026/08/22 09:15:37 [32m    LOG[39m [38;5;3m[RouterExplorer] [39m[32mMapped {/api/history/dynasties, GET} route[39m[38;5;3m +0ms[39m
[32m[Nest] 23188  - [39m2026/08/22 09:15:37 [32m    LOG[39m [38;5;3m[RouterExplorer] [39m[32mMapped {/api/history/dynasties/:id, GET} route[39m[38;5;3m +0ms[39m
[32m[Nest] 23188  - [39m2026/08/22 09:15:37 [32m    LOG[39m [38;5;3m[RouterExplorer] [39m[32mMapped {/api/history/events, GET} route[39m[38;5;3m +1ms[39m
[32m[Nest] 23188  - [39m2026/08/22 09:15:37 [32m    LOG[39m [38;5;3m[RouterExplorer] [39m[32mMapped {/api/history/events/:id, GET} route[39m[38;5;3m +0ms[39m
[32m[Nest] 23188  - [39m2026/08/22 09:15:37 [32m    LOG[39m [38;5;3m[RouterExplorer] [39m[32mMapped {/api/history/figures, GET} route[39m[38;5;3m +0ms[39m
[32m[Nest] 23188  - [39m2026/08/22 09:15:37 [32m    LOG[39m [38;5;3m[RouterExplorer] [39m[32mMapped {/api/history/figures/:id, GET} route[39m[38;5;3m +0ms[39m
[32m[Nest] 23188  - [39m2026/08/22 09:15:37 [32m    LOG[39m [38;5;3m[RouterExplorer] [39m[32mMapped {/api/history/heritage, GET} route[39m[38;5;3m +0ms[39m
[32m[Nest] 23188  - [39m2026/08/22 09:15:37 [32m    LOG[39m [38;5;3m[RouterExplorer] [39m[32mMapped {/api/history/heritage/:id, GET} route[39m[38;5;3m +0ms[39m
[32m[Nest] 23188  - [39m2026/08/22 09:15:37 [32m    LOG[39m [38;5;3m[RoutesResolver] [39m[32mMuseumController {/api/museum}:[39m[38;5;3m +0ms[39m
[32m[Nest] 23188  - [39m2026/08/22 09:15:37 [32m    LOG[39m [38;5;3m[RouterExplorer] [39m[32mMapped {/api/museum, GET} route[39m[38;5;3m +1ms[39m
[32m[Nest] 23188  - [39m2026/08/22 09:15:37 [32m    LOG[39m [38;5;3m[RouterExplorer] [39m[32mMapped {/api/museum/artifacts, GET} route[39m[38;5;3m +0ms[39m
[32m[Nest] 23188  - [39m2026/08/22 09:15:37 [32m    LOG[39m [38;5;3m[RouterExplorer] [39m[32mMapped {/api/museum/artifacts/:id, GET} route[39m[38;5;3m +0ms[39m
[32m[Nest] 23188  - [39m2026/08/22 09:15:37 [32m    LOG[39m [38;5;3m[RouterExplorer] [39m[32mMapped {/api/museum/artifact-details/:id, GET} route[39m[38;5;3m +0ms[39m
[32m[Nest] 23188  - [39m2026/08/22 09:15:37 [32m    LOG[39m [38;5;3m[RouterExplorer] [39m[32mMapped {/api/museum/exhibitions, GET} route[39m[38;5;3m +0ms[39m
[32m[Nest] 23188  - [39m2026/08/22 09:15:37 [32m    LOG[39m [38;5;3m[RouterExplorer] [39m[32mMapped {/api/museum/activities, GET} route[39m[38;5;3m +0ms[39m
[32m[Nest] 23188  - [39m2026/08/22 09:15:37 [32m    LOG[39m [38;5;3m[RouterExplorer] [39m[32mMapped {/api/museum/news, GET} route[39m[38;5;3m +1ms[39m
[32m[Nest] 23188  - [39m2026/08/22 09:15:37 [32m    LOG[39m [38;5;3m[RouterExplorer] [39m[32mMapped {/api/museum/immersive, GET} route[39m[38;5;3m +0ms[39m
[32m[Nest] 23188  - [39m2026/08/22 09:15:37 [32m    LOG[39m [38;5;3m[RouterExplorer] [39m[32mMapped {/api/museum/creative-products, GET} route[39m[38;5;3m +0ms[39m
[32m[Nest] 23188  - [39m2026/08/22 09:15:37 [32m    LOG[39m [38;5;3m[RouterExplorer] [39m[32mMapped {/api/museum/academic-resources, GET} route[39m[38;5;3m +0ms[39m
[32m[Nest] 23188  - [39m2026/08/22 09:15:37 [32m    LOG[39m [38;5;3m[RouterExplorer] [39m[32mMapped {/api/museum/exhibition-halls, GET} route[39m[38;5;3m +0ms[39m
[32m[Nest] 23188  - [39m2026/08/22 09:15:37 [32m    LOG[39m [38;5;3m[RouterExplorer] [39m[32mMapped {/api/museum/:id/detail, GET} route[39m[38;5;3m +0ms[39m
[32m[Nest] 23188  - [39m2026/08/22 09:15:37 [32m    LOG[39m [38;5;3m[RouterExplorer] [39m[32mMapped {/api/museum/:id, GET} route[39m[38;5;3m +1ms[39m
[32m[Nest] 23188  - [39m2026/08/22 09:15:37 [32m    LOG[39m [38;5;3m[RoutesResolver] [39m[32mLandscapeController {/api/landscape}:[39m[38;5;3m +0ms[39m
[32m[Nest] 23188  - [39m2026/08/22 09:15:37 [32m    LOG[39m [38;5;3m[RouterExplorer] [39m[32mMapped {/api/landscape/photographers, GET} route[39m[38;5;3m +1ms[39m
[32m[Nest] 23188  - [39m2026/08/22 09:15:37 [32m    LOG[39m [38;5;3m[RouterExplorer] [39m[32mMapped {/api/landscape/photographers/:id, GET} route[39m[38;5;3m +0ms[39m
[32m[Nest] 23188  - [39m2026/08/22 09:15:37 [32m    LOG[39m [38;5;3m[RouterExplorer] [39m[32mMapped {/api/landscape/images, GET} route[39m[38;5;3m +0ms[39m
[32m[Nest] 23188  - [39m2026/08/22 09:15:37 [32m    LOG[39m [38;5;3m[RouterExplorer] [39m[32mMapped {/api/landscape/images/:id, GET} route[39m[38;5;3m +0ms[39m
[32m[Nest] 23188  - [39m2026/08/22 09:15:37 [32m    LOG[39m [38;5;3m[RouterExplorer] [39m[32mMapped {/api/landscape/videos, GET} route[39m[38;5;3m +0ms[39m
[32m[Nest] 23188  - [39m2026/08/22 09:15:37 [32m    LOG[39m [38;5;3m[RouterExplorer] [39m[32mMapped {/api/landscape/videos/:id, GET} route[39m[38;5;3m +1ms[39m
[32m[Nest] 23188  - [39m2026/08/22 09:15:37 [32m    LOG[39m [38;5;3m[RouterExplorer] [39m[32mMapped {/api/landscape/guides, GET} route[39m[38;5;3m +0ms[39m
[32m[Nest] 23188  - [39m2026/08/22 09:15:37 [32m    LOG[39m [38;5;3m[RouterExplorer] [39m[32mMapped {/api/landscape/guides/:id, GET} route[39m[38;5;3m +0ms[39m
[32m[Nest] 23188  - [39m2026/08/22 09:15:37 [32m    LOG[39m [38;5;3m[RouterExplorer] [39m[32mMapped {/api/landscape/hot-topics, GET} route[39m[38;5;3m +0ms[39m
[32m[Nest] 23188  - [39m2026/08/22 09:15:37 [32m    LOG[39m [38;5;3m[RouterExplorer] [39m[32mMapped {/api/landscape/popular-destinations, GET} route[39m[38;5;3m +0ms[39m
[32m[Nest] 23188  - [39m2026/08/22 09:15:37 [32m    LOG[39m [38;5;3m[RoutesResolver] [39m[32mMusicController {/api/music}:[39m[38;5;3m +0ms[39m
[32m[Nest] 23188  - [39m2026/08/22 09:15:37 [32m    LOG[39m [38;5;3m[RouterExplorer] [39m[32mMapped {/api/music/songs, GET} route[39m[38;5;3m +0ms[39m
[32m[Nest] 23188  - [39m2026/08/22 09:15:37 [32m    LOG[39m [38;5;3m[RouterExplorer] [39m[32mMapped {/api/music/songs/:id, GET} route[39m[38;5;3m +0ms[39m
[32m[Nest] 23188  - [39m2026/08/22 09:15:37 [32m    LOG[39m [38;5;3m[RouterExplorer] [39m[32mMapped {/api/music/artists, GET} route[39m[38;5;3m +1ms[39m
[32m[Nest] 23188  - [39m2026/08/22 09:15:37 [32m    LOG[39m [38;5;3m[RouterExplorer] [39m[32mMapped {/api/music/artists/:id, GET} route[39m[38;5;3m +0ms[39m
[32m[Nest] 23188  - [39m2026/08/22 09:15:37 [32m    LOG[39m [38;5;3m[RouterExplorer] [39m[32mMapped {/api/music/albums, GET} route[39m[38;5;3m +0ms[39m
[32m[Nest] 23188  - [39m2026/08/22 09:15:37 [32m    LOG[39m [38;5;3m[RouterExplorer] [39m[32mMapped {/api/music/albums/:id, GET} route[39m[38;5;3m +0ms[39m
[32m[Nest] 23188  - [39m2026/08/22 09:15:37 [32m    LOG[39m [38;5;3m[RouterExplorer] [39m[32mMapped {/api/music/playlists, GET} route[39m[38;5;3m +0ms[39m
[32m[Nest] 23188  - [39m2026/08/22 09:15:37 [32m    LOG[39m [38;5;3m[RouterExplorer] [39m[32mMapped {/api/music/playlists/:id, GET} route[39m[38;5;3m +0ms[39m
[32m[Nest] 23188  - [39m2026/08/22 09:15:37 [32m    LOG[39m [38;5;3m[RouterExplorer] [39m[32mMapped {/api/music/bundles, GET} route[39m[38;5;3m +0ms[39m
[32m[Nest] 23188  - [39m2026/08/22 09:15:37 [32m    LOG[39m [38;5;3m[RoutesResolver] [39m[32mTravelGuideController {/api/travel-guide}:[39m[38;5;3m +1ms[39m
[32m[Nest] 23188  - [39m2026/08/22 09:15:37 [32m    LOG[39m [38;5;3m[RouterExplorer] [39m[32mMapped {/api/travel-guide/provinces, GET} route[39m[38;5;3m +0ms[39m
[32m[Nest] 23188  - [39m2026/08/22 09:15:37 [32m    LOG[39m [38;5;3m[RouterExplorer] [39m[32mMapped {/api/travel-guide/provinces/:id, GET} route[39m[38;5;3m +0ms[39m
[32m[Nest] 23188  - [39m2026/08/22 09:15:37 [32m    LOG[39m [38;5;3m[RouterExplorer] [39m[32mMapped {/api/travel-guide/regions, GET} route[39m[38;5;3m +0ms[39m
[32m[Nest] 23188  - [39m2026/08/22 09:15:37 [32m    LOG[39m [38;5;3m[RouterExplorer] [39m[32mMapped {/api/travel-guide/scenery/:provinceId, GET} route[39m[38;5;3m +0ms[39m
[32m[Nest] 23188  - [39m2026/08/22 09:15:37 [32m    LOG[39m [38;5;3m[RouterExplorer] [39m[32mMapped {/api/travel-guide/food/:provinceId, GET} route[39m[38;5;3m +0ms[39m
[32m[Nest] 23188  - [39m2026/08/22 09:15:37 [32m    LOG[39m [38;5;3m[NestApplication] [39m[32mNest application successfully started[39m[38;5;3m +3ms[39m
[32m[Nest] 23188  - [39m2026/08/22 09:15:37 [32m    LOG[39m [38;5;3m[Bootstrap] [39m[32m🚀 后端服务已启动: http://localhost:3000[39m
[32m[Nest] 23188  - [39m2026/08/22 09:15:37 [32m    LOG[39m [38;5;3m[Bootstrap] [39m[32m📚 API 文档: http://localhost:3000/api/docs[39m
[2J[3J[H[[90m09:15:38[0m] File change detected. Starting incremental compilation...

[[90m09:15:38[0m] Found 0 errors. Watching for file changes.

[32m[Nest] 27352  - [39m2026/08/22 09:15:40 [32m    LOG[39m [38;5;3m[NestFactory] [39m[32mStarting Nest application...[39m
[32m[Nest] 27352  - [39m2026/08/22 09:15:40 [32m    LOG[39m [38;5;3m[InstanceLoader] [39m[32mTypeOrmModule dependencies initialized[39m[38;5;3m +20ms[39m
[32m[Nest] 27352  - [39m2026/08/22 09:15:40 [32m    LOG[39m [38;5;3m[InstanceLoader] [39m[32mThrottlerModule dependencies initialized[39m[38;5;3m +0ms[39m
[32m[Nest] 27352  - [39m2026/08/22 09:15:40 [32m    LOG[39m [38;5;3m[InstanceLoader] [39m[32mConfigHostModule dependencies initialized[39m[38;5;3m +1ms[39m
[32m[Nest] 27352  - [39m2026/08/22 09:15:40 [32m    LOG[39m [38;5;3m[InstanceLoader] [39m[32mAppModule dependencies initialized[39m[38;5;3m +0ms[39m
[32m[Nest] 27352  - [39m2026/08/22 09:15:40 [32m    LOG[39m [38;5;3m[InstanceLoader] [39m[32mConfigModule dependencies initialized[39m[38;5;3m +0ms[39m
[32m[Nest] 27352  - [39m2026/08/22 09:15:40 [32m    LOG[39m [38;5;3m[InstanceLoader] [39m[32mConfigModule dependencies initialized[39m[38;5;3m +0ms[39m
query: SELECT version()
[32m[Nest] 27352  - [39m2026/08/22 09:15:40 [32m    LOG[39m [38;5;3m[InstanceLoader] [39m[32mTypeOrmCoreModule dependencies initialized[39m[38;5;3m +151ms[39m
[32m[Nest] 27352  - [39m2026/08/22 09:15:40 [32m    LOG[39m [38;5;3m[InstanceLoader] [39m[32mTypeOrmModule dependencies initialized[39m[38;5;3m +1ms[39m
[32m[Nest] 27352  - [39m2026/08/22 09:15:40 [32m    LOG[39m [38;5;3m[InstanceLoader] [39m[32mTypeOrmModule dependencies initialized[39m[38;5;3m +0ms[39m
[32m[Nest] 27352  - [39m2026/08/22 09:15:40 [32m    LOG[39m [38;5;3m[InstanceLoader] [39m[32mTypeOrmModule dependencies initialized[39m[38;5;3m +0ms[39m
[32m[Nest] 27352  - [39m2026/08/22 09:15:40 [32m    LOG[39m [38;5;3m[InstanceLoader] [39m[32mTypeOrmModule dependencies initialized[39m[38;5;3m +1ms[39m
[32m[Nest] 27352  - [39m2026/08/22 09:15:40 [32m    LOG[39m [38;5;3m[InstanceLoader] [39m[32mTypeOrmModule dependencies initialized[39m[38;5;3m +0ms[39m
[32m[Nest] 27352  - [39m2026/08/22 09:15:40 [32m    LOG[39m [38;5;3m[InstanceLoader] [39m[32mTypeOrmModule dependencies initialized[39m[38;5;3m +0ms[39m
[32m[Nest] 27352  - [39m2026/08/22 09:15:40 [32m    LOG[39m [38;5;3m[InstanceLoader] [39m[32mTypeOrmModule dependencies initialized[39m[38;5;3m +0ms[39m
[32m[Nest] 27352  - [39m2026/08/22 09:15:40 [32m    LOG[39m [38;5;3m[InstanceLoader] [39m[32mGameModule dependencies initialized[39m[38;5;3m +1ms[39m
[32m[Nest] 27352  - [39m2026/08/22 09:15:40 [32m    LOG[39m [38;5;3m[InstanceLoader] [39m[32mHistoryModule dependencies initialized[39m[38;5;3m +0ms[39m
[32m[Nest] 27352  - [39m2026/08/22 09:15:40 [32m    LOG[39m [38;5;3m[InstanceLoader] [39m[32mLandscapeModule dependencies initialized[39m[38;5;3m +0ms[39m
[32m[Nest] 27352  - [39m2026/08/22 09:15:40 [32m    LOG[39m [38;5;3m[InstanceLoader] [39m[32mTravelGuideModule dependencies initialized[39m[38;5;3m +0ms[39m
[32m[Nest] 27352  - [39m2026/08/22 09:15:40 [32m    LOG[39m [38;5;3m[InstanceLoader] [39m[32mAphorismModule dependencies initialized[39m[38;5;3m +0ms[39m
[32m[Nest] 27352  - [39m2026/08/22 09:15:40 [32m    LOG[39m [38;5;3m[InstanceLoader] [39m[32mMuseumModule dependencies initialized[39m[38;5;3m +0ms[39m
[32m[Nest] 27352  - [39m2026/08/22 09:15:40 [32m    LOG[39m [38;5;3m[InstanceLoader] [39m[32mMusicModule dependencies initialized[39m[38;5;3m +0ms[39m
[32m[Nest] 27352  - [39m2026/08/22 09:15:40 [32m    LOG[39m [38;5;3m[RoutesResolver] [39m[32mAphorismController {/api/aphorism}:[39m[38;5;3m +29ms[39m
[32m[Nest] 27352  - [39m2026/08/22 09:15:40 [32m    LOG[39m [38;5;3m[RouterExplorer] [39m[32mMapped {/api/aphorism, GET} route[39m[38;5;3m +2ms[39m
[32m[Nest] 27352  - [39m2026/08/22 09:15:40 [32m    LOG[39m [38;5;3m[RouterExplorer] [39m[32mMapped {/api/aphorism/featured, GET} route[39m[38;5;3m +1ms[39m
[32m[Nest] 27352  - [39m2026/08/22 09:15:40 [32m    LOG[39m [38;5;3m[RouterExplorer] [39m[32mMapped {/api/aphorism/categories, GET} route[39m[38;5;3m +0ms[39m
[32m[Nest] 27352  - [39m2026/08/22 09:15:40 [32m    LOG[39m [38;5;3m[RouterExplorer] [39m[32mMapped {/api/aphorism/tags/hot, GET} route[39m[38;5;3m +0ms[39m
[32m[Nest] 27352  - [39m2026/08/22 09:15:40 [32m    LOG[39m [38;5;3m[RouterExplorer] [39m[32mMapped {/api/aphorism/:id, GET} route[39m[38;5;3m +1ms[39m
[32m[Nest] 27352  - [39m2026/08/22 09:15:40 [32m    LOG[39m [38;5;3m[RoutesResolver] [39m[32mGameController {/api/game}:[39m[38;5;3m +0ms[39m
[32m[Nest] 27352  - [39m2026/08/22 09:15:40 [32m    LOG[39m [38;5;3m[RouterExplorer] [39m[32mMapped {/api/game, GET} route[39m[38;5;3m +0ms[39m
[32m[Nest] 27352  - [39m2026/08/22 09:15:40 [32m    LOG[39m [38;5;3m[RouterExplorer] [39m[32mMapped {/api/game/banners, GET} route[39m[38;5;3m +0ms[39m
[32m[Nest] 27352  - [39m2026/08/22 09:15:40 [32m    LOG[39m [38;5;3m[RouterExplorer] [39m[32mMapped {/api/game/categories, GET} route[39m[38;5;3m +0ms[39m
[32m[Nest] 27352  - [39m2026/08/22 09:15:40 [32m    LOG[39m [38;5;3m[RouterExplorer] [39m[32mMapped {/api/game/tags, GET} route[39m[38;5;3m +1ms[39m
[32m[Nest] 27352  - [39m2026/08/22 09:15:40 [32m    LOG[39m [38;5;3m[RouterExplorer] [39m[32mMapped {/api/game/platforms, GET} route[39m[38;5;3m +0ms[39m
[32m[Nest] 27352  - [39m2026/08/22 09:15:40 [32m    LOG[39m [38;5;3m[RouterExplorer] [39m[32mMapped {/api/game/sale, GET} route[39m[38;5;3m +0ms[39m
[32m[Nest] 27352  - [39m2026/08/22 09:15:40 [32m    LOG[39m [38;5;3m[RouterExplorer] [39m[32mMapped {/api/game/:gameId, GET} route[39m[38;5;3m +0ms[39m
[32m[Nest] 27352  - [39m2026/08/22 09:15:40 [32m    LOG[39m [38;5;3m[RoutesResolver] [39m[32mHistoryController {/api/history}:[39m[38;5;3m +1ms[39m
[32m[Nest] 27352  - [39m2026/08/22 09:15:40 [32m    LOG[39m [38;5;3m[RouterExplorer] [39m[32mMapped {/api/history/dynasties, GET} route[39m[38;5;3m +0ms[39m
[32m[Nest] 27352  - [39m2026/08/22 09:15:40 [32m    LOG[39m [38;5;3m[RouterExplorer] [39m[32mMapped {/api/history/dynasties/:id, GET} route[39m[38;5;3m +0ms[39m
[32m[Nest] 27352  - [39m2026/08/22 09:15:40 [32m    LOG[39m [38;5;3m[RouterExplorer] [39m[32mMapped {/api/history/events, GET} route[39m[38;5;3m +0ms[39m
[32m[Nest] 27352  - [39m2026/08/22 09:15:40 [32m    LOG[39m [38;5;3m[RouterExplorer] [39m[32mMapped {/api/history/events/:id, GET} route[39m[38;5;3m +0ms[39m
[32m[Nest] 27352  - [39m2026/08/22 09:15:40 [32m    LOG[39m [38;5;3m[RouterExplorer] [39m[32mMapped {/api/history/figures, GET} route[39m[38;5;3m +0ms[39m
[32m[Nest] 27352  - [39m2026/08/22 09:15:40 [32m    LOG[39m [38;5;3m[RouterExplorer] [39m[32mMapped {/api/history/figures/:id, GET} route[39m[38;5;3m +1ms[39m
[32m[Nest] 27352  - [39m2026/08/22 09:15:40 [32m    LOG[39m [38;5;3m[RouterExplorer] [39m[32mMapped {/api/history/heritage, GET} route[39m[38;5;3m +0ms[39m
[32m[Nest] 27352  - [39m2026/08/22 09:15:40 [32m    LOG[39m [38;5;3m[RouterExplorer] [39m[32mMapped {/api/history/heritage/:id, GET} route[39m[38;5;3m +1ms[39m
[32m[Nest] 27352  - [39m2026/08/22 09:15:40 [32m    LOG[39m [38;5;3m[RoutesResolver] [39m[32mMuseumController {/api/museum}:[39m[38;5;3m +0ms[39m
[32m[Nest] 27352  - [39m2026/08/22 09:15:40 [32m    LOG[39m [38;5;3m[RouterExplorer] [39m[32mMapped {/api/museum, GET} route[39m[38;5;3m +1ms[39m
[32m[Nest] 27352  - [39m2026/08/22 09:15:40 [32m    LOG[39m [38;5;3m[RouterExplorer] [39m[32mMapped {/api/museum/artifacts, GET} route[39m[38;5;3m +0ms[39m
[32m[Nest] 27352  - [39m2026/08/22 09:15:40 [32m    LOG[39m [38;5;3m[RouterExplorer] [39m[32mMapped {/api/museum/artifacts/:id, GET} route[39m[38;5;3m +0ms[39m
[32m[Nest] 27352  - [39m2026/08/22 09:15:40 [32m    LOG[39m [38;5;3m[RouterExplorer] [39m[32mMapped {/api/museum/artifact-details/:id, GET} route[39m[38;5;3m +0ms[39m
[32m[Nest] 27352  - [39m2026/08/22 09:15:40 [32m    LOG[39m [38;5;3m[RouterExplorer] [39m[32mMapped {/api/museum/exhibitions, GET} route[39m[38;5;3m +0ms[39m
[32m[Nest] 27352  - [39m2026/08/22 09:15:40 [32m    LOG[39m [38;5;3m[RouterExplorer] [39m[32mMapped {/api/museum/activities, GET} route[39m[38;5;3m +0ms[39m
[32m[Nest] 27352  - [39m2026/08/22 09:15:40 [32m    LOG[39m [38;5;3m[RouterExplorer] [39m[32mMapped {/api/museum/news, GET} route[39m[38;5;3m +1ms[39m
[32m[Nest] 27352  - [39m2026/08/22 09:15:40 [32m    LOG[39m [38;5;3m[RouterExplorer] [39m[32mMapped {/api/museum/immersive, GET} route[39m[38;5;3m +0ms[39m
[32m[Nest] 27352  - [39m2026/08/22 09:15:40 [32m    LOG[39m [38;5;3m[RouterExplorer] [39m[32mMapped {/api/museum/creative-products, GET} route[39m[38;5;3m +0ms[39m
[32m[Nest] 27352  - [39m2026/08/22 09:15:40 [32m    LOG[39m [38;5;3m[RouterExplorer] [39m[32mMapped {/api/museum/academic-resources, GET} route[39m[38;5;3m +0ms[39m
[32m[Nest] 27352  - [39m2026/08/22 09:15:40 [32m    LOG[39m [38;5;3m[RouterExplorer] [39m[32mMapped {/api/museum/exhibition-halls, GET} route[39m[38;5;3m +0ms[39m
[32m[Nest] 27352  - [39m2026/08/22 09:15:40 [32m    LOG[39m [38;5;3m[RouterExplorer] [39m[32mMapped {/api/museum/:id/detail, GET} route[39m[38;5;3m +0ms[39m
[32m[Nest] 27352  - [39m2026/08/22 09:15:40 [32m    LOG[39m [38;5;3m[RouterExplorer] [39m[32mMapped {/api/museum/:id, GET} route[39m[38;5;3m +0ms[39m
[32m[Nest] 27352  - [39m2026/08/22 09:15:40 [32m    LOG[39m [38;5;3m[RoutesResolver] [39m[32mLandscapeController {/api/landscape}:[39m[38;5;3m +0ms[39m
[32m[Nest] 27352  - [39m2026/08/22 09:15:40 [32m    LOG[39m [38;5;3m[RouterExplorer] [39m[32mMapped {/api/landscape/photographers, GET} route[39m[38;5;3m +1ms[39m
[32m[Nest] 27352  - [39m2026/08/22 09:15:40 [32m    LOG[39m [38;5;3m[RouterExplorer] [39m[32mMapped {/api/landscape/photographers/:id, GET} route[39m[38;5;3m +0ms[39m
[32m[Nest] 27352  - [39m2026/08/22 09:15:40 [32m    LOG[39m [38;5;3m[RouterExplorer] [39m[32mMapped {/api/landscape/images, GET} route[39m[38;5;3m +0ms[39m
[32m[Nest] 27352  - [39m2026/08/22 09:15:40 [32m    LOG[39m [38;5;3m[RouterExplorer] [39m[32mMapped {/api/landscape/images/:id, GET} route[39m[38;5;3m +0ms[39m
[32m[Nest] 27352  - [39m2026/08/22 09:15:40 [32m    LOG[39m [38;5;3m[RouterExplorer] [39m[32mMapped {/api/landscape/videos, GET} route[39m[38;5;3m +0ms[39m
[32m[Nest] 27352  - [39m2026/08/22 09:15:40 [32m    LOG[39m [38;5;3m[RouterExplorer] [39m[32mMapped {/api/landscape/videos/:id, GET} route[39m[38;5;3m +0ms[39m
[32m[Nest] 27352  - [39m2026/08/22 09:15:40 [32m    LOG[39m [38;5;3m[RouterExplorer] [39m[32mMapped {/api/landscape/guides, GET} route[39m[38;5;3m +0ms[39m
[32m[Nest] 27352  - [39m2026/08/22 09:15:40 [32m    LOG[39m [38;5;3m[RouterExplorer] [39m[32mMapped {/api/landscape/guides/:id, GET} route[39m[38;5;3m +1ms[39m
[32m[Nest] 27352  - [39m2026/08/22 09:15:40 [32m    LOG[39m [38;5;3m[RouterExplorer] [39m[32mMapped {/api/landscape/hot-topics, GET} route[39m[38;5;3m +0ms[39m
[32m[Nest] 27352  - [39m2026/08/22 09:15:40 [32m    LOG[39m [38;5;3m[RouterExplorer] [39m[32mMapped {/api/landscape/popular-destinations, GET} route[39m[38;5;3m +0ms[39m
[32m[Nest] 27352  - [39m2026/08/22 09:15:40 [32m    LOG[39m [38;5;3m[RoutesResolver] [39m[32mMusicController {/api/music}:[39m[38;5;3m +0ms[39m
[32m[Nest] 27352  - [39m2026/08/22 09:15:40 [32m    LOG[39m [38;5;3m[RouterExplorer] [39m[32mMapped {/api/music/songs, GET} route[39m[38;5;3m +0ms[39m
[32m[Nest] 27352  - [39m2026/08/22 09:15:40 [32m    LOG[39m [38;5;3m[RouterExplorer] [39m[32mMapped {/api/music/songs/:id, GET} route[39m[38;5;3m +0ms[39m
[32m[Nest] 27352  - [39m2026/08/22 09:15:40 [32m    LOG[39m [38;5;3m[RouterExplorer] [39m[32mMapped {/api/music/artists, GET} route[39m[38;5;3m +1ms[39m
[32m[Nest] 27352  - [39m2026/08/22 09:15:40 [32m    LOG[39m [38;5;3m[RouterExplorer] [39m[32mMapped {/api/music/artists/:id, GET} route[39m[38;5;3m +0ms[39m
[32m[Nest] 27352  - [39m2026/08/22 09:15:40 [32m    LOG[39m [38;5;3m[RouterExplorer] [39m[32mMapped {/api/music/albums, GET} route[39m[38;5;3m +1ms[39m
[32m[Nest] 27352  - [39m2026/08/22 09:15:40 [32m    LOG[39m [38;5;3m[RouterExplorer] [39m[32mMapped {/api/music/albums/:id, GET} route[39m[38;5;3m +0ms[39m
[32m[Nest] 27352  - [39m2026/08/22 09:15:40 [32m    LOG[39m [38;5;3m[RouterExplorer] [39m[32mMapped {/api/music/playlists, GET} route[39m[38;5;3m +0ms[39m
[32m[Nest] 27352  - [39m2026/08/22 09:15:40 [32m    LOG[39m [38;5;3m[RouterExplorer] [39m[32mMapped {/api/music/playlists/:id, GET} route[39m[38;5;3m +1ms[39m
[32m[Nest] 27352  - [39m2026/08/22 09:15:40 [32m    LOG[39m [38;5;3m[RouterExplorer] [39m[32mMapped {/api/music/bundles, GET} route[39m[38;5;3m +0ms[39m
[32m[Nest] 27352  - [39m2026/08/22 09:15:40 [32m    LOG[39m [38;5;3m[RoutesResolver] [39m[32mTravelGuideController {/api/travel-guide}:[39m[38;5;3m +0ms[39m
[32m[Nest] 27352  - [39m2026/08/22 09:15:40 [32m    LOG[39m [38;5;3m[RouterExplorer] [39m[32mMapped {/api/travel-guide/provinces, GET} route[39m[38;5;3m +1ms[39m
[32m[Nest] 27352  - [39m2026/08/22 09:15:40 [32m    LOG[39m [38;5;3m[RouterExplorer] [39m[32mMapped {/api/travel-guide/provinces/:id, GET} route[39m[38;5;3m +0ms[39m
[32m[Nest] 27352  - [39m2026/08/22 09:15:40 [32m    LOG[39m [38;5;3m[RouterExplorer] [39m[32mMapped {/api/travel-guide/regions, GET} route[39m[38;5;3m +0ms[39m
[32m[Nest] 27352  - [39m2026/08/22 09:15:40 [32m    LOG[39m [38;5;3m[RouterExplorer] [39m[32mMapped {/api/travel-guide/scenery/:provinceId, GET} route[39m[38;5;3m +0ms[39m
[32m[Nest] 27352  - [39m2026/08/22 09:15:40 [32m    LOG[39m [38;5;3m[RouterExplorer] [39m[32mMapped {/api/travel-guide/food/:provinceId, GET} route[39m[38;5;3m +0ms[39m
[32m[Nest] 27352  - [39m2026/08/22 09:15:40 [32m    LOG[39m [38;5;3m[NestApplication] [39m[32mNest application successfully started[39m[38;5;3m +2ms[39m
[32m[Nest] 27352  - [39m2026/08/22 09:15:40 [32m    LOG[39m [38;5;3m[Bootstrap] [39m[32m🚀 后端服务已启动: http://localhost:3000[39m
[32m[Nest] 27352  - [39m2026/08/22 09:15:40 [32m    LOG[39m [38;5;3m[Bootstrap] [39m[32m📚 API 文档: http://localhost:3000/api/docs[39m
query: SELECT `Museum`.`id` AS `Museum_id`, `Museum`.`name` AS `Museum_name`, `Museum`.`province` AS `Museum_province`, `Museum`.`type` AS `Museum_type`, `Museum`.`image` AS `Museum_image`, `Museum`.`description` AS `Museum_description`, `Museum`.`artifacts_count` AS `Museum_artifacts_count`, `Museum`.`exhibitions_count` AS `Museum_exhibitions_count`, `Museum`.`visitors` AS `Museum_visitors`, `Museum`.`features` AS `Museum_features`, `Museum`.`is_active` AS `Museum_is_active`, `Museum`.`created_at` AS `Museum_created_at`, `Museum`.`updated_at` AS `Museum_updated_at` FROM `museum` `Museum` WHERE ((`Museum`.`id` = ?) AND (`Museum`.`is_active` = ?)) LIMIT 1 -- PARAMETERS: [1,true]
query: SELECT `MuseumDetail`.`id` AS `MuseumDetail_id`, `MuseumDetail`.`museum_id` AS `MuseumDetail_museum_id`, `MuseumDetail`.`visit_info` AS `MuseumDetail_visit_info`, `MuseumDetail`.`history` AS `MuseumDetail_history`, `MuseumDetail`.`architecture` AS `MuseumDetail_architecture`, `MuseumDetail`.`highlights` AS `MuseumDetail_highlights`, `MuseumDetail`.`education` AS `MuseumDetail_education`, `MuseumDetail`.`is_active` AS `MuseumDetail_is_active`, `MuseumDetail`.`created_at` AS `MuseumDetail_created_at`, `MuseumDetail`.`updated_at` AS `MuseumDetail_updated_at` FROM `museum_detail` `MuseumDetail` WHERE ((`MuseumDetail`.`museum_id` = ?) AND (`MuseumDetail`.`is_active` = ?)) LIMIT 1 -- PARAMETERS: [1,true]
query: SELECT `Museum`.`id` AS `Museum_id`, `Museum`.`name` AS `Museum_name`, `Museum`.`province` AS `Museum_province`, `Museum`.`type` AS `Museum_type`, `Museum`.`image` AS `Museum_image`, `Museum`.`description` AS `Museum_description`, `Museum`.`artifacts_count` AS `Museum_artifacts_count`, `Museum`.`exhibitions_count` AS `Museum_exhibitions_count`, `Museum`.`visitors` AS `Museum_visitors`, `Museum`.`features` AS `Museum_features`, `Museum`.`is_active` AS `Museum_is_active`, `Museum`.`created_at` AS `Museum_created_at`, `Museum`.`updated_at` AS `Museum_updated_at` FROM `museum` `Museum` WHERE ((`Museum`.`id` = ?) AND (`Museum`.`is_active` = ?)) LIMIT 1 -- PARAMETERS: [2,true]
query: SELECT `MuseumDetail`.`id` AS `MuseumDetail_id`, `MuseumDetail`.`museum_id` AS `MuseumDetail_museum_id`, `MuseumDetail`.`visit_info` AS `MuseumDetail_visit_info`, `MuseumDetail`.`history` AS `MuseumDetail_history`, `MuseumDetail`.`architecture` AS `MuseumDetail_architecture`, `MuseumDetail`.`highlights` AS `MuseumDetail_highlights`, `MuseumDetail`.`education` AS `MuseumDetail_education`, `MuseumDetail`.`is_active` AS `MuseumDetail_is_active`, `MuseumDetail`.`created_at` AS `MuseumDetail_created_at`, `MuseumDetail`.`updated_at` AS `MuseumDetail_updated_at` FROM `museum_detail` `MuseumDetail` WHERE ((`MuseumDetail`.`museum_id` = ?) AND (`MuseumDetail`.`is_active` = ?)) LIMIT 1 -- PARAMETERS: [2,true]
query: SELECT `Museum`.`id` AS `Museum_id`, `Museum`.`name` AS `Museum_name`, `Museum`.`province` AS `Museum_province`, `Museum`.`type` AS `Museum_type`, `Museum`.`image` AS `Museum_image`, `Museum`.`description` AS `Museum_description`, `Museum`.`artifacts_count` AS `Museum_artifacts_count`, `Museum`.`exhibitions_count` AS `Museum_exhibitions_count`, `Museum`.`visitors` AS `Museum_visitors`, `Museum`.`features` AS `Museum_features`, `Museum`.`is_active` AS `Museum_is_active`, `Museum`.`created_at` AS `Museum_created_at`, `Museum`.`updated_at` AS `Museum_updated_at` FROM `museum` `Museum` WHERE ((`Museum`.`id` = ?) AND (`Museum`.`is_active` = ?)) LIMIT 1 -- PARAMETERS: [3,true]
query: SELECT `MuseumDetail`.`id` AS `MuseumDetail_id`, `MuseumDetail`.`museum_id` AS `MuseumDetail_museum_id`, `MuseumDetail`.`visit_info` AS `MuseumDetail_visit_info`, `MuseumDetail`.`history` AS `MuseumDetail_history`, `MuseumDetail`.`architecture` AS `MuseumDetail_architecture`, `MuseumDetail`.`highlights` AS `MuseumDetail_highlights`, `MuseumDetail`.`education` AS `MuseumDetail_education`, `MuseumDetail`.`is_active` AS `MuseumDetail_is_active`, `MuseumDetail`.`created_at` AS `MuseumDetail_created_at`, `MuseumDetail`.`updated_at` AS `MuseumDetail_updated_at` FROM `museum_detail` `MuseumDetail` WHERE ((`MuseumDetail`.`museum_id` = ?) AND (`MuseumDetail`.`is_active` = ?)) LIMIT 1 -- PARAMETERS: [3,true]
query: SELECT `Museum`.`id` AS `Museum_id`, `Museum`.`name` AS `Museum_name`, `Museum`.`province` AS `Museum_province`, `Museum`.`type` AS `Museum_type`, `Museum`.`image` AS `Museum_image`, `Museum`.`description` AS `Museum_description`, `Museum`.`artifacts_count` AS `Museum_artifacts_count`, `Museum`.`exhibitions_count` AS `Museum_exhibitions_count`, `Museum`.`visitors` AS `Museum_visitors`, `Museum`.`features` AS `Museum_features`, `Museum`.`is_active` AS `Museum_is_active`, `Museum`.`created_at` AS `Museum_created_at`, `Museum`.`updated_at` AS `Museum_updated_at` FROM `museum` `Museum` WHERE ((`Museum`.`id` = ?) AND (`Museum`.`is_active` = ?)) LIMIT 1 -- PARAMETERS: [4,true]
query: SELECT `MuseumDetail`.`id` AS `MuseumDetail_id`, `MuseumDetail`.`museum_id` AS `MuseumDetail_museum_id`, `MuseumDetail`.`visit_info` AS `MuseumDetail_visit_info`, `MuseumDetail`.`history` AS `MuseumDetail_history`, `MuseumDetail`.`architecture` AS `MuseumDetail_architecture`, `MuseumDetail`.`highlights` AS `MuseumDetail_highlights`, `MuseumDetail`.`education` AS `MuseumDetail_education`, `MuseumDetail`.`is_active` AS `MuseumDetail_is_active`, `MuseumDetail`.`created_at` AS `MuseumDetail_created_at`, `MuseumDetail`.`updated_at` AS `MuseumDetail_updated_at` FROM `museum_detail` `MuseumDetail` WHERE ((`MuseumDetail`.`museum_id` = ?) AND (`MuseumDetail`.`is_active` = ?)) LIMIT 1 -- PARAMETERS: [4,true]
query: SELECT `Museum`.`id` AS `Museum_id`, `Museum`.`name` AS `Museum_name`, `Museum`.`province` AS `Museum_province`, `Museum`.`type` AS `Museum_type`, `Museum`.`image` AS `Museum_image`, `Museum`.`description` AS `Museum_description`, `Museum`.`artifacts_count` AS `Museum_artifacts_count`, `Museum`.`exhibitions_count` AS `Museum_exhibitions_count`, `Museum`.`visitors` AS `Museum_visitors`, `Museum`.`features` AS `Museum_features`, `Museum`.`is_active` AS `Museum_is_active`, `Museum`.`created_at` AS `Museum_created_at`, `Museum`.`updated_at` AS `Museum_updated_at` FROM `museum` `Museum` WHERE ((`Museum`.`id` = ?) AND (`Museum`.`is_active` = ?)) LIMIT 1 -- PARAMETERS: [5,true]
query: SELECT `MuseumDetail`.`id` AS `MuseumDetail_id`, `MuseumDetail`.`museum_id` AS `MuseumDetail_museum_id`, `MuseumDetail`.`visit_info` AS `MuseumDetail_visit_info`, `MuseumDetail`.`history` AS `MuseumDetail_history`, `MuseumDetail`.`architecture` AS `MuseumDetail_architecture`, `MuseumDetail`.`highlights` AS `MuseumDetail_highlights`, `MuseumDetail`.`education` AS `MuseumDetail_education`, `MuseumDetail`.`is_active` AS `MuseumDetail_is_active`, `MuseumDetail`.`created_at` AS `MuseumDetail_created_at`, `MuseumDetail`.`updated_at` AS `MuseumDetail_updated_at` FROM `museum_detail` `MuseumDetail` WHERE ((`MuseumDetail`.`museum_id` = ?) AND (`MuseumDetail`.`is_active` = ?)) LIMIT 1 -- PARAMETERS: [5,true]
query: SELECT `Museum`.`id` AS `Museum_id`, `Museum`.`name` AS `Museum_name`, `Museum`.`province` AS `Museum_province`, `Museum`.`type` AS `Museum_type`, `Museum`.`image` AS `Museum_image`, `Museum`.`description` AS `Museum_description`, `Museum`.`artifacts_count` AS `Museum_artifacts_count`, `Museum`.`exhibitions_count` AS `Museum_exhibitions_count`, `Museum`.`visitors` AS `Museum_visitors`, `Museum`.`features` AS `Museum_features`, `Museum`.`is_active` AS `Museum_is_active`, `Museum`.`created_at` AS `Museum_created_at`, `Museum`.`updated_at` AS `Museum_updated_at` FROM `museum` `Museum` WHERE ((`Museum`.`id` = ?) AND (`Museum`.`is_active` = ?)) LIMIT 1 -- PARAMETERS: [6,true]
query: SELECT `MuseumDetail`.`id` AS `MuseumDetail_id`, `MuseumDetail`.`museum_id` AS `MuseumDetail_museum_id`, `MuseumDetail`.`visit_info` AS `MuseumDetail_visit_info`, `MuseumDetail`.`history` AS `MuseumDetail_history`, `MuseumDetail`.`architecture` AS `MuseumDetail_architecture`, `MuseumDetail`.`highlights` AS `MuseumDetail_highlights`, `MuseumDetail`.`education` AS `MuseumDetail_education`, `MuseumDetail`.`is_active` AS `MuseumDetail_is_active`, `MuseumDetail`.`created_at` AS `MuseumDetail_created_at`, `MuseumDetail`.`updated_at` AS `MuseumDetail_updated_at` FROM `museum_detail` `MuseumDetail` WHERE ((`MuseumDetail`.`museum_id` = ?) AND (`MuseumDetail`.`is_active` = ?)) LIMIT 1 -- PARAMETERS: [6,true]
query: SELECT `Museum`.`id` AS `Museum_id`, `Museum`.`name` AS `Museum_name`, `Museum`.`province` AS `Museum_province`, `Museum`.`type` AS `Museum_type`, `Museum`.`image` AS `Museum_image`, `Museum`.`description` AS `Museum_description`, `Museum`.`artifacts_count` AS `Museum_artifacts_count`, `Museum`.`exhibitions_count` AS `Museum_exhibitions_count`, `Museum`.`visitors` AS `Museum_visitors`, `Museum`.`features` AS `Museum_features`, `Museum`.`is_active` AS `Museum_is_active`, `Museum`.`created_at` AS `Museum_created_at`, `Museum`.`updated_at` AS `Museum_updated_at` FROM `museum` `Museum` WHERE ((`Museum`.`id` = ?) AND (`Museum`.`is_active` = ?)) LIMIT 1 -- PARAMETERS: [7,true]
query: SELECT `MuseumDetail`.`id` AS `MuseumDetail_id`, `MuseumDetail`.`museum_id` AS `MuseumDetail_museum_id`, `MuseumDetail`.`visit_info` AS `MuseumDetail_visit_info`, `MuseumDetail`.`history` AS `MuseumDetail_history`, `MuseumDetail`.`architecture` AS `MuseumDetail_architecture`, `MuseumDetail`.`highlights` AS `MuseumDetail_highlights`, `MuseumDetail`.`education` AS `MuseumDetail_education`, `MuseumDetail`.`is_active` AS `MuseumDetail_is_active`, `MuseumDetail`.`created_at` AS `MuseumDetail_created_at`, `MuseumDetail`.`updated_at` AS `MuseumDetail_updated_at` FROM `museum_detail` `MuseumDetail` WHERE ((`MuseumDetail`.`museum_id` = ?) AND (`MuseumDetail`.`is_active` = ?)) LIMIT 1 -- PARAMETERS: [7,true]
query: SELECT `Museum`.`id` AS `Museum_id`, `Museum`.`name` AS `Museum_name`, `Museum`.`province` AS `Museum_province`, `Museum`.`type` AS `Museum_type`, `Museum`.`image` AS `Museum_image`, `Museum`.`description` AS `Museum_description`, `Museum`.`artifacts_count` AS `Museum_artifacts_count`, `Museum`.`exhibitions_count` AS `Museum_exhibitions_count`, `Museum`.`visitors` AS `Museum_visitors`, `Museum`.`features` AS `Museum_features`, `Museum`.`is_active` AS `Museum_is_active`, `Museum`.`created_at` AS `Museum_created_at`, `Museum`.`updated_at` AS `Museum_updated_at` FROM `museum` `Museum` WHERE ((`Museum`.`id` = ?) AND (`Museum`.`is_active` = ?)) LIMIT 1 -- PARAMETERS: [8,true]
query: SELECT `MuseumDetail`.`id` AS `MuseumDetail_id`, `MuseumDetail`.`museum_id` AS `MuseumDetail_museum_id`, `MuseumDetail`.`visit_info` AS `MuseumDetail_visit_info`, `MuseumDetail`.`history` AS `MuseumDetail_history`, `MuseumDetail`.`architecture` AS `MuseumDetail_architecture`, `MuseumDetail`.`highlights` AS `MuseumDetail_highlights`, `MuseumDetail`.`education` AS `MuseumDetail_education`, `MuseumDetail`.`is_active` AS `MuseumDetail_is_active`, `MuseumDetail`.`created_at` AS `MuseumDetail_created_at`, `MuseumDetail`.`updated_at` AS `MuseumDetail_updated_at` FROM `museum_detail` `MuseumDetail` WHERE ((`MuseumDetail`.`museum_id` = ?) AND (`MuseumDetail`.`is_active` = ?)) LIMIT 1 -- PARAMETERS: [8,true]
query: SELECT `Museum`.`id` AS `Museum_id`, `Museum`.`name` AS `Museum_name`, `Museum`.`province` AS `Museum_province`, `Museum`.`type` AS `Museum_type`, `Museum`.`image` AS `Museum_image`, `Museum`.`description` AS `Museum_description`, `Museum`.`artifacts_count` AS `Museum_artifacts_count`, `Museum`.`exhibitions_count` AS `Museum_exhibitions_count`, `Museum`.`visitors` AS `Museum_visitors`, `Museum`.`features` AS `Museum_features`, `Museum`.`is_active` AS `Museum_is_active`, `Museum`.`created_at` AS `Museum_created_at`, `Museum`.`updated_at` AS `Museum_updated_at` FROM `museum` `Museum` WHERE ((`Museum`.`id` = ?) AND (`Museum`.`is_active` = ?)) LIMIT 1 -- PARAMETERS: [9,true]
query: SELECT `MuseumDetail`.`id` AS `MuseumDetail_id`, `MuseumDetail`.`museum_id` AS `MuseumDetail_museum_id`, `MuseumDetail`.`visit_info` AS `MuseumDetail_visit_info`, `MuseumDetail`.`history` AS `MuseumDetail_history`, `MuseumDetail`.`architecture` AS `MuseumDetail_architecture`, `MuseumDetail`.`highlights` AS `MuseumDetail_highlights`, `MuseumDetail`.`education` AS `MuseumDetail_education`, `MuseumDetail`.`is_active` AS `MuseumDetail_is_active`, `MuseumDetail`.`created_at` AS `MuseumDetail_created_at`, `MuseumDetail`.`updated_at` AS `MuseumDetail_updated_at` FROM `museum_detail` `MuseumDetail` WHERE ((`MuseumDetail`.`museum_id` = ?) AND (`MuseumDetail`.`is_active` = ?)) LIMIT 1 -- PARAMETERS: [9,true]
query: SELECT `Museum`.`id` AS `Museum_id`, `Museum`.`name` AS `Museum_name`, `Museum`.`province` AS `Museum_province`, `Museum`.`type` AS `Museum_type`, `Museum`.`image` AS `Museum_image`, `Museum`.`description` AS `Museum_description`, `Museum`.`artifacts_count` AS `Museum_artifacts_count`, `Museum`.`exhibitions_count` AS `Museum_exhibitions_count`, `Museum`.`visitors` AS `Museum_visitors`, `Museum`.`features` AS `Museum_features`, `Museum`.`is_active` AS `Museum_is_active`, `Museum`.`created_at` AS `Museum_created_at`, `Museum`.`updated_at` AS `Museum_updated_at` FROM `museum` `Museum` WHERE ((`Museum`.`id` = ?) AND (`Museum`.`is_active` = ?)) LIMIT 1 -- PARAMETERS: [10,true]
query: SELECT `MuseumDetail`.`id` AS `MuseumDetail_id`, `MuseumDetail`.`museum_id` AS `MuseumDetail_museum_id`, `MuseumDetail`.`visit_info` AS `MuseumDetail_visit_info`, `MuseumDetail`.`history` AS `MuseumDetail_history`, `MuseumDetail`.`architecture` AS `MuseumDetail_architecture`, `MuseumDetail`.`highlights` AS `MuseumDetail_highlights`, `MuseumDetail`.`education` AS `MuseumDetail_education`, `MuseumDetail`.`is_active` AS `MuseumDetail_is_active`, `MuseumDetail`.`created_at` AS `MuseumDetail_created_at`, `MuseumDetail`.`updated_at` AS `MuseumDetail_updated_at` FROM `museum_detail` `MuseumDetail` WHERE ((`MuseumDetail`.`museum_id` = ?) AND (`MuseumDetail`.`is_active` = ?)) LIMIT 1 -- PARAMETERS: [10,true]
query: SELECT `Museum`.`id` AS `Museum_id`, `Museum`.`name` AS `Museum_name`, `Museum`.`province` AS `Museum_province`, `Museum`.`type` AS `Museum_type`, `Museum`.`image` AS `Museum_image`, `Museum`.`description` AS `Museum_description`, `Museum`.`artifacts_count` AS `Museum_artifacts_count`, `Museum`.`exhibitions_count` AS `Museum_exhibitions_count`, `Museum`.`visitors` AS `Museum_visitors`, `Museum`.`features` AS `Museum_features`, `Museum`.`is_active` AS `Museum_is_active`, `Museum`.`created_at` AS `Museum_created_at`, `Museum`.`updated_at` AS `Museum_updated_at` FROM `museum` `Museum` WHERE ((`Museum`.`id` = ?) AND (`Museum`.`is_active` = ?)) LIMIT 1 -- PARAMETERS: [11,true]
query: SELECT `MuseumDetail`.`id` AS `MuseumDetail_id`, `MuseumDetail`.`museum_id` AS `MuseumDetail_museum_id`, `MuseumDetail`.`visit_info` AS `MuseumDetail_visit_info`, `MuseumDetail`.`history` AS `MuseumDetail_history`, `MuseumDetail`.`architecture` AS `MuseumDetail_architecture`, `MuseumDetail`.`highlights` AS `MuseumDetail_highlights`, `MuseumDetail`.`education` AS `MuseumDetail_education`, `MuseumDetail`.`is_active` AS `MuseumDetail_is_active`, `MuseumDetail`.`created_at` AS `MuseumDetail_created_at`, `MuseumDetail`.`updated_at` AS `MuseumDetail_updated_at` FROM `museum_detail` `MuseumDetail` WHERE ((`MuseumDetail`.`museum_id` = ?) AND (`MuseumDetail`.`is_active` = ?)) LIMIT 1 -- PARAMETERS: [11,true]
query: SELECT `Museum`.`id` AS `Museum_id`, `Museum`.`name` AS `Museum_name`, `Museum`.`province` AS `Museum_province`, `Museum`.`type` AS `Museum_type`, `Museum`.`image` AS `Museum_image`, `Museum`.`description` AS `Museum_description`, `Museum`.`artifacts_count` AS `Museum_artifacts_count`, `Museum`.`exhibitions_count` AS `Museum_exhibitions_count`, `Museum`.`visitors` AS `Museum_visitors`, `Museum`.`features` AS `Museum_features`, `Museum`.`is_active` AS `Museum_is_active`, `Museum`.`created_at` AS `Museum_created_at`, `Museum`.`updated_at` AS `Museum_updated_at` FROM `museum` `Museum` WHERE ((`Museum`.`id` = ?) AND (`Museum`.`is_active` = ?)) LIMIT 1 -- PARAMETERS: [12,true]
query: SELECT `MuseumDetail`.`id` AS `MuseumDetail_id`, `MuseumDetail`.`museum_id` AS `MuseumDetail_museum_id`, `MuseumDetail`.`visit_info` AS `MuseumDetail_visit_info`, `MuseumDetail`.`history` AS `MuseumDetail_history`, `MuseumDetail`.`architecture` AS `MuseumDetail_architecture`, `MuseumDetail`.`highlights` AS `MuseumDetail_highlights`, `MuseumDetail`.`education` AS `MuseumDetail_education`, `MuseumDetail`.`is_active` AS `MuseumDetail_is_active`, `MuseumDetail`.`created_at` AS `MuseumDetail_created_at`, `MuseumDetail`.`updated_at` AS `MuseumDetail_updated_at` FROM `museum_detail` `MuseumDetail` WHERE ((`MuseumDetail`.`museum_id` = ?) AND (`MuseumDetail`.`is_active` = ?)) LIMIT 1 -- PARAMETERS: [12,true]
query: SELECT `Museum`.`id` AS `Museum_id`, `Museum`.`name` AS `Museum_name`, `Museum`.`province` AS `Museum_province`, `Museum`.`type` AS `Museum_type`, `Museum`.`image` AS `Museum_image`, `Museum`.`description` AS `Museum_description`, `Museum`.`artifacts_count` AS `Museum_artifacts_count`, `Museum`.`exhibitions_count` AS `Museum_exhibitions_count`, `Museum`.`visitors` AS `Museum_visitors`, `Museum`.`features` AS `Museum_features`, `Museum`.`is_active` AS `Museum_is_active`, `Museum`.`created_at` AS `Museum_created_at`, `Museum`.`updated_at` AS `Museum_updated_at` FROM `museum` `Museum` WHERE ((`Museum`.`id` = ?) AND (`Museum`.`is_active` = ?)) LIMIT 1 -- PARAMETERS: [13,true]
query: SELECT `MuseumDetail`.`id` AS `MuseumDetail_id`, `MuseumDetail`.`museum_id` AS `MuseumDetail_museum_id`, `MuseumDetail`.`visit_info` AS `MuseumDetail_visit_info`, `MuseumDetail`.`history` AS `MuseumDetail_history`, `MuseumDetail`.`architecture` AS `MuseumDetail_architecture`, `MuseumDetail`.`highlights` AS `MuseumDetail_highlights`, `MuseumDetail`.`education` AS `MuseumDetail_education`, `MuseumDetail`.`is_active` AS `MuseumDetail_is_active`, `MuseumDetail`.`created_at` AS `MuseumDetail_created_at`, `MuseumDetail`.`updated_at` AS `MuseumDetail_updated_at` FROM `museum_detail` `MuseumDetail` WHERE ((`MuseumDetail`.`museum_id` = ?) AND (`MuseumDetail`.`is_active` = ?)) LIMIT 1 -- PARAMETERS: [13,true]
query: SELECT `Museum`.`id` AS `Museum_id`, `Museum`.`name` AS `Museum_name`, `Museum`.`province` AS `Museum_province`, `Museum`.`type` AS `Museum_type`, `Museum`.`image` AS `Museum_image`, `Museum`.`description` AS `Museum_description`, `Museum`.`artifacts_count` AS `Museum_artifacts_count`, `Museum`.`exhibitions_count` AS `Museum_exhibitions_count`, `Museum`.`visitors` AS `Museum_visitors`, `Museum`.`features` AS `Museum_features`, `Museum`.`is_active` AS `Museum_is_active`, `Museum`.`created_at` AS `Museum_created_at`, `Museum`.`updated_at` AS `Museum_updated_at` FROM `museum` `Museum` WHERE ((`Museum`.`id` = ?) AND (`Museum`.`is_active` = ?)) LIMIT 1 -- PARAMETERS: [14,true]
query: SELECT `MuseumDetail`.`id` AS `MuseumDetail_id`, `MuseumDetail`.`museum_id` AS `MuseumDetail_museum_id`, `MuseumDetail`.`visit_info` AS `MuseumDetail_visit_info`, `MuseumDetail`.`history` AS `MuseumDetail_history`, `MuseumDetail`.`architecture` AS `MuseumDetail_architecture`, `MuseumDetail`.`highlights` AS `MuseumDetail_highlights`, `MuseumDetail`.`education` AS `MuseumDetail_education`, `MuseumDetail`.`is_active` AS `MuseumDetail_is_active`, `MuseumDetail`.`created_at` AS `MuseumDetail_created_at`, `MuseumDetail`.`updated_at` AS `MuseumDetail_updated_at` FROM `museum_detail` `MuseumDetail` WHERE ((`MuseumDetail`.`museum_id` = ?) AND (`MuseumDetail`.`is_active` = ?)) LIMIT 1 -- PARAMETERS: [14,true]
query: SELECT `Museum`.`id` AS `Museum_id`, `Museum`.`name` AS `Museum_name`, `Museum`.`province` AS `Museum_province`, `Museum`.`type` AS `Museum_type`, `Museum`.`image` AS `Museum_image`, `Museum`.`description` AS `Museum_description`, `Museum`.`artifacts_count` AS `Museum_artifacts_count`, `Museum`.`exhibitions_count` AS `Museum_exhibitions_count`, `Museum`.`visitors` AS `Museum_visitors`, `Museum`.`features` AS `Museum_features`, `Museum`.`is_active` AS `Museum_is_active`, `Museum`.`created_at` AS `Museum_created_at`, `Museum`.`updated_at` AS `Museum_updated_at` FROM `museum` `Museum` WHERE ((`Museum`.`id` = ?) AND (`Museum`.`is_active` = ?)) LIMIT 1 -- PARAMETERS: [15,true]
query: SELECT `MuseumDetail`.`id` AS `MuseumDetail_id`, `MuseumDetail`.`museum_id` AS `MuseumDetail_museum_id`, `MuseumDetail`.`visit_info` AS `MuseumDetail_visit_info`, `MuseumDetail`.`history` AS `MuseumDetail_history`, `MuseumDetail`.`architecture` AS `MuseumDetail_architecture`, `MuseumDetail`.`highlights` AS `MuseumDetail_highlights`, `MuseumDetail`.`education` AS `MuseumDetail_education`, `MuseumDetail`.`is_active` AS `MuseumDetail_is_active`, `MuseumDetail`.`created_at` AS `MuseumDetail_created_at`, `MuseumDetail`.`updated_at` AS `MuseumDetail_updated_at` FROM `museum_detail` `MuseumDetail` WHERE ((`MuseumDetail`.`museum_id` = ?) AND (`MuseumDetail`.`is_active` = ?)) LIMIT 1 -- PARAMETERS: [15,true]
query: SELECT `Museum`.`id` AS `Museum_id`, `Museum`.`name` AS `Museum_name`, `Museum`.`province` AS `Museum_province`, `Museum`.`type` AS `Museum_type`, `Museum`.`image` AS `Museum_image`, `Museum`.`description` AS `Museum_description`, `Museum`.`artifacts_count` AS `Museum_artifacts_count`, `Museum`.`exhibitions_count` AS `Museum_exhibitions_count`, `Museum`.`visitors` AS `Museum_visitors`, `Museum`.`features` AS `Museum_features`, `Museum`.`is_active` AS `Museum_is_active`, `Museum`.`created_at` AS `Museum_created_at`, `Museum`.`updated_at` AS `Museum_updated_at` FROM `museum` `Museum` WHERE ((`Museum`.`id` = ?) AND (`Museum`.`is_active` = ?)) LIMIT 1 -- PARAMETERS: [16,true]
query: SELECT `MuseumDetail`.`id` AS `MuseumDetail_id`, `MuseumDetail`.`museum_id` AS `MuseumDetail_museum_id`, `MuseumDetail`.`visit_info` AS `MuseumDetail_visit_info`, `MuseumDetail`.`history` AS `MuseumDetail_history`, `MuseumDetail`.`architecture` AS `MuseumDetail_architecture`, `MuseumDetail`.`highlights` AS `MuseumDetail_highlights`, `MuseumDetail`.`education` AS `MuseumDetail_education`, `MuseumDetail`.`is_active` AS `MuseumDetail_is_active`, `MuseumDetail`.`created_at` AS `MuseumDetail_created_at`, `MuseumDetail`.`updated_at` AS `MuseumDetail_updated_at` FROM `museum_detail` `MuseumDetail` WHERE ((`MuseumDetail`.`museum_id` = ?) AND (`MuseumDetail`.`is_active` = ?)) LIMIT 1 -- PARAMETERS: [16,true]
query: SELECT `Museum`.`id` AS `Museum_id`, `Museum`.`name` AS `Museum_name`, `Museum`.`province` AS `Museum_province`, `Museum`.`type` AS `Museum_type`, `Museum`.`image` AS `Museum_image`, `Museum`.`description` AS `Museum_description`, `Museum`.`artifacts_count` AS `Museum_artifacts_count`, `Museum`.`exhibitions_count` AS `Museum_exhibitions_count`, `Museum`.`visitors` AS `Museum_visitors`, `Museum`.`features` AS `Museum_features`, `Museum`.`is_active` AS `Museum_is_active`, `Museum`.`created_at` AS `Museum_created_at`, `Museum`.`updated_at` AS `Museum_updated_at` FROM `museum` `Museum` WHERE ((`Museum`.`id` = ?) AND (`Museum`.`is_active` = ?)) LIMIT 1 -- PARAMETERS: [17,true]
query: SELECT `MuseumDetail`.`id` AS `MuseumDetail_id`, `MuseumDetail`.`museum_id` AS `MuseumDetail_museum_id`, `MuseumDetail`.`visit_info` AS `MuseumDetail_visit_info`, `MuseumDetail`.`history` AS `MuseumDetail_history`, `MuseumDetail`.`architecture` AS `MuseumDetail_architecture`, `MuseumDetail`.`highlights` AS `MuseumDetail_highlights`, `MuseumDetail`.`education` AS `MuseumDetail_education`, `MuseumDetail`.`is_active` AS `MuseumDetail_is_active`, `MuseumDetail`.`created_at` AS `MuseumDetail_created_at`, `MuseumDetail`.`updated_at` AS `MuseumDetail_updated_at` FROM `museum_detail` `MuseumDetail` WHERE ((`MuseumDetail`.`museum_id` = ?) AND (`MuseumDetail`.`is_active` = ?)) LIMIT 1 -- PARAMETERS: [17,true]
query: SELECT `Museum`.`id` AS `Museum_id`, `Museum`.`name` AS `Museum_name`, `Museum`.`province` AS `Museum_province`, `Museum`.`type` AS `Museum_type`, `Museum`.`image` AS `Museum_image`, `Museum`.`description` AS `Museum_description`, `Museum`.`artifacts_count` AS `Museum_artifacts_count`, `Museum`.`exhibitions_count` AS `Museum_exhibitions_count`, `Museum`.`visitors` AS `Museum_visitors`, `Museum`.`features` AS `Museum_features`, `Museum`.`is_active` AS `Museum_is_active`, `Museum`.`created_at` AS `Museum_created_at`, `Museum`.`updated_at` AS `Museum_updated_at` FROM `museum` `Museum` WHERE ((`Museum`.`id` = ?) AND (`Museum`.`is_active` = ?)) LIMIT 1 -- PARAMETERS: [18,true]
query: SELECT `MuseumDetail`.`id` AS `MuseumDetail_id`, `MuseumDetail`.`museum_id` AS `MuseumDetail_museum_id`, `MuseumDetail`.`visit_info` AS `MuseumDetail_visit_info`, `MuseumDetail`.`history` AS `MuseumDetail_history`, `MuseumDetail`.`architecture` AS `MuseumDetail_architecture`, `MuseumDetail`.`highlights` AS `MuseumDetail_highlights`, `MuseumDetail`.`education` AS `MuseumDetail_education`, `MuseumDetail`.`is_active` AS `MuseumDetail_is_active`, `MuseumDetail`.`created_at` AS `MuseumDetail_created_at`, `MuseumDetail`.`updated_at` AS `MuseumDetail_updated_at` FROM `museum_detail` `MuseumDetail` WHERE ((`MuseumDetail`.`museum_id` = ?) AND (`MuseumDetail`.`is_active` = ?)) LIMIT 1 -- PARAMETERS: [18,true]
query: SELECT `Museum`.`id` AS `Museum_id`, `Museum`.`name` AS `Museum_name`, `Museum`.`province` AS `Museum_province`, `Museum`.`type` AS `Museum_type`, `Museum`.`image` AS `Museum_image`, `Museum`.`description` AS `Museum_description`, `Museum`.`artifacts_count` AS `Museum_artifacts_count`, `Museum`.`exhibitions_count` AS `Museum_exhibitions_count`, `Museum`.`visitors` AS `Museum_visitors`, `Museum`.`features` AS `Museum_features`, `Museum`.`is_active` AS `Museum_is_active`, `Museum`.`created_at` AS `Museum_created_at`, `Museum`.`updated_at` AS `Museum_updated_at` FROM `museum` `Museum` WHERE ((`Museum`.`id` = ?) AND (`Museum`.`is_active` = ?)) LIMIT 1 -- PARAMETERS: [19,true]
query: SELECT `MuseumDetail`.`id` AS `MuseumDetail_id`, `MuseumDetail`.`museum_id` AS `MuseumDetail_museum_id`, `MuseumDetail`.`visit_info` AS `MuseumDetail_visit_info`, `MuseumDetail`.`history` AS `MuseumDetail_history`, `MuseumDetail`.`architecture` AS `MuseumDetail_architecture`, `MuseumDetail`.`highlights` AS `MuseumDetail_highlights`, `MuseumDetail`.`education` AS `MuseumDetail_education`, `MuseumDetail`.`is_active` AS `MuseumDetail_is_active`, `MuseumDetail`.`created_at` AS `MuseumDetail_created_at`, `MuseumDetail`.`updated_at` AS `MuseumDetail_updated_at` FROM `museum_detail` `MuseumDetail` WHERE ((`MuseumDetail`.`museum_id` = ?) AND (`MuseumDetail`.`is_active` = ?)) LIMIT 1 -- PARAMETERS: [19,true]
query: SELECT `Museum`.`id` AS `Museum_id`, `Museum`.`name` AS `Museum_name`, `Museum`.`province` AS `Museum_province`, `Museum`.`type` AS `Museum_type`, `Museum`.`image` AS `Museum_image`, `Museum`.`description` AS `Museum_description`, `Museum`.`artifacts_count` AS `Museum_artifacts_count`, `Museum`.`exhibitions_count` AS `Museum_exhibitions_count`, `Museum`.`visitors` AS `Museum_visitors`, `Museum`.`features` AS `Museum_features`, `Museum`.`is_active` AS `Museum_is_active`, `Museum`.`created_at` AS `Museum_created_at`, `Museum`.`updated_at` AS `Museum_updated_at` FROM `museum` `Museum` WHERE ((`Museum`.`id` = ?) AND (`Museum`.`is_active` = ?)) LIMIT 1 -- PARAMETERS: [20,true]
query: SELECT `MuseumDetail`.`id` AS `MuseumDetail_id`, `MuseumDetail`.`museum_id` AS `MuseumDetail_museum_id`, `MuseumDetail`.`visit_info` AS `MuseumDetail_visit_info`, `MuseumDetail`.`history` AS `MuseumDetail_history`, `MuseumDetail`.`architecture` AS `MuseumDetail_architecture`, `MuseumDetail`.`highlights` AS `MuseumDetail_highlights`, `MuseumDetail`.`education` AS `MuseumDetail_education`, `MuseumDetail`.`is_active` AS `MuseumDetail_is_active`, `MuseumDetail`.`created_at` AS `MuseumDetail_created_at`, `MuseumDetail`.`updated_at` AS `MuseumDetail_updated_at` FROM `museum_detail` `MuseumDetail` WHERE ((`MuseumDetail`.`museum_id` = ?) AND (`MuseumDetail`.`is_active` = ?)) LIMIT 1 -- PARAMETERS: [20,true]
query: SELECT `Museum`.`id` AS `Museum_id`, `Museum`.`name` AS `Museum_name`, `Museum`.`province` AS `Museum_province`, `Museum`.`type` AS `Museum_type`, `Museum`.`image` AS `Museum_image`, `Museum`.`description` AS `Museum_description`, `Museum`.`artifacts_count` AS `Museum_artifacts_count`, `Museum`.`exhibitions_count` AS `Museum_exhibitions_count`, `Museum`.`visitors` AS `Museum_visitors`, `Museum`.`features` AS `Museum_features`, `Museum`.`is_active` AS `Museum_is_active`, `Museum`.`created_at` AS `Museum_created_at`, `Museum`.`updated_at` AS `Museum_updated_at` FROM `museum` `Museum` WHERE ((`Museum`.`id` = ?) AND (`Museum`.`is_active` = ?)) LIMIT 1 -- PARAMETERS: [21,true]
query: SELECT `MuseumDetail`.`id` AS `MuseumDetail_id`, `MuseumDetail`.`museum_id` AS `MuseumDetail_museum_id`, `MuseumDetail`.`visit_info` AS `MuseumDetail_visit_info`, `MuseumDetail`.`history` AS `MuseumDetail_history`, `MuseumDetail`.`architecture` AS `MuseumDetail_architecture`, `MuseumDetail`.`highlights` AS `MuseumDetail_highlights`, `MuseumDetail`.`education` AS `MuseumDetail_education`, `MuseumDetail`.`is_active` AS `MuseumDetail_is_active`, `MuseumDetail`.`created_at` AS `MuseumDetail_created_at`, `MuseumDetail`.`updated_at` AS `MuseumDetail_updated_at` FROM `museum_detail` `MuseumDetail` WHERE ((`MuseumDetail`.`museum_id` = ?) AND (`MuseumDetail`.`is_active` = ?)) LIMIT 1 -- PARAMETERS: [21,true]
query: SELECT `Museum`.`id` AS `Museum_id`, `Museum`.`name` AS `Museum_name`, `Museum`.`province` AS `Museum_province`, `Museum`.`type` AS `Museum_type`, `Museum`.`image` AS `Museum_image`, `Museum`.`description` AS `Museum_description`, `Museum`.`artifacts_count` AS `Museum_artifacts_count`, `Museum`.`exhibitions_count` AS `Museum_exhibitions_count`, `Museum`.`visitors` AS `Museum_visitors`, `Museum`.`features` AS `Museum_features`, `Museum`.`is_active` AS `Museum_is_active`, `Museum`.`created_at` AS `Museum_created_at`, `Museum`.`updated_at` AS `Museum_updated_at` FROM `museum` `Museum` WHERE ((`Museum`.`id` = ?) AND (`Museum`.`is_active` = ?)) LIMIT 1 -- PARAMETERS: [22,true]
query: SELECT `MuseumDetail`.`id` AS `MuseumDetail_id`, `MuseumDetail`.`museum_id` AS `MuseumDetail_museum_id`, `MuseumDetail`.`visit_info` AS `MuseumDetail_visit_info`, `MuseumDetail`.`history` AS `MuseumDetail_history`, `MuseumDetail`.`architecture` AS `MuseumDetail_architecture`, `MuseumDetail`.`highlights` AS `MuseumDetail_highlights`, `MuseumDetail`.`education` AS `MuseumDetail_education`, `MuseumDetail`.`is_active` AS `MuseumDetail_is_active`, `MuseumDetail`.`created_at` AS `MuseumDetail_created_at`, `MuseumDetail`.`updated_at` AS `MuseumDetail_updated_at` FROM `museum_detail` `MuseumDetail` WHERE ((`MuseumDetail`.`museum_id` = ?) AND (`MuseumDetail`.`is_active` = ?)) LIMIT 1 -- PARAMETERS: [22,true]
query: SELECT `Museum`.`id` AS `Museum_id`, `Museum`.`name` AS `Museum_name`, `Museum`.`province` AS `Museum_province`, `Museum`.`type` AS `Museum_type`, `Museum`.`image` AS `Museum_image`, `Museum`.`description` AS `Museum_description`, `Museum`.`artifacts_count` AS `Museum_artifacts_count`, `Museum`.`exhibitions_count` AS `Museum_exhibitions_count`, `Museum`.`visitors` AS `Museum_visitors`, `Museum`.`features` AS `Museum_features`, `Museum`.`is_active` AS `Museum_is_active`, `Museum`.`created_at` AS `Museum_created_at`, `Museum`.`updated_at` AS `Museum_updated_at` FROM `museum` `Museum` WHERE ((`Museum`.`id` = ?) AND (`Museum`.`is_active` = ?)) LIMIT 1 -- PARAMETERS: [23,true]
query: SELECT `MuseumDetail`.`id` AS `MuseumDetail_id`, `MuseumDetail`.`museum_id` AS `MuseumDetail_museum_id`, `MuseumDetail`.`visit_info` AS `MuseumDetail_visit_info`, `MuseumDetail`.`history` AS `MuseumDetail_history`, `MuseumDetail`.`architecture` AS `MuseumDetail_architecture`, `MuseumDetail`.`highlights` AS `MuseumDetail_highlights`, `MuseumDetail`.`education` AS `MuseumDetail_education`, `MuseumDetail`.`is_active` AS `MuseumDetail_is_active`, `MuseumDetail`.`created_at` AS `MuseumDetail_created_at`, `MuseumDetail`.`updated_at` AS `MuseumDetail_updated_at` FROM `museum_detail` `MuseumDetail` WHERE ((`MuseumDetail`.`museum_id` = ?) AND (`MuseumDetail`.`is_active` = ?)) LIMIT 1 -- PARAMETERS: [23,true]
query: SELECT `Museum`.`id` AS `Museum_id`, `Museum`.`name` AS `Museum_name`, `Museum`.`province` AS `Museum_province`, `Museum`.`type` AS `Museum_type`, `Museum`.`image` AS `Museum_image`, `Museum`.`description` AS `Museum_description`, `Museum`.`artifacts_count` AS `Museum_artifacts_count`, `Museum`.`exhibitions_count` AS `Museum_exhibitions_count`, `Museum`.`visitors` AS `Museum_visitors`, `Museum`.`features` AS `Museum_features`, `Museum`.`is_active` AS `Museum_is_active`, `Museum`.`created_at` AS `Museum_created_at`, `Museum`.`updated_at` AS `Museum_updated_at` FROM `museum` `Museum` WHERE ((`Museum`.`id` = ?) AND (`Museum`.`is_active` = ?)) LIMIT 1 -- PARAMETERS: [24,true]
query: SELECT `MuseumDetail`.`id` AS `MuseumDetail_id`, `MuseumDetail`.`museum_id` AS `MuseumDetail_museum_id`, `MuseumDetail`.`visit_info` AS `MuseumDetail_visit_info`, `MuseumDetail`.`history` AS `MuseumDetail_history`, `MuseumDetail`.`architecture` AS `MuseumDetail_architecture`, `MuseumDetail`.`highlights` AS `MuseumDetail_highlights`, `MuseumDetail`.`education` AS `MuseumDetail_education`, `MuseumDetail`.`is_active` AS `MuseumDetail_is_active`, `MuseumDetail`.`created_at` AS `MuseumDetail_created_at`, `MuseumDetail`.`updated_at` AS `MuseumDetail_updated_at` FROM `museum_detail` `MuseumDetail` WHERE ((`MuseumDetail`.`museum_id` = ?) AND (`MuseumDetail`.`is_active` = ?)) LIMIT 1 -- PARAMETERS: [24,true]
query: SELECT `Museum`.`id` AS `Museum_id`, `Museum`.`name` AS `Museum_name`, `Museum`.`province` AS `Museum_province`, `Museum`.`type` AS `Museum_type`, `Museum`.`image` AS `Museum_image`, `Museum`.`description` AS `Museum_description`, `Museum`.`artifacts_count` AS `Museum_artifacts_count`, `Museum`.`exhibitions_count` AS `Museum_exhibitions_count`, `Museum`.`visitors` AS `Museum_visitors`, `Museum`.`features` AS `Museum_features`, `Museum`.`is_active` AS `Museum_is_active`, `Museum`.`created_at` AS `Museum_created_at`, `Museum`.`updated_at` AS `Museum_updated_at` FROM `museum` `Museum` WHERE ((`Museum`.`id` = ?) AND (`Museum`.`is_active` = ?)) LIMIT 1 -- PARAMETERS: [25,true]
query: SELECT `MuseumDetail`.`id` AS `MuseumDetail_id`, `MuseumDetail`.`museum_id` AS `MuseumDetail_museum_id`, `MuseumDetail`.`visit_info` AS `MuseumDetail_visit_info`, `MuseumDetail`.`history` AS `MuseumDetail_history`, `MuseumDetail`.`architecture` AS `MuseumDetail_architecture`, `MuseumDetail`.`highlights` AS `MuseumDetail_highlights`, `MuseumDetail`.`education` AS `MuseumDetail_education`, `MuseumDetail`.`is_active` AS `MuseumDetail_is_active`, `MuseumDetail`.`created_at` AS `MuseumDetail_created_at`, `MuseumDetail`.`updated_at` AS `MuseumDetail_updated_at` FROM `museum_detail` `MuseumDetail` WHERE ((`MuseumDetail`.`museum_id` = ?) AND (`MuseumDetail`.`is_active` = ?)) LIMIT 1 -- PARAMETERS: [25,true]
query: SELECT `Museum`.`id` AS `Museum_id`, `Museum`.`name` AS `Museum_name`, `Museum`.`province` AS `Museum_province`, `Museum`.`type` AS `Museum_type`, `Museum`.`image` AS `Museum_image`, `Museum`.`description` AS `Museum_description`, `Museum`.`artifacts_count` AS `Museum_artifacts_count`, `Museum`.`exhibitions_count` AS `Museum_exhibitions_count`, `Museum`.`visitors` AS `Museum_visitors`, `Museum`.`features` AS `Museum_features`, `Museum`.`is_active` AS `Museum_is_active`, `Museum`.`created_at` AS `Museum_created_at`, `Museum`.`updated_at` AS `Museum_updated_at` FROM `museum` `Museum` WHERE ((`Museum`.`id` = ?) AND (`Museum`.`is_active` = ?)) LIMIT 1 -- PARAMETERS: [26,true]
query: SELECT `MuseumDetail`.`id` AS `MuseumDetail_id`, `MuseumDetail`.`museum_id` AS `MuseumDetail_museum_id`, `MuseumDetail`.`visit_info` AS `MuseumDetail_visit_info`, `MuseumDetail`.`history` AS `MuseumDetail_history`, `MuseumDetail`.`architecture` AS `MuseumDetail_architecture`, `MuseumDetail`.`highlights` AS `MuseumDetail_highlights`, `MuseumDetail`.`education` AS `MuseumDetail_education`, `MuseumDetail`.`is_active` AS `MuseumDetail_is_active`, `MuseumDetail`.`created_at` AS `MuseumDetail_created_at`, `MuseumDetail`.`updated_at` AS `MuseumDetail_updated_at` FROM `museum_detail` `MuseumDetail` WHERE ((`MuseumDetail`.`museum_id` = ?) AND (`MuseumDetail`.`is_active` = ?)) LIMIT 1 -- PARAMETERS: [26,true]
query: SELECT `Museum`.`id` AS `Museum_id`, `Museum`.`name` AS `Museum_name`, `Museum`.`province` AS `Museum_province`, `Museum`.`type` AS `Museum_type`, `Museum`.`image` AS `Museum_image`, `Museum`.`description` AS `Museum_description`, `Museum`.`artifacts_count` AS `Museum_artifacts_count`, `Museum`.`exhibitions_count` AS `Museum_exhibitions_count`, `Museum`.`visitors` AS `Museum_visitors`, `Museum`.`features` AS `Museum_features`, `Museum`.`is_active` AS `Museum_is_active`, `Museum`.`created_at` AS `Museum_created_at`, `Museum`.`updated_at` AS `Museum_updated_at` FROM `museum` `Museum` WHERE ((`Museum`.`id` = ?) AND (`Museum`.`is_active` = ?)) LIMIT 1 -- PARAMETERS: [27,true]
query: SELECT `MuseumDetail`.`id` AS `MuseumDetail_id`, `MuseumDetail`.`museum_id` AS `MuseumDetail_museum_id`, `MuseumDetail`.`visit_info` AS `MuseumDetail_visit_info`, `MuseumDetail`.`history` AS `MuseumDetail_history`, `MuseumDetail`.`architecture` AS `MuseumDetail_architecture`, `MuseumDetail`.`highlights` AS `MuseumDetail_highlights`, `MuseumDetail`.`education` AS `MuseumDetail_education`, `MuseumDetail`.`is_active` AS `MuseumDetail_is_active`, `MuseumDetail`.`created_at` AS `MuseumDetail_created_at`, `MuseumDetail`.`updated_at` AS `MuseumDetail_updated_at` FROM `museum_detail` `MuseumDetail` WHERE ((`MuseumDetail`.`museum_id` = ?) AND (`MuseumDetail`.`is_active` = ?)) LIMIT 1 -- PARAMETERS: [27,true]
query: SELECT `Museum`.`id` AS `Museum_id`, `Museum`.`name` AS `Museum_name`, `Museum`.`province` AS `Museum_province`, `Museum`.`type` AS `Museum_type`, `Museum`.`image` AS `Museum_image`, `Museum`.`description` AS `Museum_description`, `Museum`.`artifacts_count` AS `Museum_artifacts_count`, `Museum`.`exhibitions_count` AS `Museum_exhibitions_count`, `Museum`.`visitors` AS `Museum_visitors`, `Museum`.`features` AS `Museum_features`, `Museum`.`is_active` AS `Museum_is_active`, `Museum`.`created_at` AS `Museum_created_at`, `Museum`.`updated_at` AS `Museum_updated_at` FROM `museum` `Museum` WHERE ((`Museum`.`id` = ?) AND (`Museum`.`is_active` = ?)) LIMIT 1 -- PARAMETERS: [28,true]
query: SELECT `MuseumDetail`.`id` AS `MuseumDetail_id`, `MuseumDetail`.`museum_id` AS `MuseumDetail_museum_id`, `MuseumDetail`.`visit_info` AS `MuseumDetail_visit_info`, `MuseumDetail`.`history` AS `MuseumDetail_history`, `MuseumDetail`.`architecture` AS `MuseumDetail_architecture`, `MuseumDetail`.`highlights` AS `MuseumDetail_highlights`, `MuseumDetail`.`education` AS `MuseumDetail_education`, `MuseumDetail`.`is_active` AS `MuseumDetail_is_active`, `MuseumDetail`.`created_at` AS `MuseumDetail_created_at`, `MuseumDetail`.`updated_at` AS `MuseumDetail_updated_at` FROM `museum_detail` `MuseumDetail` WHERE ((`MuseumDetail`.`museum_id` = ?) AND (`MuseumDetail`.`is_active` = ?)) LIMIT 1 -- PARAMETERS: [28,true]
query: SELECT `Museum`.`id` AS `Museum_id`, `Museum`.`name` AS `Museum_name`, `Museum`.`province` AS `Museum_province`, `Museum`.`type` AS `Museum_type`, `Museum`.`image` AS `Museum_image`, `Museum`.`description` AS `Museum_description`, `Museum`.`artifacts_count` AS `Museum_artifacts_count`, `Museum`.`exhibitions_count` AS `Museum_exhibitions_count`, `Museum`.`visitors` AS `Museum_visitors`, `Museum`.`features` AS `Museum_features`, `Museum`.`is_active` AS `Museum_is_active`, `Museum`.`created_at` AS `Museum_created_at`, `Museum`.`updated_at` AS `Museum_updated_at` FROM `museum` `Museum` WHERE ((`Museum`.`id` = ?) AND (`Museum`.`is_active` = ?)) LIMIT 1 -- PARAMETERS: [29,true]
query: SELECT `MuseumDetail`.`id` AS `MuseumDetail_id`, `MuseumDetail`.`museum_id` AS `MuseumDetail_museum_id`, `MuseumDetail`.`visit_info` AS `MuseumDetail_visit_info`, `MuseumDetail`.`history` AS `MuseumDetail_history`, `MuseumDetail`.`architecture` AS `MuseumDetail_architecture`, `MuseumDetail`.`highlights` AS `MuseumDetail_highlights`, `MuseumDetail`.`education` AS `MuseumDetail_education`, `MuseumDetail`.`is_active` AS `MuseumDetail_is_active`, `MuseumDetail`.`created_at` AS `MuseumDetail_created_at`, `MuseumDetail`.`updated_at` AS `MuseumDetail_updated_at` FROM `museum_detail` `MuseumDetail` WHERE ((`MuseumDetail`.`museum_id` = ?) AND (`MuseumDetail`.`is_active` = ?)) LIMIT 1 -- PARAMETERS: [29,true]
query: SELECT `Museum`.`id` AS `Museum_id`, `Museum`.`name` AS `Museum_name`, `Museum`.`province` AS `Museum_province`, `Museum`.`type` AS `Museum_type`, `Museum`.`image` AS `Museum_image`, `Museum`.`description` AS `Museum_description`, `Museum`.`artifacts_count` AS `Museum_artifacts_count`, `Museum`.`exhibitions_count` AS `Museum_exhibitions_count`, `Museum`.`visitors` AS `Museum_visitors`, `Museum`.`features` AS `Museum_features`, `Museum`.`is_active` AS `Museum_is_active`, `Museum`.`created_at` AS `Museum_created_at`, `Museum`.`updated_at` AS `Museum_updated_at` FROM `museum` `Museum` WHERE ((`Museum`.`id` = ?) AND (`Museum`.`is_active` = ?)) LIMIT 1 -- PARAMETERS: [30,true]
query: SELECT `MuseumDetail`.`id` AS `MuseumDetail_id`, `MuseumDetail`.`museum_id` AS `MuseumDetail_museum_id`, `MuseumDetail`.`visit_info` AS `MuseumDetail_visit_info`, `MuseumDetail`.`history` AS `MuseumDetail_history`, `MuseumDetail`.`architecture` AS `MuseumDetail_architecture`, `MuseumDetail`.`highlights` AS `MuseumDetail_highlights`, `MuseumDetail`.`education` AS `MuseumDetail_education`, `MuseumDetail`.`is_active` AS `MuseumDetail_is_active`, `MuseumDetail`.`created_at` AS `MuseumDetail_created_at`, `MuseumDetail`.`updated_at` AS `MuseumDetail_updated_at` FROM `museum_detail` `MuseumDetail` WHERE ((`MuseumDetail`.`museum_id` = ?) AND (`MuseumDetail`.`is_active` = ?)) LIMIT 1 -- PARAMETERS: [30,true]
query: SELECT `Museum`.`id` AS `Museum_id`, `Museum`.`name` AS `Museum_name`, `Museum`.`province` AS `Museum_province`, `Museum`.`type` AS `Museum_type`, `Museum`.`image` AS `Museum_image`, `Museum`.`description` AS `Museum_description`, `Museum`.`artifacts_count` AS `Museum_artifacts_count`, `Museum`.`exhibitions_count` AS `Museum_exhibitions_count`, `Museum`.`visitors` AS `Museum_visitors`, `Museum`.`features` AS `Museum_features`, `Museum`.`is_active` AS `Museum_is_active`, `Museum`.`created_at` AS `Museum_created_at`, `Museum`.`updated_at` AS `Museum_updated_at` FROM `museum` `Museum` WHERE ((`Museum`.`id` = ?) AND (`Museum`.`is_active` = ?)) LIMIT 1 -- PARAMETERS: [31,true]
query: SELECT `MuseumDetail`.`id` AS `MuseumDetail_id`, `MuseumDetail`.`museum_id` AS `MuseumDetail_museum_id`, `MuseumDetail`.`visit_info` AS `MuseumDetail_visit_info`, `MuseumDetail`.`history` AS `MuseumDetail_history`, `MuseumDetail`.`architecture` AS `MuseumDetail_architecture`, `MuseumDetail`.`highlights` AS `MuseumDetail_highlights`, `MuseumDetail`.`education` AS `MuseumDetail_education`, `MuseumDetail`.`is_active` AS `MuseumDetail_is_active`, `MuseumDetail`.`created_at` AS `MuseumDetail_created_at`, `MuseumDetail`.`updated_at` AS `MuseumDetail_updated_at` FROM `museum_detail` `MuseumDetail` WHERE ((`MuseumDetail`.`museum_id` = ?) AND (`MuseumDetail`.`is_active` = ?)) LIMIT 1 -- PARAMETERS: [31,true]
query: SELECT `Museum`.`id` AS `Museum_id`, `Museum`.`name` AS `Museum_name`, `Museum`.`province` AS `Museum_province`, `Museum`.`type` AS `Museum_type`, `Museum`.`image` AS `Museum_image`, `Museum`.`description` AS `Museum_description`, `Museum`.`artifacts_count` AS `Museum_artifacts_count`, `Museum`.`exhibitions_count` AS `Museum_exhibitions_count`, `Museum`.`visitors` AS `Museum_visitors`, `Museum`.`features` AS `Museum_features`, `Museum`.`is_active` AS `Museum_is_active`, `Museum`.`created_at` AS `Museum_created_at`, `Museum`.`updated_at` AS `Museum_updated_at` FROM `museum` `Museum` WHERE ((`Museum`.`id` = ?) AND (`Museum`.`is_active` = ?)) LIMIT 1 -- PARAMETERS: [32,true]
query: SELECT `MuseumDetail`.`id` AS `MuseumDetail_id`, `MuseumDetail`.`museum_id` AS `MuseumDetail_museum_id`, `MuseumDetail`.`visit_info` AS `MuseumDetail_visit_info`, `MuseumDetail`.`history` AS `MuseumDetail_history`, `MuseumDetail`.`architecture` AS `MuseumDetail_architecture`, `MuseumDetail`.`highlights` AS `MuseumDetail_highlights`, `MuseumDetail`.`education` AS `MuseumDetail_education`, `MuseumDetail`.`is_active` AS `MuseumDetail_is_active`, `MuseumDetail`.`created_at` AS `MuseumDetail_created_at`, `MuseumDetail`.`updated_at` AS `MuseumDetail_updated_at` FROM `museum_detail` `MuseumDetail` WHERE ((`MuseumDetail`.`museum_id` = ?) AND (`MuseumDetail`.`is_active` = ?)) LIMIT 1 -- PARAMETERS: [32,true]
query: SELECT `Museum`.`id` AS `Museum_id`, `Museum`.`name` AS `Museum_name`, `Museum`.`province` AS `Museum_province`, `Museum`.`type` AS `Museum_type`, `Museum`.`image` AS `Museum_image`, `Museum`.`description` AS `Museum_description`, `Museum`.`artifacts_count` AS `Museum_artifacts_count`, `Museum`.`exhibitions_count` AS `Museum_exhibitions_count`, `Museum`.`visitors` AS `Museum_visitors`, `Museum`.`features` AS `Museum_features`, `Museum`.`is_active` AS `Museum_is_active`, `Museum`.`created_at` AS `Museum_created_at`, `Museum`.`updated_at` AS `Museum_updated_at` FROM `museum` `Museum` WHERE ((`Museum`.`id` = ?) AND (`Museum`.`is_active` = ?)) LIMIT 1 -- PARAMETERS: [33,true]
query: SELECT `MuseumDetail`.`id` AS `MuseumDetail_id`, `MuseumDetail`.`museum_id` AS `MuseumDetail_museum_id`, `MuseumDetail`.`visit_info` AS `MuseumDetail_visit_info`, `MuseumDetail`.`history` AS `MuseumDetail_history`, `MuseumDetail`.`architecture` AS `MuseumDetail_architecture`, `MuseumDetail`.`highlights` AS `MuseumDetail_highlights`, `MuseumDetail`.`education` AS `MuseumDetail_education`, `MuseumDetail`.`is_active` AS `MuseumDetail_is_active`, `MuseumDetail`.`created_at` AS `MuseumDetail_created_at`, `MuseumDetail`.`updated_at` AS `MuseumDetail_updated_at` FROM `museum_detail` `MuseumDetail` WHERE ((`MuseumDetail`.`museum_id` = ?) AND (`MuseumDetail`.`is_active` = ?)) LIMIT 1 -- PARAMETERS: [33,true]
query: SELECT `Museum`.`id` AS `Museum_id`, `Museum`.`name` AS `Museum_name`, `Museum`.`province` AS `Museum_province`, `Museum`.`type` AS `Museum_type`, `Museum`.`image` AS `Museum_image`, `Museum`.`description` AS `Museum_description`, `Museum`.`artifacts_count` AS `Museum_artifacts_count`, `Museum`.`exhibitions_count` AS `Museum_exhibitions_count`, `Museum`.`visitors` AS `Museum_visitors`, `Museum`.`features` AS `Museum_features`, `Museum`.`is_active` AS `Museum_is_active`, `Museum`.`created_at` AS `Museum_created_at`, `Museum`.`updated_at` AS `Museum_updated_at` FROM `museum` `Museum` WHERE ((`Museum`.`id` = ?) AND (`Museum`.`is_active` = ?)) LIMIT 1 -- PARAMETERS: [34,true]
query: SELECT `MuseumDetail`.`id` AS `MuseumDetail_id`, `MuseumDetail`.`museum_id` AS `MuseumDetail_museum_id`, `MuseumDetail`.`visit_info` AS `MuseumDetail_visit_info`, `MuseumDetail`.`history` AS `MuseumDetail_history`, `MuseumDetail`.`architecture` AS `MuseumDetail_architecture`, `MuseumDetail`.`highlights` AS `MuseumDetail_highlights`, `MuseumDetail`.`education` AS `MuseumDetail_education`, `MuseumDetail`.`is_active` AS `MuseumDetail_is_active`, `MuseumDetail`.`created_at` AS `MuseumDetail_created_at`, `MuseumDetail`.`updated_at` AS `MuseumDetail_updated_at` FROM `museum_detail` `MuseumDetail` WHERE ((`MuseumDetail`.`museum_id` = ?) AND (`MuseumDetail`.`is_active` = ?)) LIMIT 1 -- PARAMETERS: [34,true]
query: SELECT `Museum`.`id` AS `Museum_id`, `Museum`.`name` AS `Museum_name`, `Museum`.`province` AS `Museum_province`, `Museum`.`type` AS `Museum_type`, `Museum`.`image` AS `Museum_image`, `Museum`.`description` AS `Museum_description`, `Museum`.`artifacts_count` AS `Museum_artifacts_count`, `Museum`.`exhibitions_count` AS `Museum_exhibitions_count`, `Museum`.`visitors` AS `Museum_visitors`, `Museum`.`features` AS `Museum_features`, `Museum`.`is_active` AS `Museum_is_active`, `Museum`.`created_at` AS `Museum_created_at`, `Museum`.`updated_at` AS `Museum_updated_at` FROM `museum` `Museum` WHERE ((`Museum`.`id` = ?) AND (`Museum`.`is_active` = ?)) LIMIT 1 -- PARAMETERS: [35,true]
query: SELECT `MuseumDetail`.`id` AS `MuseumDetail_id`, `MuseumDetail`.`museum_id` AS `MuseumDetail_museum_id`, `MuseumDetail`.`visit_info` AS `MuseumDetail_visit_info`, `MuseumDetail`.`history` AS `MuseumDetail_history`, `MuseumDetail`.`architecture` AS `MuseumDetail_architecture`, `MuseumDetail`.`highlights` AS `MuseumDetail_highlights`, `MuseumDetail`.`education` AS `MuseumDetail_education`, `MuseumDetail`.`is_active` AS `MuseumDetail_is_active`, `MuseumDetail`.`created_at` AS `MuseumDetail_created_at`, `MuseumDetail`.`updated_at` AS `MuseumDetail_updated_at` FROM `museum_detail` `MuseumDetail` WHERE ((`MuseumDetail`.`museum_id` = ?) AND (`MuseumDetail`.`is_active` = ?)) LIMIT 1 -- PARAMETERS: [35,true]
query: SELECT `Museum`.`id` AS `Museum_id`, `Museum`.`name` AS `Museum_name`, `Museum`.`province` AS `Museum_province`, `Museum`.`type` AS `Museum_type`, `Museum`.`image` AS `Museum_image`, `Museum`.`description` AS `Museum_description`, `Museum`.`artifacts_count` AS `Museum_artifacts_count`, `Museum`.`exhibitions_count` AS `Museum_exhibitions_count`, `Museum`.`visitors` AS `Museum_visitors`, `Museum`.`features` AS `Museum_features`, `Museum`.`is_active` AS `Museum_is_active`, `Museum`.`created_at` AS `Museum_created_at`, `Museum`.`updated_at` AS `Museum_updated_at` FROM `museum` `Museum` WHERE ((`Museum`.`id` = ?) AND (`Museum`.`is_active` = ?)) LIMIT 1 -- PARAMETERS: [36,true]
query: SELECT `MuseumDetail`.`id` AS `MuseumDetail_id`, `MuseumDetail`.`museum_id` AS `MuseumDetail_museum_id`, `MuseumDetail`.`visit_info` AS `MuseumDetail_visit_info`, `MuseumDetail`.`history` AS `MuseumDetail_history`, `MuseumDetail`.`architecture` AS `MuseumDetail_architecture`, `MuseumDetail`.`highlights` AS `MuseumDetail_highlights`, `MuseumDetail`.`education` AS `MuseumDetail_education`, `MuseumDetail`.`is_active` AS `MuseumDetail_is_active`, `MuseumDetail`.`created_at` AS `MuseumDetail_created_at`, `MuseumDetail`.`updated_at` AS `MuseumDetail_updated_at` FROM `museum_detail` `MuseumDetail` WHERE ((`MuseumDetail`.`museum_id` = ?) AND (`MuseumDetail`.`is_active` = ?)) LIMIT 1 -- PARAMETERS: [36,true]
query: SELECT `Museum`.`id` AS `Museum_id`, `Museum`.`name` AS `Museum_name`, `Museum`.`province` AS `Museum_province`, `Museum`.`type` AS `Museum_type`, `Museum`.`image` AS `Museum_image`, `Museum`.`description` AS `Museum_description`, `Museum`.`artifacts_count` AS `Museum_artifacts_count`, `Museum`.`exhibitions_count` AS `Museum_exhibitions_count`, `Museum`.`visitors` AS `Museum_visitors`, `Museum`.`features` AS `Museum_features`, `Museum`.`is_active` AS `Museum_is_active`, `Museum`.`created_at` AS `Museum_created_at`, `Museum`.`updated_at` AS `Museum_updated_at` FROM `museum` `Museum` WHERE ((`Museum`.`id` = ?) AND (`Museum`.`is_active` = ?)) LIMIT 1 -- PARAMETERS: [37,true]
query: SELECT `MuseumDetail`.`id` AS `MuseumDetail_id`, `MuseumDetail`.`museum_id` AS `MuseumDetail_museum_id`, `MuseumDetail`.`visit_info` AS `MuseumDetail_visit_info`, `MuseumDetail`.`history` AS `MuseumDetail_history`, `MuseumDetail`.`architecture` AS `MuseumDetail_architecture`, `MuseumDetail`.`highlights` AS `MuseumDetail_highlights`, `MuseumDetail`.`education` AS `MuseumDetail_education`, `MuseumDetail`.`is_active` AS `MuseumDetail_is_active`, `MuseumDetail`.`created_at` AS `MuseumDetail_created_at`, `MuseumDetail`.`updated_at` AS `MuseumDetail_updated_at` FROM `museum_detail` `MuseumDetail` WHERE ((`MuseumDetail`.`museum_id` = ?) AND (`MuseumDetail`.`is_active` = ?)) LIMIT 1 -- PARAMETERS: [37,true]
query: SELECT `Museum`.`id` AS `Museum_id`, `Museum`.`name` AS `Museum_name`, `Museum`.`province` AS `Museum_province`, `Museum`.`type` AS `Museum_type`, `Museum`.`image` AS `Museum_image`, `Museum`.`description` AS `Museum_description`, `Museum`.`artifacts_count` AS `Museum_artifacts_count`, `Museum`.`exhibitions_count` AS `Museum_exhibitions_count`, `Museum`.`visitors` AS `Museum_visitors`, `Museum`.`features` AS `Museum_features`, `Museum`.`is_active` AS `Museum_is_active`, `Museum`.`created_at` AS `Museum_created_at`, `Museum`.`updated_at` AS `Museum_updated_at` FROM `museum` `Museum` WHERE ((`Museum`.`id` = ?) AND (`Museum`.`is_active` = ?)) LIMIT 1 -- PARAMETERS: [38,true]
query: SELECT `MuseumDetail`.`id` AS `MuseumDetail_id`, `MuseumDetail`.`museum_id` AS `MuseumDetail_museum_id`, `MuseumDetail`.`visit_info` AS `MuseumDetail_visit_info`, `MuseumDetail`.`history` AS `MuseumDetail_history`, `MuseumDetail`.`architecture` AS `MuseumDetail_architecture`, `MuseumDetail`.`highlights` AS `MuseumDetail_highlights`, `MuseumDetail`.`education` AS `MuseumDetail_education`, `MuseumDetail`.`is_active` AS `MuseumDetail_is_active`, `MuseumDetail`.`created_at` AS `MuseumDetail_created_at`, `MuseumDetail`.`updated_at` AS `MuseumDetail_updated_at` FROM `museum_detail` `MuseumDetail` WHERE ((`MuseumDetail`.`museum_id` = ?) AND (`MuseumDetail`.`is_active` = ?)) LIMIT 1 -- PARAMETERS: [38,true]
query: SELECT `MuseumDetail`.`id` AS `MuseumDetail_id`, `MuseumDetail`.`museum_id` AS `MuseumDetail_museum_id`, `MuseumDetail`.`visit_info` AS `MuseumDetail_visit_info`, `MuseumDetail`.`history` AS `MuseumDetail_history`, `MuseumDetail`.`architecture` AS `MuseumDetail_architecture`, `MuseumDetail`.`highlights` AS `MuseumDetail_highlights`, `MuseumDetail`.`education` AS `MuseumDetail_education`, `MuseumDetail`.`is_active` AS `MuseumDetail_is_active`, `MuseumDetail`.`created_at` AS `MuseumDetail_created_at`, `MuseumDetail`.`updated_at` AS `MuseumDetail_updated_at` FROM `museum_detail` `MuseumDetail` WHERE ((`MuseumDetail`.`museum_id` = ?) AND (`MuseumDetail`.`is_active` = ?)) LIMIT 1 -- PARAMETERS: [5,true]
query: SELECT `MuseumDetail`.`id` AS `MuseumDetail_id`, `MuseumDetail`.`museum_id` AS `MuseumDetail_museum_id`, `MuseumDetail`.`visit_info` AS `MuseumDetail_visit_info`, `MuseumDetail`.`history` AS `MuseumDetail_history`, `MuseumDetail`.`architecture` AS `MuseumDetail_architecture`, `MuseumDetail`.`highlights` AS `MuseumDetail_highlights`, `MuseumDetail`.`education` AS `MuseumDetail_education`, `MuseumDetail`.`is_active` AS `MuseumDetail_is_active`, `MuseumDetail`.`created_at` AS `MuseumDetail_created_at`, `MuseumDetail`.`updated_at` AS `MuseumDetail_updated_at` FROM `museum_detail` `MuseumDetail` WHERE ((`MuseumDetail`.`museum_id` = ?) AND (`MuseumDetail`.`is_active` = ?)) LIMIT 1 -- PARAMETERS: [8,true]
query: SELECT `MuseumDetail`.`id` AS `MuseumDetail_id`, `MuseumDetail`.`museum_id` AS `MuseumDetail_museum_id`, `MuseumDetail`.`visit_info` AS `MuseumDetail_visit_info`, `MuseumDetail`.`history` AS `MuseumDetail_history`, `MuseumDetail`.`architecture` AS `MuseumDetail_architecture`, `MuseumDetail`.`highlights` AS `MuseumDetail_highlights`, `MuseumDetail`.`education` AS `MuseumDetail_education`, `MuseumDetail`.`is_active` AS `MuseumDetail_is_active`, `MuseumDetail`.`created_at` AS `MuseumDetail_created_at`, `MuseumDetail`.`updated_at` AS `MuseumDetail_updated_at` FROM `museum_detail` `MuseumDetail` WHERE ((`MuseumDetail`.`museum_id` = ?) AND (`MuseumDetail`.`is_active` = ?)) LIMIT 1 -- PARAMETERS: [6,true]
query: SELECT `MuseumDetail`.`id` AS `MuseumDetail_id`, `MuseumDetail`.`museum_id` AS `MuseumDetail_museum_id`, `MuseumDetail`.`visit_info` AS `MuseumDetail_visit_info`, `MuseumDetail`.`history` AS `MuseumDetail_history`, `MuseumDetail`.`architecture` AS `MuseumDetail_architecture`, `MuseumDetail`.`highlights` AS `MuseumDetail_highlights`, `MuseumDetail`.`education` AS `MuseumDetail_education`, `MuseumDetail`.`is_active` AS `MuseumDetail_is_active`, `MuseumDetail`.`created_at` AS `MuseumDetail_created_at`, `MuseumDetail`.`updated_at` AS `MuseumDetail_updated_at` FROM `museum_detail` `MuseumDetail` WHERE ((`MuseumDetail`.`museum_id` = ?) AND (`MuseumDetail`.`is_active` = ?)) LIMIT 1 -- PARAMETERS: [7,true]
query: SELECT `MuseumDetail`.`id` AS `MuseumDetail_id`, `MuseumDetail`.`museum_id` AS `MuseumDetail_museum_id`, `MuseumDetail`.`visit_info` AS `MuseumDetail_visit_info`, `MuseumDetail`.`history` AS `MuseumDetail_history`, `MuseumDetail`.`architecture` AS `MuseumDetail_architecture`, `MuseumDetail`.`highlights` AS `MuseumDetail_highlights`, `MuseumDetail`.`education` AS `MuseumDetail_education`, `MuseumDetail`.`is_active` AS `MuseumDetail_is_active`, `MuseumDetail`.`created_at` AS `MuseumDetail_created_at`, `MuseumDetail`.`updated_at` AS `MuseumDetail_updated_at` FROM `museum_detail` `MuseumDetail` WHERE ((`MuseumDetail`.`museum_id` = ?) AND (`MuseumDetail`.`is_active` = ?)) LIMIT 1 -- PARAMETERS: [9,true]
query: SELECT `MuseumDetail`.`id` AS `MuseumDetail_id`, `MuseumDetail`.`museum_id` AS `MuseumDetail_museum_id`, `MuseumDetail`.`visit_info` AS `MuseumDetail_visit_info`, `MuseumDetail`.`history` AS `MuseumDetail_history`, `MuseumDetail`.`architecture` AS `MuseumDetail_architecture`, `MuseumDetail`.`highlights` AS `MuseumDetail_highlights`, `MuseumDetail`.`education` AS `MuseumDetail_education`, `MuseumDetail`.`is_active` AS `MuseumDetail_is_active`, `MuseumDetail`.`created_at` AS `MuseumDetail_created_at`, `MuseumDetail`.`updated_at` AS `MuseumDetail_updated_at` FROM `museum_detail` `MuseumDetail` WHERE ((`MuseumDetail`.`museum_id` = ?) AND (`MuseumDetail`.`is_active` = ?)) LIMIT 1 -- PARAMETERS: [10,true]
query: SELECT `MuseumDetail`.`id` AS `MuseumDetail_id`, `MuseumDetail`.`museum_id` AS `MuseumDetail_museum_id`, `MuseumDetail`.`visit_info` AS `MuseumDetail_visit_info`, `MuseumDetail`.`history` AS `MuseumDetail_history`, `MuseumDetail`.`architecture` AS `MuseumDetail_architecture`, `MuseumDetail`.`highlights` AS `MuseumDetail_highlights`, `MuseumDetail`.`education` AS `MuseumDetail_education`, `MuseumDetail`.`is_active` AS `MuseumDetail_is_active`, `MuseumDetail`.`created_at` AS `MuseumDetail_created_at`, `MuseumDetail`.`updated_at` AS `MuseumDetail_updated_at` FROM `museum_detail` `MuseumDetail` WHERE ((`MuseumDetail`.`museum_id` = ?) AND (`MuseumDetail`.`is_active` = ?)) LIMIT 1 -- PARAMETERS: [11,true]
query: SELECT `MuseumDetail`.`id` AS `MuseumDetail_id`, `MuseumDetail`.`museum_id` AS `MuseumDetail_museum_id`, `MuseumDetail`.`visit_info` AS `MuseumDetail_visit_info`, `MuseumDetail`.`history` AS `MuseumDetail_history`, `MuseumDetail`.`architecture` AS `MuseumDetail_architecture`, `MuseumDetail`.`highlights` AS `MuseumDetail_highlights`, `MuseumDetail`.`education` AS `MuseumDetail_education`, `MuseumDetail`.`is_active` AS `MuseumDetail_is_active`, `MuseumDetail`.`created_at` AS `MuseumDetail_created_at`, `MuseumDetail`.`updated_at` AS `MuseumDetail_updated_at` FROM `museum_detail` `MuseumDetail` WHERE ((`MuseumDetail`.`museum_id` = ?) AND (`MuseumDetail`.`is_active` = ?)) LIMIT 1 -- PARAMETERS: [12,true]
query: SELECT `Museum`.`id` AS `Museum_id`, `Museum`.`name` AS `Museum_name`, `Museum`.`province` AS `Museum_province`, `Museum`.`type` AS `Museum_type`, `Museum`.`image` AS `Museum_image`, `Museum`.`description` AS `Museum_description`, `Museum`.`artifacts_count` AS `Museum_artifacts_count`, `Museum`.`exhibitions_count` AS `Museum_exhibitions_count`, `Museum`.`visitors` AS `Museum_visitors`, `Museum`.`features` AS `Museum_features`, `Museum`.`is_active` AS `Museum_is_active`, `Museum`.`created_at` AS `Museum_created_at`, `Museum`.`updated_at` AS `Museum_updated_at` FROM `museum` `Museum` WHERE ((`Museum`.`id` = ?) AND (`Museum`.`is_active` = ?)) LIMIT 1 -- PARAMETERS: [1,true]
query: SELECT `MuseumDetail`.`id` AS `MuseumDetail_id`, `MuseumDetail`.`museum_id` AS `MuseumDetail_museum_id`, `MuseumDetail`.`visit_info` AS `MuseumDetail_visit_info`, `MuseumDetail`.`history` AS `MuseumDetail_history`, `MuseumDetail`.`architecture` AS `MuseumDetail_architecture`, `MuseumDetail`.`highlights` AS `MuseumDetail_highlights`, `MuseumDetail`.`education` AS `MuseumDetail_education`, `MuseumDetail`.`is_active` AS `MuseumDetail_is_active`, `MuseumDetail`.`created_at` AS `MuseumDetail_created_at`, `MuseumDetail`.`updated_at` AS `MuseumDetail_updated_at` FROM `museum_detail` `MuseumDetail` WHERE ((`MuseumDetail`.`museum_id` = ?) AND (`MuseumDetail`.`is_active` = ?)) LIMIT 1 -- PARAMETERS: [1,true]
query: SELECT `Museum`.`id` AS `Museum_id`, `Museum`.`name` AS `Museum_name`, `Museum`.`province` AS `Museum_province`, `Museum`.`type` AS `Museum_type`, `Museum`.`image` AS `Museum_image`, `Museum`.`description` AS `Museum_description`, `Museum`.`artifacts_count` AS `Museum_artifacts_count`, `Museum`.`exhibitions_count` AS `Museum_exhibitions_count`, `Museum`.`visitors` AS `Museum_visitors`, `Museum`.`features` AS `Museum_features`, `Museum`.`is_active` AS `Museum_is_active`, `Museum`.`created_at` AS `Museum_created_at`, `Museum`.`updated_at` AS `Museum_updated_at` FROM `museum` `Museum` WHERE ((`Museum`.`id` = ?) AND (`Museum`.`is_active` = ?)) LIMIT 1 -- PARAMETERS: [2,true]
query: SELECT `MuseumDetail`.`id` AS `MuseumDetail_id`, `MuseumDetail`.`museum_id` AS `MuseumDetail_museum_id`, `MuseumDetail`.`visit_info` AS `MuseumDetail_visit_info`, `MuseumDetail`.`history` AS `MuseumDetail_history`, `MuseumDetail`.`architecture` AS `MuseumDetail_architecture`, `MuseumDetail`.`highlights` AS `MuseumDetail_highlights`, `MuseumDetail`.`education` AS `MuseumDetail_education`, `MuseumDetail`.`is_active` AS `MuseumDetail_is_active`, `MuseumDetail`.`created_at` AS `MuseumDetail_created_at`, `MuseumDetail`.`updated_at` AS `MuseumDetail_updated_at` FROM `museum_detail` `MuseumDetail` WHERE ((`MuseumDetail`.`museum_id` = ?) AND (`MuseumDetail`.`is_active` = ?)) LIMIT 1 -- PARAMETERS: [2,true]
query: SELECT `Museum`.`id` AS `Museum_id`, `Museum`.`name` AS `Museum_name`, `Museum`.`province` AS `Museum_province`, `Museum`.`type` AS `Museum_type`, `Museum`.`image` AS `Museum_image`, `Museum`.`description` AS `Museum_description`, `Museum`.`artifacts_count` AS `Museum_artifacts_count`, `Museum`.`exhibitions_count` AS `Museum_exhibitions_count`, `Museum`.`visitors` AS `Museum_visitors`, `Museum`.`features` AS `Museum_features`, `Museum`.`is_active` AS `Museum_is_active`, `Museum`.`created_at` AS `Museum_created_at`, `Museum`.`updated_at` AS `Museum_updated_at` FROM `museum` `Museum` WHERE ((`Museum`.`id` = ?) AND (`Museum`.`is_active` = ?)) LIMIT 1 -- PARAMETERS: [3,true]
query: SELECT `MuseumDetail`.`id` AS `MuseumDetail_id`, `MuseumDetail`.`museum_id` AS `MuseumDetail_museum_id`, `MuseumDetail`.`visit_info` AS `MuseumDetail_visit_info`, `MuseumDetail`.`history` AS `MuseumDetail_history`, `MuseumDetail`.`architecture` AS `MuseumDetail_architecture`, `MuseumDetail`.`highlights` AS `MuseumDetail_highlights`, `MuseumDetail`.`education` AS `MuseumDetail_education`, `MuseumDetail`.`is_active` AS `MuseumDetail_is_active`, `MuseumDetail`.`created_at` AS `MuseumDetail_created_at`, `MuseumDetail`.`updated_at` AS `MuseumDetail_updated_at` FROM `museum_detail` `MuseumDetail` WHERE ((`MuseumDetail`.`museum_id` = ?) AND (`MuseumDetail`.`is_active` = ?)) LIMIT 1 -- PARAMETERS: [3,true]
query: SELECT `Museum`.`id` AS `Museum_id`, `Museum`.`name` AS `Museum_name`, `Museum`.`province` AS `Museum_province`, `Museum`.`type` AS `Museum_type`, `Museum`.`image` AS `Museum_image`, `Museum`.`description` AS `Museum_description`, `Museum`.`artifacts_count` AS `Museum_artifacts_count`, `Museum`.`exhibitions_count` AS `Museum_exhibitions_count`, `Museum`.`visitors` AS `Museum_visitors`, `Museum`.`features` AS `Museum_features`, `Museum`.`is_active` AS `Museum_is_active`, `Museum`.`created_at` AS `Museum_created_at`, `Museum`.`updated_at` AS `Museum_updated_at` FROM `museum` `Museum` WHERE ((`Museum`.`id` = ?) AND (`Museum`.`is_active` = ?)) LIMIT 1 -- PARAMETERS: [4,true]
query: SELECT `MuseumDetail`.`id` AS `MuseumDetail_id`, `MuseumDetail`.`museum_id` AS `MuseumDetail_museum_id`, `MuseumDetail`.`visit_info` AS `MuseumDetail_visit_info`, `MuseumDetail`.`history` AS `MuseumDetail_history`, `MuseumDetail`.`architecture` AS `MuseumDetail_architecture`, `MuseumDetail`.`highlights` AS `MuseumDetail_highlights`, `MuseumDetail`.`education` AS `MuseumDetail_education`, `MuseumDetail`.`is_active` AS `MuseumDetail_is_active`, `MuseumDetail`.`created_at` AS `MuseumDetail_created_at`, `MuseumDetail`.`updated_at` AS `MuseumDetail_updated_at` FROM `museum_detail` `MuseumDetail` WHERE ((`MuseumDetail`.`museum_id` = ?) AND (`MuseumDetail`.`is_active` = ?)) LIMIT 1 -- PARAMETERS: [4,true]
query: SELECT `Museum`.`id` AS `Museum_id`, `Museum`.`name` AS `Museum_name`, `Museum`.`province` AS `Museum_province`, `Museum`.`type` AS `Museum_type`, `Museum`.`image` AS `Museum_image`, `Museum`.`description` AS `Museum_description`, `Museum`.`artifacts_count` AS `Museum_artifacts_count`, `Museum`.`exhibitions_count` AS `Museum_exhibitions_count`, `Museum`.`visitors` AS `Museum_visitors`, `Museum`.`features` AS `Museum_features`, `Museum`.`is_active` AS `Museum_is_active`, `Museum`.`created_at` AS `Museum_created_at`, `Museum`.`updated_at` AS `Museum_updated_at` FROM `museum` `Museum` WHERE ((`Museum`.`id` = ?) AND (`Museum`.`is_active` = ?)) LIMIT 1 -- PARAMETERS: [5,true]
query: SELECT `MuseumDetail`.`id` AS `MuseumDetail_id`, `MuseumDetail`.`museum_id` AS `MuseumDetail_museum_id`, `MuseumDetail`.`visit_info` AS `MuseumDetail_visit_info`, `MuseumDetail`.`history` AS `MuseumDetail_history`, `MuseumDetail`.`architecture` AS `MuseumDetail_architecture`, `MuseumDetail`.`highlights` AS `MuseumDetail_highlights`, `MuseumDetail`.`education` AS `MuseumDetail_education`, `MuseumDetail`.`is_active` AS `MuseumDetail_is_active`, `MuseumDetail`.`created_at` AS `MuseumDetail_created_at`, `MuseumDetail`.`updated_at` AS `MuseumDetail_updated_at` FROM `museum_detail` `MuseumDetail` WHERE ((`MuseumDetail`.`museum_id` = ?) AND (`MuseumDetail`.`is_active` = ?)) LIMIT 1 -- PARAMETERS: [5,true]
query: SELECT `Museum`.`id` AS `Museum_id`, `Museum`.`name` AS `Museum_name`, `Museum`.`province` AS `Museum_province`, `Museum`.`type` AS `Museum_type`, `Museum`.`image` AS `Museum_image`, `Museum`.`description` AS `Museum_description`, `Museum`.`artifacts_count` AS `Museum_artifacts_count`, `Museum`.`exhibitions_count` AS `Museum_exhibitions_count`, `Museum`.`visitors` AS `Museum_visitors`, `Museum`.`features` AS `Museum_features`, `Museum`.`is_active` AS `Museum_is_active`, `Museum`.`created_at` AS `Museum_created_at`, `Museum`.`updated_at` AS `Museum_updated_at` FROM `museum` `Museum` WHERE ((`Museum`.`id` = ?) AND (`Museum`.`is_active` = ?)) LIMIT 1 -- PARAMETERS: [6,true]
query: SELECT `MuseumDetail`.`id` AS `MuseumDetail_id`, `MuseumDetail`.`museum_id` AS `MuseumDetail_museum_id`, `MuseumDetail`.`visit_info` AS `MuseumDetail_visit_info`, `MuseumDetail`.`history` AS `MuseumDetail_history`, `MuseumDetail`.`architecture` AS `MuseumDetail_architecture`, `MuseumDetail`.`highlights` AS `MuseumDetail_highlights`, `MuseumDetail`.`education` AS `MuseumDetail_education`, `MuseumDetail`.`is_active` AS `MuseumDetail_is_active`, `MuseumDetail`.`created_at` AS `MuseumDetail_created_at`, `MuseumDetail`.`updated_at` AS `MuseumDetail_updated_at` FROM `museum_detail` `MuseumDetail` WHERE ((`MuseumDetail`.`museum_id` = ?) AND (`MuseumDetail`.`is_active` = ?)) LIMIT 1 -- PARAMETERS: [6,true]
query: SELECT `Museum`.`id` AS `Museum_id`, `Museum`.`name` AS `Museum_name`, `Museum`.`province` AS `Museum_province`, `Museum`.`type` AS `Museum_type`, `Museum`.`image` AS `Museum_image`, `Museum`.`description` AS `Museum_description`, `Museum`.`artifacts_count` AS `Museum_artifacts_count`, `Museum`.`exhibitions_count` AS `Museum_exhibitions_count`, `Museum`.`visitors` AS `Museum_visitors`, `Museum`.`features` AS `Museum_features`, `Museum`.`is_active` AS `Museum_is_active`, `Museum`.`created_at` AS `Museum_created_at`, `Museum`.`updated_at` AS `Museum_updated_at` FROM `museum` `Museum` WHERE ((`Museum`.`id` = ?) AND (`Museum`.`is_active` = ?)) LIMIT 1 -- PARAMETERS: [7,true]
query: SELECT `MuseumDetail`.`id` AS `MuseumDetail_id`, `MuseumDetail`.`museum_id` AS `MuseumDetail_museum_id`, `MuseumDetail`.`visit_info` AS `MuseumDetail_visit_info`, `MuseumDetail`.`history` AS `MuseumDetail_history`, `MuseumDetail`.`architecture` AS `MuseumDetail_architecture`, `MuseumDetail`.`highlights` AS `MuseumDetail_highlights`, `MuseumDetail`.`education` AS `MuseumDetail_education`, `MuseumDetail`.`is_active` AS `MuseumDetail_is_active`, `MuseumDetail`.`created_at` AS `MuseumDetail_created_at`, `MuseumDetail`.`updated_at` AS `MuseumDetail_updated_at` FROM `museum_detail` `MuseumDetail` WHERE ((`MuseumDetail`.`museum_id` = ?) AND (`MuseumDetail`.`is_active` = ?)) LIMIT 1 -- PARAMETERS: [7,true]
query: SELECT `Museum`.`id` AS `Museum_id`, `Museum`.`name` AS `Museum_name`, `Museum`.`province` AS `Museum_province`, `Museum`.`type` AS `Museum_type`, `Museum`.`image` AS `Museum_image`, `Museum`.`description` AS `Museum_description`, `Museum`.`artifacts_count` AS `Museum_artifacts_count`, `Museum`.`exhibitions_count` AS `Museum_exhibitions_count`, `Museum`.`visitors` AS `Museum_visitors`, `Museum`.`features` AS `Museum_features`, `Museum`.`is_active` AS `Museum_is_active`, `Museum`.`created_at` AS `Museum_created_at`, `Museum`.`updated_at` AS `Museum_updated_at` FROM `museum` `Museum` WHERE ((`Museum`.`id` = ?) AND (`Museum`.`is_active` = ?)) LIMIT 1 -- PARAMETERS: [8,true]
query: SELECT `MuseumDetail`.`id` AS `MuseumDetail_id`, `MuseumDetail`.`museum_id` AS `MuseumDetail_museum_id`, `MuseumDetail`.`visit_info` AS `MuseumDetail_visit_info`, `MuseumDetail`.`history` AS `MuseumDetail_history`, `MuseumDetail`.`architecture` AS `MuseumDetail_architecture`, `MuseumDetail`.`highlights` AS `MuseumDetail_highlights`, `MuseumDetail`.`education` AS `MuseumDetail_education`, `MuseumDetail`.`is_active` AS `MuseumDetail_is_active`, `MuseumDetail`.`created_at` AS `MuseumDetail_created_at`, `MuseumDetail`.`updated_at` AS `MuseumDetail_updated_at` FROM `museum_detail` `MuseumDetail` WHERE ((`MuseumDetail`.`museum_id` = ?) AND (`MuseumDetail`.`is_active` = ?)) LIMIT 1 -- PARAMETERS: [8,true]
query: SELECT `Museum`.`id` AS `Museum_id`, `Museum`.`name` AS `Museum_name`, `Museum`.`province` AS `Museum_province`, `Museum`.`type` AS `Museum_type`, `Museum`.`image` AS `Museum_image`, `Museum`.`description` AS `Museum_description`, `Museum`.`artifacts_count` AS `Museum_artifacts_count`, `Museum`.`exhibitions_count` AS `Museum_exhibitions_count`, `Museum`.`visitors` AS `Museum_visitors`, `Museum`.`features` AS `Museum_features`, `Museum`.`is_active` AS `Museum_is_active`, `Museum`.`created_at` AS `Museum_created_at`, `Museum`.`updated_at` AS `Museum_updated_at` FROM `museum` `Museum` WHERE ((`Museum`.`id` = ?) AND (`Museum`.`is_active` = ?)) LIMIT 1 -- PARAMETERS: [9,true]
query: SELECT `MuseumDetail`.`id` AS `MuseumDetail_id`, `MuseumDetail`.`museum_id` AS `MuseumDetail_museum_id`, `MuseumDetail`.`visit_info` AS `MuseumDetail_visit_info`, `MuseumDetail`.`history` AS `MuseumDetail_history`, `MuseumDetail`.`architecture` AS `MuseumDetail_architecture`, `MuseumDetail`.`highlights` AS `MuseumDetail_highlights`, `MuseumDetail`.`education` AS `MuseumDetail_education`, `MuseumDetail`.`is_active` AS `MuseumDetail_is_active`, `MuseumDetail`.`created_at` AS `MuseumDetail_created_at`, `MuseumDetail`.`updated_at` AS `MuseumDetail_updated_at` FROM `museum_detail` `MuseumDetail` WHERE ((`MuseumDetail`.`museum_id` = ?) AND (`MuseumDetail`.`is_active` = ?)) LIMIT 1 -- PARAMETERS: [9,true]
query: SELECT `Museum`.`id` AS `Museum_id`, `Museum`.`name` AS `Museum_name`, `Museum`.`province` AS `Museum_province`, `Museum`.`type` AS `Museum_type`, `Museum`.`image` AS `Museum_image`, `Museum`.`description` AS `Museum_description`, `Museum`.`artifacts_count` AS `Museum_artifacts_count`, `Museum`.`exhibitions_count` AS `Museum_exhibitions_count`, `Museum`.`visitors` AS `Museum_visitors`, `Museum`.`features` AS `Museum_features`, `Museum`.`is_active` AS `Museum_is_active`, `Museum`.`created_at` AS `Museum_created_at`, `Museum`.`updated_at` AS `Museum_updated_at` FROM `museum` `Museum` WHERE ((`Museum`.`id` = ?) AND (`Museum`.`is_active` = ?)) LIMIT 1 -- PARAMETERS: [10,true]
query: SELECT `MuseumDetail`.`id` AS `MuseumDetail_id`, `MuseumDetail`.`museum_id` AS `MuseumDetail_museum_id`, `MuseumDetail`.`visit_info` AS `MuseumDetail_visit_info`, `MuseumDetail`.`history` AS `MuseumDetail_history`, `MuseumDetail`.`architecture` AS `MuseumDetail_architecture`, `MuseumDetail`.`highlights` AS `MuseumDetail_highlights`, `MuseumDetail`.`education` AS `MuseumDetail_education`, `MuseumDetail`.`is_active` AS `MuseumDetail_is_active`, `MuseumDetail`.`created_at` AS `MuseumDetail_created_at`, `MuseumDetail`.`updated_at` AS `MuseumDetail_updated_at` FROM `museum_detail` `MuseumDetail` WHERE ((`MuseumDetail`.`museum_id` = ?) AND (`MuseumDetail`.`is_active` = ?)) LIMIT 1 -- PARAMETERS: [10,true]
query: SELECT `Museum`.`id` AS `Museum_id`, `Museum`.`name` AS `Museum_name`, `Museum`.`province` AS `Museum_province`, `Museum`.`type` AS `Museum_type`, `Museum`.`image` AS `Museum_image`, `Museum`.`description` AS `Museum_description`, `Museum`.`artifacts_count` AS `Museum_artifacts_count`, `Museum`.`exhibitions_count` AS `Museum_exhibitions_count`, `Museum`.`visitors` AS `Museum_visitors`, `Museum`.`features` AS `Museum_features`, `Museum`.`is_active` AS `Museum_is_active`, `Museum`.`created_at` AS `Museum_created_at`, `Museum`.`updated_at` AS `Museum_updated_at` FROM `museum` `Museum` WHERE ((`Museum`.`id` = ?) AND (`Museum`.`is_active` = ?)) LIMIT 1 -- PARAMETERS: [11,true]
query: SELECT `MuseumDetail`.`id` AS `MuseumDetail_id`, `MuseumDetail`.`museum_id` AS `MuseumDetail_museum_id`, `MuseumDetail`.`visit_info` AS `MuseumDetail_visit_info`, `MuseumDetail`.`history` AS `MuseumDetail_history`, `MuseumDetail`.`architecture` AS `MuseumDetail_architecture`, `MuseumDetail`.`highlights` AS `MuseumDetail_highlights`, `MuseumDetail`.`education` AS `MuseumDetail_education`, `MuseumDetail`.`is_active` AS `MuseumDetail_is_active`, `MuseumDetail`.`created_at` AS `MuseumDetail_created_at`, `MuseumDetail`.`updated_at` AS `MuseumDetail_updated_at` FROM `museum_detail` `MuseumDetail` WHERE ((`MuseumDetail`.`museum_id` = ?) AND (`MuseumDetail`.`is_active` = ?)) LIMIT 1 -- PARAMETERS: [11,true]
query: SELECT `Museum`.`id` AS `Museum_id`, `Museum`.`name` AS `Museum_name`, `Museum`.`province` AS `Museum_province`, `Museum`.`type` AS `Museum_type`, `Museum`.`image` AS `Museum_image`, `Museum`.`description` AS `Museum_description`, `Museum`.`artifacts_count` AS `Museum_artifacts_count`, `Museum`.`exhibitions_count` AS `Museum_exhibitions_count`, `Museum`.`visitors` AS `Museum_visitors`, `Museum`.`features` AS `Museum_features`, `Museum`.`is_active` AS `Museum_is_active`, `Museum`.`created_at` AS `Museum_created_at`, `Museum`.`updated_at` AS `Museum_updated_at` FROM `museum` `Museum` WHERE ((`Museum`.`id` = ?) AND (`Museum`.`is_active` = ?)) LIMIT 1 -- PARAMETERS: [12,true]
query: SELECT `MuseumDetail`.`id` AS `MuseumDetail_id`, `MuseumDetail`.`museum_id` AS `MuseumDetail_museum_id`, `MuseumDetail`.`visit_info` AS `MuseumDetail_visit_info`, `MuseumDetail`.`history` AS `MuseumDetail_history`, `MuseumDetail`.`architecture` AS `MuseumDetail_architecture`, `MuseumDetail`.`highlights` AS `MuseumDetail_highlights`, `MuseumDetail`.`education` AS `MuseumDetail_education`, `MuseumDetail`.`is_active` AS `MuseumDetail_is_active`, `MuseumDetail`.`created_at` AS `MuseumDetail_created_at`, `MuseumDetail`.`updated_at` AS `MuseumDetail_updated_at` FROM `museum_detail` `MuseumDetail` WHERE ((`MuseumDetail`.`museum_id` = ?) AND (`MuseumDetail`.`is_active` = ?)) LIMIT 1 -- PARAMETERS: [12,true]
query: SELECT `Museum`.`id` AS `Museum_id`, `Museum`.`name` AS `Museum_name`, `Museum`.`province` AS `Museum_province`, `Museum`.`type` AS `Museum_type`, `Museum`.`image` AS `Museum_image`, `Museum`.`description` AS `Museum_description`, `Museum`.`artifacts_count` AS `Museum_artifacts_count`, `Museum`.`exhibitions_count` AS `Museum_exhibitions_count`, `Museum`.`visitors` AS `Museum_visitors`, `Museum`.`features` AS `Museum_features`, `Museum`.`is_active` AS `Museum_is_active`, `Museum`.`created_at` AS `Museum_created_at`, `Museum`.`updated_at` AS `Museum_updated_at` FROM `museum` `Museum` WHERE ((`Museum`.`id` = ?) AND (`Museum`.`is_active` = ?)) LIMIT 1 -- PARAMETERS: [13,true]
query: SELECT `MuseumDetail`.`id` AS `MuseumDetail_id`, `MuseumDetail`.`museum_id` AS `MuseumDetail_museum_id`, `MuseumDetail`.`visit_info` AS `MuseumDetail_visit_info`, `MuseumDetail`.`history` AS `MuseumDetail_history`, `MuseumDetail`.`architecture` AS `MuseumDetail_architecture`, `MuseumDetail`.`highlights` AS `MuseumDetail_highlights`, `MuseumDetail`.`education` AS `MuseumDetail_education`, `MuseumDetail`.`is_active` AS `MuseumDetail_is_active`, `MuseumDetail`.`created_at` AS `MuseumDetail_created_at`, `MuseumDetail`.`updated_at` AS `MuseumDetail_updated_at` FROM `museum_detail` `MuseumDetail` WHERE ((`MuseumDetail`.`museum_id` = ?) AND (`MuseumDetail`.`is_active` = ?)) LIMIT 1 -- PARAMETERS: [13,true]
query: SELECT `Museum`.`id` AS `Museum_id`, `Museum`.`name` AS `Museum_name`, `Museum`.`province` AS `Museum_province`, `Museum`.`type` AS `Museum_type`, `Museum`.`image` AS `Museum_image`, `Museum`.`description` AS `Museum_description`, `Museum`.`artifacts_count` AS `Museum_artifacts_count`, `Museum`.`exhibitions_count` AS `Museum_exhibitions_count`, `Museum`.`visitors` AS `Museum_visitors`, `Museum`.`features` AS `Museum_features`, `Museum`.`is_active` AS `Museum_is_active`, `Museum`.`created_at` AS `Museum_created_at`, `Museum`.`updated_at` AS `Museum_updated_at` FROM `museum` `Museum` WHERE ((`Museum`.`id` = ?) AND (`Museum`.`is_active` = ?)) LIMIT 1 -- PARAMETERS: [14,true]
query: SELECT `MuseumDetail`.`id` AS `MuseumDetail_id`, `MuseumDetail`.`museum_id` AS `MuseumDetail_museum_id`, `MuseumDetail`.`visit_info` AS `MuseumDetail_visit_info`, `MuseumDetail`.`history` AS `MuseumDetail_history`, `MuseumDetail`.`architecture` AS `MuseumDetail_architecture`, `MuseumDetail`.`highlights` AS `MuseumDetail_highlights`, `MuseumDetail`.`education` AS `MuseumDetail_education`, `MuseumDetail`.`is_active` AS `MuseumDetail_is_active`, `MuseumDetail`.`created_at` AS `MuseumDetail_created_at`, `MuseumDetail`.`updated_at` AS `MuseumDetail_updated_at` FROM `museum_detail` `MuseumDetail` WHERE ((`MuseumDetail`.`museum_id` = ?) AND (`MuseumDetail`.`is_active` = ?)) LIMIT 1 -- PARAMETERS: [14,true]
query: SELECT `Museum`.`id` AS `Museum_id`, `Museum`.`name` AS `Museum_name`, `Museum`.`province` AS `Museum_province`, `Museum`.`type` AS `Museum_type`, `Museum`.`image` AS `Museum_image`, `Museum`.`description` AS `Museum_description`, `Museum`.`artifacts_count` AS `Museum_artifacts_count`, `Museum`.`exhibitions_count` AS `Museum_exhibitions_count`, `Museum`.`visitors` AS `Museum_visitors`, `Museum`.`features` AS `Museum_features`, `Museum`.`is_active` AS `Museum_is_active`, `Museum`.`created_at` AS `Museum_created_at`, `Museum`.`updated_at` AS `Museum_updated_at` FROM `museum` `Museum` WHERE ((`Museum`.`id` = ?) AND (`Museum`.`is_active` = ?)) LIMIT 1 -- PARAMETERS: [15,true]
query: SELECT `MuseumDetail`.`id` AS `MuseumDetail_id`, `MuseumDetail`.`museum_id` AS `MuseumDetail_museum_id`, `MuseumDetail`.`visit_info` AS `MuseumDetail_visit_info`, `MuseumDetail`.`history` AS `MuseumDetail_history`, `MuseumDetail`.`architecture` AS `MuseumDetail_architecture`, `MuseumDetail`.`highlights` AS `MuseumDetail_highlights`, `MuseumDetail`.`education` AS `MuseumDetail_education`, `MuseumDetail`.`is_active` AS `MuseumDetail_is_active`, `MuseumDetail`.`created_at` AS `MuseumDetail_created_at`, `MuseumDetail`.`updated_at` AS `MuseumDetail_updated_at` FROM `museum_detail` `MuseumDetail` WHERE ((`MuseumDetail`.`museum_id` = ?) AND (`MuseumDetail`.`is_active` = ?)) LIMIT 1 -- PARAMETERS: [15,true]
query: SELECT `Museum`.`id` AS `Museum_id`, `Museum`.`name` AS `Museum_name`, `Museum`.`province` AS `Museum_province`, `Museum`.`type` AS `Museum_type`, `Museum`.`image` AS `Museum_image`, `Museum`.`description` AS `Museum_description`, `Museum`.`artifacts_count` AS `Museum_artifacts_count`, `Museum`.`exhibitions_count` AS `Museum_exhibitions_count`, `Museum`.`visitors` AS `Museum_visitors`, `Museum`.`features` AS `Museum_features`, `Museum`.`is_active` AS `Museum_is_active`, `Museum`.`created_at` AS `Museum_created_at`, `Museum`.`updated_at` AS `Museum_updated_at` FROM `museum` `Museum` WHERE ((`Museum`.`id` = ?) AND (`Museum`.`is_active` = ?)) LIMIT 1 -- PARAMETERS: [16,true]
query: SELECT `MuseumDetail`.`id` AS `MuseumDetail_id`, `MuseumDetail`.`museum_id` AS `MuseumDetail_museum_id`, `MuseumDetail`.`visit_info` AS `MuseumDetail_visit_info`, `MuseumDetail`.`history` AS `MuseumDetail_history`, `MuseumDetail`.`architecture` AS `MuseumDetail_architecture`, `MuseumDetail`.`highlights` AS `MuseumDetail_highlights`, `MuseumDetail`.`education` AS `MuseumDetail_education`, `MuseumDetail`.`is_active` AS `MuseumDetail_is_active`, `MuseumDetail`.`created_at` AS `MuseumDetail_created_at`, `MuseumDetail`.`updated_at` AS `MuseumDetail_updated_at` FROM `museum_detail` `MuseumDetail` WHERE ((`MuseumDetail`.`museum_id` = ?) AND (`MuseumDetail`.`is_active` = ?)) LIMIT 1 -- PARAMETERS: [16,true]
query: SELECT `Museum`.`id` AS `Museum_id`, `Museum`.`name` AS `Museum_name`, `Museum`.`province` AS `Museum_province`, `Museum`.`type` AS `Museum_type`, `Museum`.`image` AS `Museum_image`, `Museum`.`description` AS `Museum_description`, `Museum`.`artifacts_count` AS `Museum_artifacts_count`, `Museum`.`exhibitions_count` AS `Museum_exhibitions_count`, `Museum`.`visitors` AS `Museum_visitors`, `Museum`.`features` AS `Museum_features`, `Museum`.`is_active` AS `Museum_is_active`, `Museum`.`created_at` AS `Museum_created_at`, `Museum`.`updated_at` AS `Museum_updated_at` FROM `museum` `Museum` WHERE ((`Museum`.`id` = ?) AND (`Museum`.`is_active` = ?)) LIMIT 1 -- PARAMETERS: [17,true]
query: SELECT `MuseumDetail`.`id` AS `MuseumDetail_id`, `MuseumDetail`.`museum_id` AS `MuseumDetail_museum_id`, `MuseumDetail`.`visit_info` AS `MuseumDetail_visit_info`, `MuseumDetail`.`history` AS `MuseumDetail_history`, `MuseumDetail`.`architecture` AS `MuseumDetail_architecture`, `MuseumDetail`.`highlights` AS `MuseumDetail_highlights`, `MuseumDetail`.`education` AS `MuseumDetail_education`, `MuseumDetail`.`is_active` AS `MuseumDetail_is_active`, `MuseumDetail`.`created_at` AS `MuseumDetail_created_at`, `MuseumDetail`.`updated_at` AS `MuseumDetail_updated_at` FROM `museum_detail` `MuseumDetail` WHERE ((`MuseumDetail`.`museum_id` = ?) AND (`MuseumDetail`.`is_active` = ?)) LIMIT 1 -- PARAMETERS: [17,true]
query: SELECT `Museum`.`id` AS `Museum_id`, `Museum`.`name` AS `Museum_name`, `Museum`.`province` AS `Museum_province`, `Museum`.`type` AS `Museum_type`, `Museum`.`image` AS `Museum_image`, `Museum`.`description` AS `Museum_description`, `Museum`.`artifacts_count` AS `Museum_artifacts_count`, `Museum`.`exhibitions_count` AS `Museum_exhibitions_count`, `Museum`.`visitors` AS `Museum_visitors`, `Museum`.`features` AS `Museum_features`, `Museum`.`is_active` AS `Museum_is_active`, `Museum`.`created_at` AS `Museum_created_at`, `Museum`.`updated_at` AS `Museum_updated_at` FROM `museum` `Museum` WHERE ((`Museum`.`id` = ?) AND (`Museum`.`is_active` = ?)) LIMIT 1 -- PARAMETERS: [18,true]
query: SELECT `MuseumDetail`.`id` AS `MuseumDetail_id`, `MuseumDetail`.`museum_id` AS `MuseumDetail_museum_id`, `MuseumDetail`.`visit_info` AS `MuseumDetail_visit_info`, `MuseumDetail`.`history` AS `MuseumDetail_history`, `MuseumDetail`.`architecture` AS `MuseumDetail_architecture`, `MuseumDetail`.`highlights` AS `MuseumDetail_highlights`, `MuseumDetail`.`education` AS `MuseumDetail_education`, `MuseumDetail`.`is_active` AS `MuseumDetail_is_active`, `MuseumDetail`.`created_at` AS `MuseumDetail_created_at`, `MuseumDetail`.`updated_at` AS `MuseumDetail_updated_at` FROM `museum_detail` `MuseumDetail` WHERE ((`MuseumDetail`.`museum_id` = ?) AND (`MuseumDetail`.`is_active` = ?)) LIMIT 1 -- PARAMETERS: [18,true]
query: SELECT `Museum`.`id` AS `Museum_id`, `Museum`.`name` AS `Museum_name`, `Museum`.`province` AS `Museum_province`, `Museum`.`type` AS `Museum_type`, `Museum`.`image` AS `Museum_image`, `Museum`.`description` AS `Museum_description`, `Museum`.`artifacts_count` AS `Museum_artifacts_count`, `Museum`.`exhibitions_count` AS `Museum_exhibitions_count`, `Museum`.`visitors` AS `Museum_visitors`, `Museum`.`features` AS `Museum_features`, `Museum`.`is_active` AS `Museum_is_active`, `Museum`.`created_at` AS `Museum_created_at`, `Museum`.`updated_at` AS `Museum_updated_at` FROM `museum` `Museum` WHERE ((`Museum`.`id` = ?) AND (`Museum`.`is_active` = ?)) LIMIT 1 -- PARAMETERS: [19,true]
query: SELECT `MuseumDetail`.`id` AS `MuseumDetail_id`, `MuseumDetail`.`museum_id` AS `MuseumDetail_museum_id`, `MuseumDetail`.`visit_info` AS `MuseumDetail_visit_info`, `MuseumDetail`.`history` AS `MuseumDetail_history`, `MuseumDetail`.`architecture` AS `MuseumDetail_architecture`, `MuseumDetail`.`highlights` AS `MuseumDetail_highlights`, `MuseumDetail`.`education` AS `MuseumDetail_education`, `MuseumDetail`.`is_active` AS `MuseumDetail_is_active`, `MuseumDetail`.`created_at` AS `MuseumDetail_created_at`, `MuseumDetail`.`updated_at` AS `MuseumDetail_updated_at` FROM `museum_detail` `MuseumDetail` WHERE ((`MuseumDetail`.`museum_id` = ?) AND (`MuseumDetail`.`is_active` = ?)) LIMIT 1 -- PARAMETERS: [19,true]
query: SELECT `Museum`.`id` AS `Museum_id`, `Museum`.`name` AS `Museum_name`, `Museum`.`province` AS `Museum_province`, `Museum`.`type` AS `Museum_type`, `Museum`.`image` AS `Museum_image`, `Museum`.`description` AS `Museum_description`, `Museum`.`artifacts_count` AS `Museum_artifacts_count`, `Museum`.`exhibitions_count` AS `Museum_exhibitions_count`, `Museum`.`visitors` AS `Museum_visitors`, `Museum`.`features` AS `Museum_features`, `Museum`.`is_active` AS `Museum_is_active`, `Museum`.`created_at` AS `Museum_created_at`, `Museum`.`updated_at` AS `Museum_updated_at` FROM `museum` `Museum` WHERE ((`Museum`.`id` = ?) AND (`Museum`.`is_active` = ?)) LIMIT 1 -- PARAMETERS: [20,true]
query: SELECT `MuseumDetail`.`id` AS `MuseumDetail_id`, `MuseumDetail`.`museum_id` AS `MuseumDetail_museum_id`, `MuseumDetail`.`visit_info` AS `MuseumDetail_visit_info`, `MuseumDetail`.`history` AS `MuseumDetail_history`, `MuseumDetail`.`architecture` AS `MuseumDetail_architecture`, `MuseumDetail`.`highlights` AS `MuseumDetail_highlights`, `MuseumDetail`.`education` AS `MuseumDetail_education`, `MuseumDetail`.`is_active` AS `MuseumDetail_is_active`, `MuseumDetail`.`created_at` AS `MuseumDetail_created_at`, `MuseumDetail`.`updated_at` AS `MuseumDetail_updated_at` FROM `museum_detail` `MuseumDetail` WHERE ((`MuseumDetail`.`museum_id` = ?) AND (`MuseumDetail`.`is_active` = ?)) LIMIT 1 -- PARAMETERS: [20,true]
query: SELECT `Museum`.`id` AS `Museum_id`, `Museum`.`name` AS `Museum_name`, `Museum`.`province` AS `Museum_province`, `Museum`.`type` AS `Museum_type`, `Museum`.`image` AS `Museum_image`, `Museum`.`description` AS `Museum_description`, `Museum`.`artifacts_count` AS `Museum_artifacts_count`, `Museum`.`exhibitions_count` AS `Museum_exhibitions_count`, `Museum`.`visitors` AS `Museum_visitors`, `Museum`.`features` AS `Museum_features`, `Museum`.`is_active` AS `Museum_is_active`, `Museum`.`created_at` AS `Museum_created_at`, `Museum`.`updated_at` AS `Museum_updated_at` FROM `museum` `Museum` WHERE ((`Museum`.`id` = ?) AND (`Museum`.`is_active` = ?)) LIMIT 1 -- PARAMETERS: [21,true]
query: SELECT `MuseumDetail`.`id` AS `MuseumDetail_id`, `MuseumDetail`.`museum_id` AS `MuseumDetail_museum_id`, `MuseumDetail`.`visit_info` AS `MuseumDetail_visit_info`, `MuseumDetail`.`history` AS `MuseumDetail_history`, `MuseumDetail`.`architecture` AS `MuseumDetail_architecture`, `MuseumDetail`.`highlights` AS `MuseumDetail_highlights`, `MuseumDetail`.`education` AS `MuseumDetail_education`, `MuseumDetail`.`is_active` AS `MuseumDetail_is_active`, `MuseumDetail`.`created_at` AS `MuseumDetail_created_at`, `MuseumDetail`.`updated_at` AS `MuseumDetail_updated_at` FROM `museum_detail` `MuseumDetail` WHERE ((`MuseumDetail`.`museum_id` = ?) AND (`MuseumDetail`.`is_active` = ?)) LIMIT 1 -- PARAMETERS: [21,true]
query: SELECT `Museum`.`id` AS `Museum_id`, `Museum`.`name` AS `Museum_name`, `Museum`.`province` AS `Museum_province`, `Museum`.`type` AS `Museum_type`, `Museum`.`image` AS `Museum_image`, `Museum`.`description` AS `Museum_description`, `Museum`.`artifacts_count` AS `Museum_artifacts_count`, `Museum`.`exhibitions_count` AS `Museum_exhibitions_count`, `Museum`.`visitors` AS `Museum_visitors`, `Museum`.`features` AS `Museum_features`, `Museum`.`is_active` AS `Museum_is_active`, `Museum`.`created_at` AS `Museum_created_at`, `Museum`.`updated_at` AS `Museum_updated_at` FROM `museum` `Museum` WHERE ((`Museum`.`id` = ?) AND (`Museum`.`is_active` = ?)) LIMIT 1 -- PARAMETERS: [22,true]
query: SELECT `MuseumDetail`.`id` AS `MuseumDetail_id`, `MuseumDetail`.`museum_id` AS `MuseumDetail_museum_id`, `MuseumDetail`.`visit_info` AS `MuseumDetail_visit_info`, `MuseumDetail`.`history` AS `MuseumDetail_history`, `MuseumDetail`.`architecture` AS `MuseumDetail_architecture`, `MuseumDetail`.`highlights` AS `MuseumDetail_highlights`, `MuseumDetail`.`education` AS `MuseumDetail_education`, `MuseumDetail`.`is_active` AS `MuseumDetail_is_active`, `MuseumDetail`.`created_at` AS `MuseumDetail_created_at`, `MuseumDetail`.`updated_at` AS `MuseumDetail_updated_at` FROM `museum_detail` `MuseumDetail` WHERE ((`MuseumDetail`.`museum_id` = ?) AND (`MuseumDetail`.`is_active` = ?)) LIMIT 1 -- PARAMETERS: [22,true]
query: SELECT `Museum`.`id` AS `Museum_id`, `Museum`.`name` AS `Museum_name`, `Museum`.`province` AS `Museum_province`, `Museum`.`type` AS `Museum_type`, `Museum`.`image` AS `Museum_image`, `Museum`.`description` AS `Museum_description`, `Museum`.`artifacts_count` AS `Museum_artifacts_count`, `Museum`.`exhibitions_count` AS `Museum_exhibitions_count`, `Museum`.`visitors` AS `Museum_visitors`, `Museum`.`features` AS `Museum_features`, `Museum`.`is_active` AS `Museum_is_active`, `Museum`.`created_at` AS `Museum_created_at`, `Museum`.`updated_at` AS `Museum_updated_at` FROM `museum` `Museum` WHERE ((`Museum`.`id` = ?) AND (`Museum`.`is_active` = ?)) LIMIT 1 -- PARAMETERS: [23,true]
query: SELECT `MuseumDetail`.`id` AS `MuseumDetail_id`, `MuseumDetail`.`museum_id` AS `MuseumDetail_museum_id`, `MuseumDetail`.`visit_info` AS `MuseumDetail_visit_info`, `MuseumDetail`.`history` AS `MuseumDetail_history`, `MuseumDetail`.`architecture` AS `MuseumDetail_architecture`, `MuseumDetail`.`highlights` AS `MuseumDetail_highlights`, `MuseumDetail`.`education` AS `MuseumDetail_education`, `MuseumDetail`.`is_active` AS `MuseumDetail_is_active`, `MuseumDetail`.`created_at` AS `MuseumDetail_created_at`, `MuseumDetail`.`updated_at` AS `MuseumDetail_updated_at` FROM `museum_detail` `MuseumDetail` WHERE ((`MuseumDetail`.`museum_id` = ?) AND (`MuseumDetail`.`is_active` = ?)) LIMIT 1 -- PARAMETERS: [23,true]
query: SELECT `Museum`.`id` AS `Museum_id`, `Museum`.`name` AS `Museum_name`, `Museum`.`province` AS `Museum_province`, `Museum`.`type` AS `Museum_type`, `Museum`.`image` AS `Museum_image`, `Museum`.`description` AS `Museum_description`, `Museum`.`artifacts_count` AS `Museum_artifacts_count`, `Museum`.`exhibitions_count` AS `Museum_exhibitions_count`, `Museum`.`visitors` AS `Museum_visitors`, `Museum`.`features` AS `Museum_features`, `Museum`.`is_active` AS `Museum_is_active`, `Museum`.`created_at` AS `Museum_created_at`, `Museum`.`updated_at` AS `Museum_updated_at` FROM `museum` `Museum` WHERE ((`Museum`.`id` = ?) AND (`Museum`.`is_active` = ?)) LIMIT 1 -- PARAMETERS: [24,true]
query: SELECT `MuseumDetail`.`id` AS `MuseumDetail_id`, `MuseumDetail`.`museum_id` AS `MuseumDetail_museum_id`, `MuseumDetail`.`visit_info` AS `MuseumDetail_visit_info`, `MuseumDetail`.`history` AS `MuseumDetail_history`, `MuseumDetail`.`architecture` AS `MuseumDetail_architecture`, `MuseumDetail`.`highlights` AS `MuseumDetail_highlights`, `MuseumDetail`.`education` AS `MuseumDetail_education`, `MuseumDetail`.`is_active` AS `MuseumDetail_is_active`, `MuseumDetail`.`created_at` AS `MuseumDetail_created_at`, `MuseumDetail`.`updated_at` AS `MuseumDetail_updated_at` FROM `museum_detail` `MuseumDetail` WHERE ((`MuseumDetail`.`museum_id` = ?) AND (`MuseumDetail`.`is_active` = ?)) LIMIT 1 -- PARAMETERS: [24,true]
query: SELECT `Museum`.`id` AS `Museum_id`, `Museum`.`name` AS `Museum_name`, `Museum`.`province` AS `Museum_province`, `Museum`.`type` AS `Museum_type`, `Museum`.`image` AS `Museum_image`, `Museum`.`description` AS `Museum_description`, `Museum`.`artifacts_count` AS `Museum_artifacts_count`, `Museum`.`exhibitions_count` AS `Museum_exhibitions_count`, `Museum`.`visitors` AS `Museum_visitors`, `Museum`.`features` AS `Museum_features`, `Museum`.`is_active` AS `Museum_is_active`, `Museum`.`created_at` AS `Museum_created_at`, `Museum`.`updated_at` AS `Museum_updated_at` FROM `museum` `Museum` WHERE ((`Museum`.`id` = ?) AND (`Museum`.`is_active` = ?)) LIMIT 1 -- PARAMETERS: [25,true]
query: SELECT `MuseumDetail`.`id` AS `MuseumDetail_id`, `MuseumDetail`.`museum_id` AS `MuseumDetail_museum_id`, `MuseumDetail`.`visit_info` AS `MuseumDetail_visit_info`, `MuseumDetail`.`history` AS `MuseumDetail_history`, `MuseumDetail`.`architecture` AS `MuseumDetail_architecture`, `MuseumDetail`.`highlights` AS `MuseumDetail_highlights`, `MuseumDetail`.`education` AS `MuseumDetail_education`, `MuseumDetail`.`is_active` AS `MuseumDetail_is_active`, `MuseumDetail`.`created_at` AS `MuseumDetail_created_at`, `MuseumDetail`.`updated_at` AS `MuseumDetail_updated_at` FROM `museum_detail` `MuseumDetail` WHERE ((`MuseumDetail`.`museum_id` = ?) AND (`MuseumDetail`.`is_active` = ?)) LIMIT 1 -- PARAMETERS: [25,true]
query: SELECT `Museum`.`id` AS `Museum_id`, `Museum`.`name` AS `Museum_name`, `Museum`.`province` AS `Museum_province`, `Museum`.`type` AS `Museum_type`, `Museum`.`image` AS `Museum_image`, `Museum`.`description` AS `Museum_description`, `Museum`.`artifacts_count` AS `Museum_artifacts_count`, `Museum`.`exhibitions_count` AS `Museum_exhibitions_count`, `Museum`.`visitors` AS `Museum_visitors`, `Museum`.`features` AS `Museum_features`, `Museum`.`is_active` AS `Museum_is_active`, `Museum`.`created_at` AS `Museum_created_at`, `Museum`.`updated_at` AS `Museum_updated_at` FROM `museum` `Museum` WHERE ((`Museum`.`id` = ?) AND (`Museum`.`is_active` = ?)) LIMIT 1 -- PARAMETERS: [26,true]
query: SELECT `MuseumDetail`.`id` AS `MuseumDetail_id`, `MuseumDetail`.`museum_id` AS `MuseumDetail_museum_id`, `MuseumDetail`.`visit_info` AS `MuseumDetail_visit_info`, `MuseumDetail`.`history` AS `MuseumDetail_history`, `MuseumDetail`.`architecture` AS `MuseumDetail_architecture`, `MuseumDetail`.`highlights` AS `MuseumDetail_highlights`, `MuseumDetail`.`education` AS `MuseumDetail_education`, `MuseumDetail`.`is_active` AS `MuseumDetail_is_active`, `MuseumDetail`.`created_at` AS `MuseumDetail_created_at`, `MuseumDetail`.`updated_at` AS `MuseumDetail_updated_at` FROM `museum_detail` `MuseumDetail` WHERE ((`MuseumDetail`.`museum_id` = ?) AND (`MuseumDetail`.`is_active` = ?)) LIMIT 1 -- PARAMETERS: [26,true]
query: SELECT `Museum`.`id` AS `Museum_id`, `Museum`.`name` AS `Museum_name`, `Museum`.`province` AS `Museum_province`, `Museum`.`type` AS `Museum_type`, `Museum`.`image` AS `Museum_image`, `Museum`.`description` AS `Museum_description`, `Museum`.`artifacts_count` AS `Museum_artifacts_count`, `Museum`.`exhibitions_count` AS `Museum_exhibitions_count`, `Museum`.`visitors` AS `Museum_visitors`, `Museum`.`features` AS `Museum_features`, `Museum`.`is_active` AS `Museum_is_active`, `Museum`.`created_at` AS `Museum_created_at`, `Museum`.`updated_at` AS `Museum_updated_at` FROM `museum` `Museum` WHERE ((`Museum`.`id` = ?) AND (`Museum`.`is_active` = ?)) LIMIT 1 -- PARAMETERS: [27,true]
query: SELECT `MuseumDetail`.`id` AS `MuseumDetail_id`, `MuseumDetail`.`museum_id` AS `MuseumDetail_museum_id`, `MuseumDetail`.`visit_info` AS `MuseumDetail_visit_info`, `MuseumDetail`.`history` AS `MuseumDetail_history`, `MuseumDetail`.`architecture` AS `MuseumDetail_architecture`, `MuseumDetail`.`highlights` AS `MuseumDetail_highlights`, `MuseumDetail`.`education` AS `MuseumDetail_education`, `MuseumDetail`.`is_active` AS `MuseumDetail_is_active`, `MuseumDetail`.`created_at` AS `MuseumDetail_created_at`, `MuseumDetail`.`updated_at` AS `MuseumDetail_updated_at` FROM `museum_detail` `MuseumDetail` WHERE ((`MuseumDetail`.`museum_id` = ?) AND (`MuseumDetail`.`is_active` = ?)) LIMIT 1 -- PARAMETERS: [27,true]
query: SELECT `Museum`.`id` AS `Museum_id`, `Museum`.`name` AS `Museum_name`, `Museum`.`province` AS `Museum_province`, `Museum`.`type` AS `Museum_type`, `Museum`.`image` AS `Museum_image`, `Museum`.`description` AS `Museum_description`, `Museum`.`artifacts_count` AS `Museum_artifacts_count`, `Museum`.`exhibitions_count` AS `Museum_exhibitions_count`, `Museum`.`visitors` AS `Museum_visitors`, `Museum`.`features` AS `Museum_features`, `Museum`.`is_active` AS `Museum_is_active`, `Museum`.`created_at` AS `Museum_created_at`, `Museum`.`updated_at` AS `Museum_updated_at` FROM `museum` `Museum` WHERE ((`Museum`.`id` = ?) AND (`Museum`.`is_active` = ?)) LIMIT 1 -- PARAMETERS: [28,true]
query: SELECT `MuseumDetail`.`id` AS `MuseumDetail_id`, `MuseumDetail`.`museum_id` AS `MuseumDetail_museum_id`, `MuseumDetail`.`visit_info` AS `MuseumDetail_visit_info`, `MuseumDetail`.`history` AS `MuseumDetail_history`, `MuseumDetail`.`architecture` AS `MuseumDetail_architecture`, `MuseumDetail`.`highlights` AS `MuseumDetail_highlights`, `MuseumDetail`.`education` AS `MuseumDetail_education`, `MuseumDetail`.`is_active` AS `MuseumDetail_is_active`, `MuseumDetail`.`created_at` AS `MuseumDetail_created_at`, `MuseumDetail`.`updated_at` AS `MuseumDetail_updated_at` FROM `museum_detail` `MuseumDetail` WHERE ((`MuseumDetail`.`museum_id` = ?) AND (`MuseumDetail`.`is_active` = ?)) LIMIT 1 -- PARAMETERS: [28,true]
query: SELECT `Museum`.`id` AS `Museum_id`, `Museum`.`name` AS `Museum_name`, `Museum`.`province` AS `Museum_province`, `Museum`.`type` AS `Museum_type`, `Museum`.`image` AS `Museum_image`, `Museum`.`description` AS `Museum_description`, `Museum`.`artifacts_count` AS `Museum_artifacts_count`, `Museum`.`exhibitions_count` AS `Museum_exhibitions_count`, `Museum`.`visitors` AS `Museum_visitors`, `Museum`.`features` AS `Museum_features`, `Museum`.`is_active` AS `Museum_is_active`, `Museum`.`created_at` AS `Museum_created_at`, `Museum`.`updated_at` AS `Museum_updated_at` FROM `museum` `Museum` WHERE ((`Museum`.`id` = ?) AND (`Museum`.`is_active` = ?)) LIMIT 1 -- PARAMETERS: [29,true]
query: SELECT `MuseumDetail`.`id` AS `MuseumDetail_id`, `MuseumDetail`.`museum_id` AS `MuseumDetail_museum_id`, `MuseumDetail`.`visit_info` AS `MuseumDetail_visit_info`, `MuseumDetail`.`history` AS `MuseumDetail_history`, `MuseumDetail`.`architecture` AS `MuseumDetail_architecture`, `MuseumDetail`.`highlights` AS `MuseumDetail_highlights`, `MuseumDetail`.`education` AS `MuseumDetail_education`, `MuseumDetail`.`is_active` AS `MuseumDetail_is_active`, `MuseumDetail`.`created_at` AS `MuseumDetail_created_at`, `MuseumDetail`.`updated_at` AS `MuseumDetail_updated_at` FROM `museum_detail` `MuseumDetail` WHERE ((`MuseumDetail`.`museum_id` = ?) AND (`MuseumDetail`.`is_active` = ?)) LIMIT 1 -- PARAMETERS: [29,true]
query: SELECT `Museum`.`id` AS `Museum_id`, `Museum`.`name` AS `Museum_name`, `Museum`.`province` AS `Museum_province`, `Museum`.`type` AS `Museum_type`, `Museum`.`image` AS `Museum_image`, `Museum`.`description` AS `Museum_description`, `Museum`.`artifacts_count` AS `Museum_artifacts_count`, `Museum`.`exhibitions_count` AS `Museum_exhibitions_count`, `Museum`.`visitors` AS `Museum_visitors`, `Museum`.`features` AS `Museum_features`, `Museum`.`is_active` AS `Museum_is_active`, `Museum`.`created_at` AS `Museum_created_at`, `Museum`.`updated_at` AS `Museum_updated_at` FROM `museum` `Museum` WHERE ((`Museum`.`id` = ?) AND (`Museum`.`is_active` = ?)) LIMIT 1 -- PARAMETERS: [30,true]
query: SELECT `MuseumDetail`.`id` AS `MuseumDetail_id`, `MuseumDetail`.`museum_id` AS `MuseumDetail_museum_id`, `MuseumDetail`.`visit_info` AS `MuseumDetail_visit_info`, `MuseumDetail`.`history` AS `MuseumDetail_history`, `MuseumDetail`.`architecture` AS `MuseumDetail_architecture`, `MuseumDetail`.`highlights` AS `MuseumDetail_highlights`, `MuseumDetail`.`education` AS `MuseumDetail_education`, `MuseumDetail`.`is_active` AS `MuseumDetail_is_active`, `MuseumDetail`.`created_at` AS `MuseumDetail_created_at`, `MuseumDetail`.`updated_at` AS `MuseumDetail_updated_at` FROM `museum_detail` `MuseumDetail` WHERE ((`MuseumDetail`.`museum_id` = ?) AND (`MuseumDetail`.`is_active` = ?)) LIMIT 1 -- PARAMETERS: [30,true]
query: SELECT `Museum`.`id` AS `Museum_id`, `Museum`.`name` AS `Museum_name`, `Museum`.`province` AS `Museum_province`, `Museum`.`type` AS `Museum_type`, `Museum`.`image` AS `Museum_image`, `Museum`.`description` AS `Museum_description`, `Museum`.`artifacts_count` AS `Museum_artifacts_count`, `Museum`.`exhibitions_count` AS `Museum_exhibitions_count`, `Museum`.`visitors` AS `Museum_visitors`, `Museum`.`features` AS `Museum_features`, `Museum`.`is_active` AS `Museum_is_active`, `Museum`.`created_at` AS `Museum_created_at`, `Museum`.`updated_at` AS `Museum_updated_at` FROM `museum` `Museum` WHERE ((`Museum`.`id` = ?) AND (`Museum`.`is_active` = ?)) LIMIT 1 -- PARAMETERS: [31,true]
query: SELECT `MuseumDetail`.`id` AS `MuseumDetail_id`, `MuseumDetail`.`museum_id` AS `MuseumDetail_museum_id`, `MuseumDetail`.`visit_info` AS `MuseumDetail_visit_info`, `MuseumDetail`.`history` AS `MuseumDetail_history`, `MuseumDetail`.`architecture` AS `MuseumDetail_architecture`, `MuseumDetail`.`highlights` AS `MuseumDetail_highlights`, `MuseumDetail`.`education` AS `MuseumDetail_education`, `MuseumDetail`.`is_active` AS `MuseumDetail_is_active`, `MuseumDetail`.`created_at` AS `MuseumDetail_created_at`, `MuseumDetail`.`updated_at` AS `MuseumDetail_updated_at` FROM `museum_detail` `MuseumDetail` WHERE ((`MuseumDetail`.`museum_id` = ?) AND (`MuseumDetail`.`is_active` = ?)) LIMIT 1 -- PARAMETERS: [31,true]
query: SELECT `Museum`.`id` AS `Museum_id`, `Museum`.`name` AS `Museum_name`, `Museum`.`province` AS `Museum_province`, `Museum`.`type` AS `Museum_type`, `Museum`.`image` AS `Museum_image`, `Museum`.`description` AS `Museum_description`, `Museum`.`artifacts_count` AS `Museum_artifacts_count`, `Museum`.`exhibitions_count` AS `Museum_exhibitions_count`, `Museum`.`visitors` AS `Museum_visitors`, `Museum`.`features` AS `Museum_features`, `Museum`.`is_active` AS `Museum_is_active`, `Museum`.`created_at` AS `Museum_created_at`, `Museum`.`updated_at` AS `Museum_updated_at` FROM `museum` `Museum` WHERE ((`Museum`.`id` = ?) AND (`Museum`.`is_active` = ?)) LIMIT 1 -- PARAMETERS: [32,true]
query: SELECT `MuseumDetail`.`id` AS `MuseumDetail_id`, `MuseumDetail`.`museum_id` AS `MuseumDetail_museum_id`, `MuseumDetail`.`visit_info` AS `MuseumDetail_visit_info`, `MuseumDetail`.`history` AS `MuseumDetail_history`, `MuseumDetail`.`architecture` AS `MuseumDetail_architecture`, `MuseumDetail`.`highlights` AS `MuseumDetail_highlights`, `MuseumDetail`.`education` AS `MuseumDetail_education`, `MuseumDetail`.`is_active` AS `MuseumDetail_is_active`, `MuseumDetail`.`created_at` AS `MuseumDetail_created_at`, `MuseumDetail`.`updated_at` AS `MuseumDetail_updated_at` FROM `museum_detail` `MuseumDetail` WHERE ((`MuseumDetail`.`museum_id` = ?) AND (`MuseumDetail`.`is_active` = ?)) LIMIT 1 -- PARAMETERS: [32,true]
query: SELECT `Museum`.`id` AS `Museum_id`, `Museum`.`name` AS `Museum_name`, `Museum`.`province` AS `Museum_province`, `Museum`.`type` AS `Museum_type`, `Museum`.`image` AS `Museum_image`, `Museum`.`description` AS `Museum_description`, `Museum`.`artifacts_count` AS `Museum_artifacts_count`, `Museum`.`exhibitions_count` AS `Museum_exhibitions_count`, `Museum`.`visitors` AS `Museum_visitors`, `Museum`.`features` AS `Museum_features`, `Museum`.`is_active` AS `Museum_is_active`, `Museum`.`created_at` AS `Museum_created_at`, `Museum`.`updated_at` AS `Museum_updated_at` FROM `museum` `Museum` WHERE ((`Museum`.`id` = ?) AND (`Museum`.`is_active` = ?)) LIMIT 1 -- PARAMETERS: [33,true]
query: SELECT `MuseumDetail`.`id` AS `MuseumDetail_id`, `MuseumDetail`.`museum_id` AS `MuseumDetail_museum_id`, `MuseumDetail`.`visit_info` AS `MuseumDetail_visit_info`, `MuseumDetail`.`history` AS `MuseumDetail_history`, `MuseumDetail`.`architecture` AS `MuseumDetail_architecture`, `MuseumDetail`.`highlights` AS `MuseumDetail_highlights`, `MuseumDetail`.`education` AS `MuseumDetail_education`, `MuseumDetail`.`is_active` AS `MuseumDetail_is_active`, `MuseumDetail`.`created_at` AS `MuseumDetail_created_at`, `MuseumDetail`.`updated_at` AS `MuseumDetail_updated_at` FROM `museum_detail` `MuseumDetail` WHERE ((`MuseumDetail`.`museum_id` = ?) AND (`MuseumDetail`.`is_active` = ?)) LIMIT 1 -- PARAMETERS: [33,true]
query: SELECT `Museum`.`id` AS `Museum_id`, `Museum`.`name` AS `Museum_name`, `Museum`.`province` AS `Museum_province`, `Museum`.`type` AS `Museum_type`, `Museum`.`image` AS `Museum_image`, `Museum`.`description` AS `Museum_description`, `Museum`.`artifacts_count` AS `Museum_artifacts_count`, `Museum`.`exhibitions_count` AS `Museum_exhibitions_count`, `Museum`.`visitors` AS `Museum_visitors`, `Museum`.`features` AS `Museum_features`, `Museum`.`is_active` AS `Museum_is_active`, `Museum`.`created_at` AS `Museum_created_at`, `Museum`.`updated_at` AS `Museum_updated_at` FROM `museum` `Museum` WHERE ((`Museum`.`id` = ?) AND (`Museum`.`is_active` = ?)) LIMIT 1 -- PARAMETERS: [34,true]
query: SELECT `MuseumDetail`.`id` AS `MuseumDetail_id`, `MuseumDetail`.`museum_id` AS `MuseumDetail_museum_id`, `MuseumDetail`.`visit_info` AS `MuseumDetail_visit_info`, `MuseumDetail`.`history` AS `MuseumDetail_history`, `MuseumDetail`.`architecture` AS `MuseumDetail_architecture`, `MuseumDetail`.`highlights` AS `MuseumDetail_highlights`, `MuseumDetail`.`education` AS `MuseumDetail_education`, `MuseumDetail`.`is_active` AS `MuseumDetail_is_active`, `MuseumDetail`.`created_at` AS `MuseumDetail_created_at`, `MuseumDetail`.`updated_at` AS `MuseumDetail_updated_at` FROM `museum_detail` `MuseumDetail` WHERE ((`MuseumDetail`.`museum_id` = ?) AND (`MuseumDetail`.`is_active` = ?)) LIMIT 1 -- PARAMETERS: [34,true]
query: SELECT `Museum`.`id` AS `Museum_id`, `Museum`.`name` AS `Museum_name`, `Museum`.`province` AS `Museum_province`, `Museum`.`type` AS `Museum_type`, `Museum`.`image` AS `Museum_image`, `Museum`.`description` AS `Museum_description`, `Museum`.`artifacts_count` AS `Museum_artifacts_count`, `Museum`.`exhibitions_count` AS `Museum_exhibitions_count`, `Museum`.`visitors` AS `Museum_visitors`, `Museum`.`features` AS `Museum_features`, `Museum`.`is_active` AS `Museum_is_active`, `Museum`.`created_at` AS `Museum_created_at`, `Museum`.`updated_at` AS `Museum_updated_at` FROM `museum` `Museum` WHERE ((`Museum`.`id` = ?) AND (`Museum`.`is_active` = ?)) LIMIT 1 -- PARAMETERS: [35,true]
query: SELECT `MuseumDetail`.`id` AS `MuseumDetail_id`, `MuseumDetail`.`museum_id` AS `MuseumDetail_museum_id`, `MuseumDetail`.`visit_info` AS `MuseumDetail_visit_info`, `MuseumDetail`.`history` AS `MuseumDetail_history`, `MuseumDetail`.`architecture` AS `MuseumDetail_architecture`, `MuseumDetail`.`highlights` AS `MuseumDetail_highlights`, `MuseumDetail`.`education` AS `MuseumDetail_education`, `MuseumDetail`.`is_active` AS `MuseumDetail_is_active`, `MuseumDetail`.`created_at` AS `MuseumDetail_created_at`, `MuseumDetail`.`updated_at` AS `MuseumDetail_updated_at` FROM `museum_detail` `MuseumDetail` WHERE ((`MuseumDetail`.`museum_id` = ?) AND (`MuseumDetail`.`is_active` = ?)) LIMIT 1 -- PARAMETERS: [35,true]
query: SELECT `Museum`.`id` AS `Museum_id`, `Museum`.`name` AS `Museum_name`, `Museum`.`province` AS `Museum_province`, `Museum`.`type` AS `Museum_type`, `Museum`.`image` AS `Museum_image`, `Museum`.`description` AS `Museum_description`, `Museum`.`artifacts_count` AS `Museum_artifacts_count`, `Museum`.`exhibitions_count` AS `Museum_exhibitions_count`, `Museum`.`visitors` AS `Museum_visitors`, `Museum`.`features` AS `Museum_features`, `Museum`.`is_active` AS `Museum_is_active`, `Museum`.`created_at` AS `Museum_created_at`, `Museum`.`updated_at` AS `Museum_updated_at` FROM `museum` `Museum` WHERE ((`Museum`.`id` = ?) AND (`Museum`.`is_active` = ?)) LIMIT 1 -- PARAMETERS: [36,true]
query: SELECT `MuseumDetail`.`id` AS `MuseumDetail_id`, `MuseumDetail`.`museum_id` AS `MuseumDetail_museum_id`, `MuseumDetail`.`visit_info` AS `MuseumDetail_visit_info`, `MuseumDetail`.`history` AS `MuseumDetail_history`, `MuseumDetail`.`architecture` AS `MuseumDetail_architecture`, `MuseumDetail`.`highlights` AS `MuseumDetail_highlights`, `MuseumDetail`.`education` AS `MuseumDetail_education`, `MuseumDetail`.`is_active` AS `MuseumDetail_is_active`, `MuseumDetail`.`created_at` AS `MuseumDetail_created_at`, `MuseumDetail`.`updated_at` AS `MuseumDetail_updated_at` FROM `museum_detail` `MuseumDetail` WHERE ((`MuseumDetail`.`museum_id` = ?) AND (`MuseumDetail`.`is_active` = ?)) LIMIT 1 -- PARAMETERS: [36,true]
query: SELECT `Museum`.`id` AS `Museum_id`, `Museum`.`name` AS `Museum_name`, `Museum`.`province` AS `Museum_province`, `Museum`.`type` AS `Museum_type`, `Museum`.`image` AS `Museum_image`, `Museum`.`description` AS `Museum_description`, `Museum`.`artifacts_count` AS `Museum_artifacts_count`, `Museum`.`exhibitions_count` AS `Museum_exhibitions_count`, `Museum`.`visitors` AS `Museum_visitors`, `Museum`.`features` AS `Museum_features`, `Museum`.`is_active` AS `Museum_is_active`, `Museum`.`created_at` AS `Museum_created_at`, `Museum`.`updated_at` AS `Museum_updated_at` FROM `museum` `Museum` WHERE ((`Museum`.`id` = ?) AND (`Museum`.`is_active` = ?)) LIMIT 1 -- PARAMETERS: [37,true]
query: SELECT `MuseumDetail`.`id` AS `MuseumDetail_id`, `MuseumDetail`.`museum_id` AS `MuseumDetail_museum_id`, `MuseumDetail`.`visit_info` AS `MuseumDetail_visit_info`, `MuseumDetail`.`history` AS `MuseumDetail_history`, `MuseumDetail`.`architecture` AS `MuseumDetail_architecture`, `MuseumDetail`.`highlights` AS `MuseumDetail_highlights`, `MuseumDetail`.`education` AS `MuseumDetail_education`, `MuseumDetail`.`is_active` AS `MuseumDetail_is_active`, `MuseumDetail`.`created_at` AS `MuseumDetail_created_at`, `MuseumDetail`.`updated_at` AS `MuseumDetail_updated_at` FROM `museum_detail` `MuseumDetail` WHERE ((`MuseumDetail`.`museum_id` = ?) AND (`MuseumDetail`.`is_active` = ?)) LIMIT 1 -- PARAMETERS: [37,true]
query: SELECT `Museum`.`id` AS `Museum_id`, `Museum`.`name` AS `Museum_name`, `Museum`.`province` AS `Museum_province`, `Museum`.`type` AS `Museum_type`, `Museum`.`image` AS `Museum_image`, `Museum`.`description` AS `Museum_description`, `Museum`.`artifacts_count` AS `Museum_artifacts_count`, `Museum`.`exhibitions_count` AS `Museum_exhibitions_count`, `Museum`.`visitors` AS `Museum_visitors`, `Museum`.`features` AS `Museum_features`, `Museum`.`is_active` AS `Museum_is_active`, `Museum`.`created_at` AS `Museum_created_at`, `Museum`.`updated_at` AS `Museum_updated_at` FROM `museum` `Museum` WHERE ((`Museum`.`id` = ?) AND (`Museum`.`is_active` = ?)) LIMIT 1 -- PARAMETERS: [38,true]
query: SELECT `MuseumDetail`.`id` AS `MuseumDetail_id`, `MuseumDetail`.`museum_id` AS `MuseumDetail_museum_id`, `MuseumDetail`.`visit_info` AS `MuseumDetail_visit_info`, `MuseumDetail`.`history` AS `MuseumDetail_history`, `MuseumDetail`.`architecture` AS `MuseumDetail_architecture`, `MuseumDetail`.`highlights` AS `MuseumDetail_highlights`, `MuseumDetail`.`education` AS `MuseumDetail_education`, `MuseumDetail`.`is_active` AS `MuseumDetail_is_active`, `MuseumDetail`.`created_at` AS `MuseumDetail_created_at`, `MuseumDetail`.`updated_at` AS `MuseumDetail_updated_at` FROM `museum_detail` `MuseumDetail` WHERE ((`MuseumDetail`.`museum_id` = ?) AND (`MuseumDetail`.`is_active` = ?)) LIMIT 1 -- PARAMETERS: [38,true]
query: SELECT `m`.`id` AS `m_id`, `m`.`name` AS `m_name`, `m`.`province` AS `m_province`, `m`.`type` AS `m_type`, `m`.`image` AS `m_image`, `m`.`description` AS `m_description`, `m`.`artifacts_count` AS `m_artifacts_count`, `m`.`exhibitions_count` AS `m_exhibitions_count`, `m`.`visitors` AS `m_visitors`, `m`.`features` AS `m_features`, `m`.`is_active` AS `m_is_active`, `m`.`created_at` AS `m_created_at`, `m`.`updated_at` AS `m_updated_at` FROM `museum` `m` WHERE `m`.`is_active` = ? ORDER BY `m`.`id` ASC LIMIT 200 OFFSET 0 -- PARAMETERS: [true]
query: SELECT `a`.`id` AS `a_id`, `a`.`museum_id` AS `a_museum_id`, `a`.`name` AS `a_name`, `a`.`period` AS `a_period`, `a`.`image` AS `a_image`, `a`.`description` AS `a_description`, `a`.`category` AS `a_category`, `a`.`basic_info` AS `a_basic_info`, `a`.`appearance` AS `a_appearance`, `a`.`historical_value` AS `a_historical_value`, `a`.`is_active` AS `a_is_active`, `a`.`created_at` AS `a_created_at`, `a`.`updated_at` AS `a_updated_at` FROM `museum_artifact` `a` WHERE `a`.`is_active` = ? ORDER BY `a`.`id` ASC LIMIT 500 OFFSET 0 -- PARAMETERS: [true]
query: SELECT `e`.`id` AS `e_id`, `e`.`museum_id` AS `e_museum_id`, `e`.`title` AS `e_title`, `e`.`description` AS `e_description`, `e`.`date` AS `e_date`, `e`.`image` AS `e_image`, `e`.`location` AS `e_location`, `e`.`category` AS `e_category`, `e`.`status` AS `e_status`, `e`.`status_text` AS `e_status_text`, `e`.`tags` AS `e_tags`, `e`.`curator` AS `e_curator`, `e`.`scale` AS `e_scale`, `e`.`visitors` AS `e_visitors`, `e`.`background` AS `e_background`, `e`.`is_active` AS `e_is_active`, `e`.`created_at` AS `e_created_at`, `e`.`updated_at` AS `e_updated_at` FROM `museum_exhibition` `e` WHERE `e`.`is_active` = ? ORDER BY `e`.`id` ASC LIMIT 500 OFFSET 0 -- PARAMETERS: [true]
query: SELECT `a`.`id` AS `a_id`, `a`.`museum_id` AS `a_museum_id`, `a`.`title` AS `a_title`, `a`.`description` AS `a_description`, `a`.`date` AS `a_date`, `a`.`time` AS `a_time`, `a`.`location` AS `a_location`, `a`.`image` AS `a_image`, `a`.`is_active` AS `a_is_active`, `a`.`created_at` AS `a_created_at`, `a`.`updated_at` AS `a_updated_at` FROM `museum_activity` `a` WHERE `a`.`is_active` = ? ORDER BY `a`.`id` ASC LIMIT 500 OFFSET 0 -- PARAMETERS: [true]
query: SELECT `n`.`id` AS `n_id`, `n`.`museum_id` AS `n_museum_id`, `n`.`title` AS `n_title`, `n`.`description` AS `n_description`, `n`.`date` AS `n_date`, `n`.`image` AS `n_image`, `n`.`is_active` AS `n_is_active`, `n`.`created_at` AS `n_created_at`, `n`.`updated_at` AS `n_updated_at` FROM `museum_news` `n` WHERE `n`.`is_active` = ? ORDER BY `n`.`id` ASC LIMIT 500 OFFSET 0 -- PARAMETERS: [true]
query: SELECT `i`.`id` AS `i_id`, `i`.`museum_id` AS `i_museum_id`, `i`.`title` AS `i_title`, `i`.`description` AS `i_description`, `i`.`image` AS `i_image`, `i`.`is_active` AS `i_is_active`, `i`.`created_at` AS `i_created_at`, `i`.`updated_at` AS `i_updated_at` FROM `museum_immersive` `i` WHERE `i`.`is_active` = ? ORDER BY `i`.`id` ASC LIMIT 500 OFFSET 0 -- PARAMETERS: [true]
query: SELECT `c`.`id` AS `c_id`, `c`.`museum_id` AS `c_museum_id`, `c`.`name` AS `c_name`, `c`.`description` AS `c_description`, `c`.`price` AS `c_price`, `c`.`image` AS `c_image`, `c`.`category` AS `c_category`, `c`.`is_active` AS `c_is_active`, `c`.`created_at` AS `c_created_at`, `c`.`updated_at` AS `c_updated_at` FROM `museum_creative_product` `c` WHERE `c`.`is_active` = ? ORDER BY `c`.`id` ASC LIMIT 500 OFFSET 0 -- PARAMETERS: [true]
query: SELECT `r`.`id` AS `r_id`, `r`.`museum_id` AS `r_museum_id`, `r`.`title` AS `r_title`, `r`.`author` AS `r_author`, `r`.`date` AS `r_date`, `r`.`type` AS `r_type`, `r`.`description` AS `r_description`, `r`.`link` AS `r_link`, `r`.`is_active` AS `r_is_active`, `r`.`created_at` AS `r_created_at`, `r`.`updated_at` AS `r_updated_at` FROM `museum_academic_resource` `r` WHERE `r`.`is_active` = ? ORDER BY `r`.`id` ASC LIMIT 500 OFFSET 0 -- PARAMETERS: [true]
query: SELECT `h`.`id` AS `h_id`, `h`.`hall_id` AS `h_hall_id`, `h`.`museum_id` AS `h_museum_id`, `h`.`name` AS `h_name`, `h`.`icon` AS `h_icon`, `h`.`category` AS `h_category`, `h`.`cover_image` AS `h_cover_image`, `h`.`introduction` AS `h_introduction`, `h`.`stats` AS `h_stats`, `h`.`location` AS `h_location`, `h`.`open_time` AS `h_open_time`, `h`.`duration` AS `h_duration`, `h`.`ticket` AS `h_ticket`, `h`.`artifacts` AS `h_artifacts`, `h`.`exhibitions` AS `h_exhibitions`, `h`.`recommendations` AS `h_recommendations`, `h`.`is_active` AS `h_is_active`, `h`.`created_at` AS `h_created_at`, `h`.`updated_at` AS `h_updated_at` FROM `museum_exhibition_hall` `h` WHERE `h`.`is_active` = ? ORDER BY `h`.`id` ASC LIMIT 500 OFFSET 0 -- PARAMETERS: [true]
query: SELECT `MuseumDetail`.`id` AS `MuseumDetail_id`, `MuseumDetail`.`museum_id` AS `MuseumDetail_museum_id`, `MuseumDetail`.`visit_info` AS `MuseumDetail_visit_info`, `MuseumDetail`.`history` AS `MuseumDetail_history`, `MuseumDetail`.`architecture` AS `MuseumDetail_architecture`, `MuseumDetail`.`highlights` AS `MuseumDetail_highlights`, `MuseumDetail`.`education` AS `MuseumDetail_education`, `MuseumDetail`.`is_active` AS `MuseumDetail_is_active`, `MuseumDetail`.`created_at` AS `MuseumDetail_created_at`, `MuseumDetail`.`updated_at` AS `MuseumDetail_updated_at` FROM `museum_detail` `MuseumDetail` WHERE ((`MuseumDetail`.`museum_id` = ?) AND (`MuseumDetail`.`is_active` = ?)) LIMIT 1 -- PARAMETERS: [25,true]
query: SELECT `MuseumDetail`.`id` AS `MuseumDetail_id`, `MuseumDetail`.`museum_id` AS `MuseumDetail_museum_id`, `MuseumDetail`.`visit_info` AS `MuseumDetail_visit_info`, `MuseumDetail`.`history` AS `MuseumDetail_history`, `MuseumDetail`.`architecture` AS `MuseumDetail_architecture`, `MuseumDetail`.`highlights` AS `MuseumDetail_highlights`, `MuseumDetail`.`education` AS `MuseumDetail_education`, `MuseumDetail`.`is_active` AS `MuseumDetail_is_active`, `MuseumDetail`.`created_at` AS `MuseumDetail_created_at`, `MuseumDetail`.`updated_at` AS `MuseumDetail_updated_at` FROM `museum_detail` `MuseumDetail` WHERE ((`MuseumDetail`.`museum_id` = ?) AND (`MuseumDetail`.`is_active` = ?)) LIMIT 1 -- PARAMETERS: [1,true]
query: SELECT `MuseumDetail`.`id` AS `MuseumDetail_id`, `MuseumDetail`.`museum_id` AS `MuseumDetail_museum_id`, `MuseumDetail`.`visit_info` AS `MuseumDetail_visit_info`, `MuseumDetail`.`history` AS `MuseumDetail_history`, `MuseumDetail`.`architecture` AS `MuseumDetail_architecture`, `MuseumDetail`.`highlights` AS `MuseumDetail_highlights`, `MuseumDetail`.`education` AS `MuseumDetail_education`, `MuseumDetail`.`is_active` AS `MuseumDetail_is_active`, `MuseumDetail`.`created_at` AS `MuseumDetail_created_at`, `MuseumDetail`.`updated_at` AS `MuseumDetail_updated_at` FROM `museum_detail` `MuseumDetail` WHERE ((`MuseumDetail`.`museum_id` = ?) AND (`MuseumDetail`.`is_active` = ?)) LIMIT 1 -- PARAMETERS: [2,true]
query: SELECT `MuseumDetail`.`id` AS `MuseumDetail_id`, `MuseumDetail`.`museum_id` AS `MuseumDetail_museum_id`, `MuseumDetail`.`visit_info` AS `MuseumDetail_visit_info`, `MuseumDetail`.`history` AS `MuseumDetail_history`, `MuseumDetail`.`architecture` AS `MuseumDetail_architecture`, `MuseumDetail`.`highlights` AS `MuseumDetail_highlights`, `MuseumDetail`.`education` AS `MuseumDetail_education`, `MuseumDetail`.`is_active` AS `MuseumDetail_is_active`, `MuseumDetail`.`created_at` AS `MuseumDetail_created_at`, `MuseumDetail`.`updated_at` AS `MuseumDetail_updated_at` FROM `museum_detail` `MuseumDetail` WHERE ((`MuseumDetail`.`museum_id` = ?) AND (`MuseumDetail`.`is_active` = ?)) LIMIT 1 -- PARAMETERS: [3,true]
query: SELECT `Museum`.`id` AS `Museum_id`, `Museum`.`name` AS `Museum_name`, `Museum`.`province` AS `Museum_province`, `Museum`.`type` AS `Museum_type`, `Museum`.`image` AS `Museum_image`, `Museum`.`description` AS `Museum_description`, `Museum`.`artifacts_count` AS `Museum_artifacts_count`, `Museum`.`exhibitions_count` AS `Museum_exhibitions_count`, `Museum`.`visitors` AS `Museum_visitors`, `Museum`.`features` AS `Museum_features`, `Museum`.`is_active` AS `Museum_is_active`, `Museum`.`created_at` AS `Museum_created_at`, `Museum`.`updated_at` AS `Museum_updated_at` FROM `museum` `Museum` WHERE ((`Museum`.`id` = ?) AND (`Museum`.`is_active` = ?)) LIMIT 1 -- PARAMETERS: [1,true]
query: SELECT `Museum`.`id` AS `Museum_id`, `Museum`.`name` AS `Museum_name`, `Museum`.`province` AS `Museum_province`, `Museum`.`type` AS `Museum_type`, `Museum`.`image` AS `Museum_image`, `Museum`.`description` AS `Museum_description`, `Museum`.`artifacts_count` AS `Museum_artifacts_count`, `Museum`.`exhibitions_count` AS `Museum_exhibitions_count`, `Museum`.`visitors` AS `Museum_visitors`, `Museum`.`features` AS `Museum_features`, `Museum`.`is_active` AS `Museum_is_active`, `Museum`.`created_at` AS `Museum_created_at`, `Museum`.`updated_at` AS `Museum_updated_at` FROM `museum` `Museum` WHERE ((`Museum`.`id` = ?) AND (`Museum`.`is_active` = ?)) LIMIT 1 -- PARAMETERS: [2,true]
query: SELECT `Museum`.`id` AS `Museum_id`, `Museum`.`name` AS `Museum_name`, `Museum`.`province` AS `Museum_province`, `Museum`.`type` AS `Museum_type`, `Museum`.`image` AS `Museum_image`, `Museum`.`description` AS `Museum_description`, `Museum`.`artifacts_count` AS `Museum_artifacts_count`, `Museum`.`exhibitions_count` AS `Museum_exhibitions_count`, `Museum`.`visitors` AS `Museum_visitors`, `Museum`.`features` AS `Museum_features`, `Museum`.`is_active` AS `Museum_is_active`, `Museum`.`created_at` AS `Museum_created_at`, `Museum`.`updated_at` AS `Museum_updated_at` FROM `museum` `Museum` WHERE ((`Museum`.`id` = ?) AND (`Museum`.`is_active` = ?)) LIMIT 1 -- PARAMETERS: [3,true]
query: SELECT `Museum`.`id` AS `Museum_id`, `Museum`.`name` AS `Museum_name`, `Museum`.`province` AS `Museum_province`, `Museum`.`type` AS `Museum_type`, `Museum`.`image` AS `Museum_image`, `Museum`.`description` AS `Museum_description`, `Museum`.`artifacts_count` AS `Museum_artifacts_count`, `Museum`.`exhibitions_count` AS `Museum_exhibitions_count`, `Museum`.`visitors` AS `Museum_visitors`, `Museum`.`features` AS `Museum_features`, `Museum`.`is_active` AS `Museum_is_active`, `Museum`.`created_at` AS `Museum_created_at`, `Museum`.`updated_at` AS `Museum_updated_at` FROM `museum` `Museum` WHERE ((`Museum`.`id` = ?) AND (`Museum`.`is_active` = ?)) LIMIT 1 -- PARAMETERS: [4,true]
query: SELECT `Museum`.`id` AS `Museum_id`, `Museum`.`name` AS `Museum_name`, `Museum`.`province` AS `Museum_province`, `Museum`.`type` AS `Museum_type`, `Museum`.`image` AS `Museum_image`, `Museum`.`description` AS `Museum_description`, `Museum`.`artifacts_count` AS `Museum_artifacts_count`, `Museum`.`exhibitions_count` AS `Museum_exhibitions_count`, `Museum`.`visitors` AS `Museum_visitors`, `Museum`.`features` AS `Museum_features`, `Museum`.`is_active` AS `Museum_is_active`, `Museum`.`created_at` AS `Museum_created_at`, `Museum`.`updated_at` AS `Museum_updated_at` FROM `museum` `Museum` WHERE ((`Museum`.`id` = ?) AND (`Museum`.`is_active` = ?)) LIMIT 1 -- PARAMETERS: [5,true]
query: SELECT `Museum`.`id` AS `Museum_id`, `Museum`.`name` AS `Museum_name`, `Museum`.`province` AS `Museum_province`, `Museum`.`type` AS `Museum_type`, `Museum`.`image` AS `Museum_image`, `Museum`.`description` AS `Museum_description`, `Museum`.`artifacts_count` AS `Museum_artifacts_count`, `Museum`.`exhibitions_count` AS `Museum_exhibitions_count`, `Museum`.`visitors` AS `Museum_visitors`, `Museum`.`features` AS `Museum_features`, `Museum`.`is_active` AS `Museum_is_active`, `Museum`.`created_at` AS `Museum_created_at`, `Museum`.`updated_at` AS `Museum_updated_at` FROM `museum` `Museum` WHERE ((`Museum`.`id` = ?) AND (`Museum`.`is_active` = ?)) LIMIT 1 -- PARAMETERS: [6,true]
query: SELECT `Museum`.`id` AS `Museum_id`, `Museum`.`name` AS `Museum_name`, `Museum`.`province` AS `Museum_province`, `Museum`.`type` AS `Museum_type`, `Museum`.`image` AS `Museum_image`, `Museum`.`description` AS `Museum_description`, `Museum`.`artifacts_count` AS `Museum_artifacts_count`, `Museum`.`exhibitions_count` AS `Museum_exhibitions_count`, `Museum`.`visitors` AS `Museum_visitors`, `Museum`.`features` AS `Museum_features`, `Museum`.`is_active` AS `Museum_is_active`, `Museum`.`created_at` AS `Museum_created_at`, `Museum`.`updated_at` AS `Museum_updated_at` FROM `museum` `Museum` WHERE ((`Museum`.`id` = ?) AND (`Museum`.`is_active` = ?)) LIMIT 1 -- PARAMETERS: [7,true]
query: SELECT `Museum`.`id` AS `Museum_id`, `Museum`.`name` AS `Museum_name`, `Museum`.`province` AS `Museum_province`, `Museum`.`type` AS `Museum_type`, `Museum`.`image` AS `Museum_image`, `Museum`.`description` AS `Museum_description`, `Museum`.`artifacts_count` AS `Museum_artifacts_count`, `Museum`.`exhibitions_count` AS `Museum_exhibitions_count`, `Museum`.`visitors` AS `Museum_visitors`, `Museum`.`features` AS `Museum_features`, `Museum`.`is_active` AS `Museum_is_active`, `Museum`.`created_at` AS `Museum_created_at`, `Museum`.`updated_at` AS `Museum_updated_at` FROM `museum` `Museum` WHERE ((`Museum`.`id` = ?) AND (`Museum`.`is_active` = ?)) LIMIT 1 -- PARAMETERS: [8,true]
query: SELECT `Museum`.`id` AS `Museum_id`, `Museum`.`name` AS `Museum_name`, `Museum`.`province` AS `Museum_province`, `Museum`.`type` AS `Museum_type`, `Museum`.`image` AS `Museum_image`, `Museum`.`description` AS `Museum_description`, `Museum`.`artifacts_count` AS `Museum_artifacts_count`, `Museum`.`exhibitions_count` AS `Museum_exhibitions_count`, `Museum`.`visitors` AS `Museum_visitors`, `Museum`.`features` AS `Museum_features`, `Museum`.`is_active` AS `Museum_is_active`, `Museum`.`created_at` AS `Museum_created_at`, `Museum`.`updated_at` AS `Museum_updated_at` FROM `museum` `Museum` WHERE ((`Museum`.`id` = ?) AND (`Museum`.`is_active` = ?)) LIMIT 1 -- PARAMETERS: [9,true]
query: SELECT `Museum`.`id` AS `Museum_id`, `Museum`.`name` AS `Museum_name`, `Museum`.`province` AS `Museum_province`, `Museum`.`type` AS `Museum_type`, `Museum`.`image` AS `Museum_image`, `Museum`.`description` AS `Museum_description`, `Museum`.`artifacts_count` AS `Museum_artifacts_count`, `Museum`.`exhibitions_count` AS `Museum_exhibitions_count`, `Museum`.`visitors` AS `Museum_visitors`, `Museum`.`features` AS `Museum_features`, `Museum`.`is_active` AS `Museum_is_active`, `Museum`.`created_at` AS `Museum_created_at`, `Museum`.`updated_at` AS `Museum_updated_at` FROM `museum` `Museum` WHERE ((`Museum`.`id` = ?) AND (`Museum`.`is_active` = ?)) LIMIT 1 -- PARAMETERS: [10,true]
query: SELECT `Museum`.`id` AS `Museum_id`, `Museum`.`name` AS `Museum_name`, `Museum`.`province` AS `Museum_province`, `Museum`.`type` AS `Museum_type`, `Museum`.`image` AS `Museum_image`, `Museum`.`description` AS `Museum_description`, `Museum`.`artifacts_count` AS `Museum_artifacts_count`, `Museum`.`exhibitions_count` AS `Museum_exhibitions_count`, `Museum`.`visitors` AS `Museum_visitors`, `Museum`.`features` AS `Museum_features`, `Museum`.`is_active` AS `Museum_is_active`, `Museum`.`created_at` AS `Museum_created_at`, `Museum`.`updated_at` AS `Museum_updated_at` FROM `museum` `Museum` WHERE ((`Museum`.`id` = ?) AND (`Museum`.`is_active` = ?)) LIMIT 1 -- PARAMETERS: [11,true]
query: SELECT `Museum`.`id` AS `Museum_id`, `Museum`.`name` AS `Museum_name`, `Museum`.`province` AS `Museum_province`, `Museum`.`type` AS `Museum_type`, `Museum`.`image` AS `Museum_image`, `Museum`.`description` AS `Museum_description`, `Museum`.`artifacts_count` AS `Museum_artifacts_count`, `Museum`.`exhibitions_count` AS `Museum_exhibitions_count`, `Museum`.`visitors` AS `Museum_visitors`, `Museum`.`features` AS `Museum_features`, `Museum`.`is_active` AS `Museum_is_active`, `Museum`.`created_at` AS `Museum_created_at`, `Museum`.`updated_at` AS `Museum_updated_at` FROM `museum` `Museum` WHERE ((`Museum`.`id` = ?) AND (`Museum`.`is_active` = ?)) LIMIT 1 -- PARAMETERS: [12,true]
query: SELECT `Museum`.`id` AS `Museum_id`, `Museum`.`name` AS `Museum_name`, `Museum`.`province` AS `Museum_province`, `Museum`.`type` AS `Museum_type`, `Museum`.`image` AS `Museum_image`, `Museum`.`description` AS `Museum_description`, `Museum`.`artifacts_count` AS `Museum_artifacts_count`, `Museum`.`exhibitions_count` AS `Museum_exhibitions_count`, `Museum`.`visitors` AS `Museum_visitors`, `Museum`.`features` AS `Museum_features`, `Museum`.`is_active` AS `Museum_is_active`, `Museum`.`created_at` AS `Museum_created_at`, `Museum`.`updated_at` AS `Museum_updated_at` FROM `museum` `Museum` WHERE ((`Museum`.`id` = ?) AND (`Museum`.`is_active` = ?)) LIMIT 1 -- PARAMETERS: [13,true]
query: SELECT `Museum`.`id` AS `Museum_id`, `Museum`.`name` AS `Museum_name`, `Museum`.`province` AS `Museum_province`, `Museum`.`type` AS `Museum_type`, `Museum`.`image` AS `Museum_image`, `Museum`.`description` AS `Museum_description`, `Museum`.`artifacts_count` AS `Museum_artifacts_count`, `Museum`.`exhibitions_count` AS `Museum_exhibitions_count`, `Museum`.`visitors` AS `Museum_visitors`, `Museum`.`features` AS `Museum_features`, `Museum`.`is_active` AS `Museum_is_active`, `Museum`.`created_at` AS `Museum_created_at`, `Museum`.`updated_at` AS `Museum_updated_at` FROM `museum` `Museum` WHERE ((`Museum`.`id` = ?) AND (`Museum`.`is_active` = ?)) LIMIT 1 -- PARAMETERS: [14,true]
query: SELECT `Museum`.`id` AS `Museum_id`, `Museum`.`name` AS `Museum_name`, `Museum`.`province` AS `Museum_province`, `Museum`.`type` AS `Museum_type`, `Museum`.`image` AS `Museum_image`, `Museum`.`description` AS `Museum_description`, `Museum`.`artifacts_count` AS `Museum_artifacts_count`, `Museum`.`exhibitions_count` AS `Museum_exhibitions_count`, `Museum`.`visitors` AS `Museum_visitors`, `Museum`.`features` AS `Museum_features`, `Museum`.`is_active` AS `Museum_is_active`, `Museum`.`created_at` AS `Museum_created_at`, `Museum`.`updated_at` AS `Museum_updated_at` FROM `museum` `Museum` WHERE ((`Museum`.`id` = ?) AND (`Museum`.`is_active` = ?)) LIMIT 1 -- PARAMETERS: [15,true]
query: SELECT `Museum`.`id` AS `Museum_id`, `Museum`.`name` AS `Museum_name`, `Museum`.`province` AS `Museum_province`, `Museum`.`type` AS `Museum_type`, `Museum`.`image` AS `Museum_image`, `Museum`.`description` AS `Museum_description`, `Museum`.`artifacts_count` AS `Museum_artifacts_count`, `Museum`.`exhibitions_count` AS `Museum_exhibitions_count`, `Museum`.`visitors` AS `Museum_visitors`, `Museum`.`features` AS `Museum_features`, `Museum`.`is_active` AS `Museum_is_active`, `Museum`.`created_at` AS `Museum_created_at`, `Museum`.`updated_at` AS `Museum_updated_at` FROM `museum` `Museum` WHERE ((`Museum`.`id` = ?) AND (`Museum`.`is_active` = ?)) LIMIT 1 -- PARAMETERS: [16,true]
query: SELECT `Museum`.`id` AS `Museum_id`, `Museum`.`name` AS `Museum_name`, `Museum`.`province` AS `Museum_province`, `Museum`.`type` AS `Museum_type`, `Museum`.`image` AS `Museum_image`, `Museum`.`description` AS `Museum_description`, `Museum`.`artifacts_count` AS `Museum_artifacts_count`, `Museum`.`exhibitions_count` AS `Museum_exhibitions_count`, `Museum`.`visitors` AS `Museum_visitors`, `Museum`.`features` AS `Museum_features`, `Museum`.`is_active` AS `Museum_is_active`, `Museum`.`created_at` AS `Museum_created_at`, `Museum`.`updated_at` AS `Museum_updated_at` FROM `museum` `Museum` WHERE ((`Museum`.`id` = ?) AND (`Museum`.`is_active` = ?)) LIMIT 1 -- PARAMETERS: [17,true]
query: SELECT `Museum`.`id` AS `Museum_id`, `Museum`.`name` AS `Museum_name`, `Museum`.`province` AS `Museum_province`, `Museum`.`type` AS `Museum_type`, `Museum`.`image` AS `Museum_image`, `Museum`.`description` AS `Museum_description`, `Museum`.`artifacts_count` AS `Museum_artifacts_count`, `Museum`.`exhibitions_count` AS `Museum_exhibitions_count`, `Museum`.`visitors` AS `Museum_visitors`, `Museum`.`features` AS `Museum_features`, `Museum`.`is_active` AS `Museum_is_active`, `Museum`.`created_at` AS `Museum_created_at`, `Museum`.`updated_at` AS `Museum_updated_at` FROM `museum` `Museum` WHERE ((`Museum`.`id` = ?) AND (`Museum`.`is_active` = ?)) LIMIT 1 -- PARAMETERS: [18,true]
query: SELECT `Museum`.`id` AS `Museum_id`, `Museum`.`name` AS `Museum_name`, `Museum`.`province` AS `Museum_province`, `Museum`.`type` AS `Museum_type`, `Museum`.`image` AS `Museum_image`, `Museum`.`description` AS `Museum_description`, `Museum`.`artifacts_count` AS `Museum_artifacts_count`, `Museum`.`exhibitions_count` AS `Museum_exhibitions_count`, `Museum`.`visitors` AS `Museum_visitors`, `Museum`.`features` AS `Museum_features`, `Museum`.`is_active` AS `Museum_is_active`, `Museum`.`created_at` AS `Museum_created_at`, `Museum`.`updated_at` AS `Museum_updated_at` FROM `museum` `Museum` WHERE ((`Museum`.`id` = ?) AND (`Museum`.`is_active` = ?)) LIMIT 1 -- PARAMETERS: [19,true]
query: SELECT `Museum`.`id` AS `Museum_id`, `Museum`.`name` AS `Museum_name`, `Museum`.`province` AS `Museum_province`, `Museum`.`type` AS `Museum_type`, `Museum`.`image` AS `Museum_image`, `Museum`.`description` AS `Museum_description`, `Museum`.`artifacts_count` AS `Museum_artifacts_count`, `Museum`.`exhibitions_count` AS `Museum_exhibitions_count`, `Museum`.`visitors` AS `Museum_visitors`, `Museum`.`features` AS `Museum_features`, `Museum`.`is_active` AS `Museum_is_active`, `Museum`.`created_at` AS `Museum_created_at`, `Museum`.`updated_at` AS `Museum_updated_at` FROM `museum` `Museum` WHERE ((`Museum`.`id` = ?) AND (`Museum`.`is_active` = ?)) LIMIT 1 -- PARAMETERS: [20,true]
query: SELECT `Museum`.`id` AS `Museum_id`, `Museum`.`name` AS `Museum_name`, `Museum`.`province` AS `Museum_province`, `Museum`.`type` AS `Museum_type`, `Museum`.`image` AS `Museum_image`, `Museum`.`description` AS `Museum_description`, `Museum`.`artifacts_count` AS `Museum_artifacts_count`, `Museum`.`exhibitions_count` AS `Museum_exhibitions_count`, `Museum`.`visitors` AS `Museum_visitors`, `Museum`.`features` AS `Museum_features`, `Museum`.`is_active` AS `Museum_is_active`, `Museum`.`created_at` AS `Museum_created_at`, `Museum`.`updated_at` AS `Museum_updated_at` FROM `museum` `Museum` WHERE ((`Museum`.`id` = ?) AND (`Museum`.`is_active` = ?)) LIMIT 1 -- PARAMETERS: [21,true]
query: SELECT `Museum`.`id` AS `Museum_id`, `Museum`.`name` AS `Museum_name`, `Museum`.`province` AS `Museum_province`, `Museum`.`type` AS `Museum_type`, `Museum`.`image` AS `Museum_image`, `Museum`.`description` AS `Museum_description`, `Museum`.`artifacts_count` AS `Museum_artifacts_count`, `Museum`.`exhibitions_count` AS `Museum_exhibitions_count`, `Museum`.`visitors` AS `Museum_visitors`, `Museum`.`features` AS `Museum_features`, `Museum`.`is_active` AS `Museum_is_active`, `Museum`.`created_at` AS `Museum_created_at`, `Museum`.`updated_at` AS `Museum_updated_at` FROM `museum` `Museum` WHERE ((`Museum`.`id` = ?) AND (`Museum`.`is_active` = ?)) LIMIT 1 -- PARAMETERS: [22,true]
query: SELECT `Museum`.`id` AS `Museum_id`, `Museum`.`name` AS `Museum_name`, `Museum`.`province` AS `Museum_province`, `Museum`.`type` AS `Museum_type`, `Museum`.`image` AS `Museum_image`, `Museum`.`description` AS `Museum_description`, `Museum`.`artifacts_count` AS `Museum_artifacts_count`, `Museum`.`exhibitions_count` AS `Museum_exhibitions_count`, `Museum`.`visitors` AS `Museum_visitors`, `Museum`.`features` AS `Museum_features`, `Museum`.`is_active` AS `Museum_is_active`, `Museum`.`created_at` AS `Museum_created_at`, `Museum`.`updated_at` AS `Museum_updated_at` FROM `museum` `Museum` WHERE ((`Museum`.`id` = ?) AND (`Museum`.`is_active` = ?)) LIMIT 1 -- PARAMETERS: [23,true]
query: SELECT `Museum`.`id` AS `Museum_id`, `Museum`.`name` AS `Museum_name`, `Museum`.`province` AS `Museum_province`, `Museum`.`type` AS `Museum_type`, `Museum`.`image` AS `Museum_image`, `Museum`.`description` AS `Museum_description`, `Museum`.`artifacts_count` AS `Museum_artifacts_count`, `Museum`.`exhibitions_count` AS `Museum_exhibitions_count`, `Museum`.`visitors` AS `Museum_visitors`, `Museum`.`features` AS `Museum_features`, `Museum`.`is_active` AS `Museum_is_active`, `Museum`.`created_at` AS `Museum_created_at`, `Museum`.`updated_at` AS `Museum_updated_at` FROM `museum` `Museum` WHERE ((`Museum`.`id` = ?) AND (`Museum`.`is_active` = ?)) LIMIT 1 -- PARAMETERS: [24,true]
query: SELECT `Museum`.`id` AS `Museum_id`, `Museum`.`name` AS `Museum_name`, `Museum`.`province` AS `Museum_province`, `Museum`.`type` AS `Museum_type`, `Museum`.`image` AS `Museum_image`, `Museum`.`description` AS `Museum_description`, `Museum`.`artifacts_count` AS `Museum_artifacts_count`, `Museum`.`exhibitions_count` AS `Museum_exhibitions_count`, `Museum`.`visitors` AS `Museum_visitors`, `Museum`.`features` AS `Museum_features`, `Museum`.`is_active` AS `Museum_is_active`, `Museum`.`created_at` AS `Museum_created_at`, `Museum`.`updated_at` AS `Museum_updated_at` FROM `museum` `Museum` WHERE ((`Museum`.`id` = ?) AND (`Museum`.`is_active` = ?)) LIMIT 1 -- PARAMETERS: [25,true]
query: SELECT `Museum`.`id` AS `Museum_id`, `Museum`.`name` AS `Museum_name`, `Museum`.`province` AS `Museum_province`, `Museum`.`type` AS `Museum_type`, `Museum`.`image` AS `Museum_image`, `Museum`.`description` AS `Museum_description`, `Museum`.`artifacts_count` AS `Museum_artifacts_count`, `Museum`.`exhibitions_count` AS `Museum_exhibitions_count`, `Museum`.`visitors` AS `Museum_visitors`, `Museum`.`features` AS `Museum_features`, `Museum`.`is_active` AS `Museum_is_active`, `Museum`.`created_at` AS `Museum_created_at`, `Museum`.`updated_at` AS `Museum_updated_at` FROM `museum` `Museum` WHERE ((`Museum`.`id` = ?) AND (`Museum`.`is_active` = ?)) LIMIT 1 -- PARAMETERS: [26,true]
query: SELECT `Museum`.`id` AS `Museum_id`, `Museum`.`name` AS `Museum_name`, `Museum`.`province` AS `Museum_province`, `Museum`.`type` AS `Museum_type`, `Museum`.`image` AS `Museum_image`, `Museum`.`description` AS `Museum_description`, `Museum`.`artifacts_count` AS `Museum_artifacts_count`, `Museum`.`exhibitions_count` AS `Museum_exhibitions_count`, `Museum`.`visitors` AS `Museum_visitors`, `Museum`.`features` AS `Museum_features`, `Museum`.`is_active` AS `Museum_is_active`, `Museum`.`created_at` AS `Museum_created_at`, `Museum`.`updated_at` AS `Museum_updated_at` FROM `museum` `Museum` WHERE ((`Museum`.`id` = ?) AND (`Museum`.`is_active` = ?)) LIMIT 1 -- PARAMETERS: [27,true]
query: SELECT `Museum`.`id` AS `Museum_id`, `Museum`.`name` AS `Museum_name`, `Museum`.`province` AS `Museum_province`, `Museum`.`type` AS `Museum_type`, `Museum`.`image` AS `Museum_image`, `Museum`.`description` AS `Museum_description`, `Museum`.`artifacts_count` AS `Museum_artifacts_count`, `Museum`.`exhibitions_count` AS `Museum_exhibitions_count`, `Museum`.`visitors` AS `Museum_visitors`, `Museum`.`features` AS `Museum_features`, `Museum`.`is_active` AS `Museum_is_active`, `Museum`.`created_at` AS `Museum_created_at`, `Museum`.`updated_at` AS `Museum_updated_at` FROM `museum` `Museum` WHERE ((`Museum`.`id` = ?) AND (`Museum`.`is_active` = ?)) LIMIT 1 -- PARAMETERS: [28,true]
query: SELECT `Museum`.`id` AS `Museum_id`, `Museum`.`name` AS `Museum_name`, `Museum`.`province` AS `Museum_province`, `Museum`.`type` AS `Museum_type`, `Museum`.`image` AS `Museum_image`, `Museum`.`description` AS `Museum_description`, `Museum`.`artifacts_count` AS `Museum_artifacts_count`, `Museum`.`exhibitions_count` AS `Museum_exhibitions_count`, `Museum`.`visitors` AS `Museum_visitors`, `Museum`.`features` AS `Museum_features`, `Museum`.`is_active` AS `Museum_is_active`, `Museum`.`created_at` AS `Museum_created_at`, `Museum`.`updated_at` AS `Museum_updated_at` FROM `museum` `Museum` WHERE ((`Museum`.`id` = ?) AND (`Museum`.`is_active` = ?)) LIMIT 1 -- PARAMETERS: [29,true]
query: SELECT `Museum`.`id` AS `Museum_id`, `Museum`.`name` AS `Museum_name`, `Museum`.`province` AS `Museum_province`, `Museum`.`type` AS `Museum_type`, `Museum`.`image` AS `Museum_image`, `Museum`.`description` AS `Museum_description`, `Museum`.`artifacts_count` AS `Museum_artifacts_count`, `Museum`.`exhibitions_count` AS `Museum_exhibitions_count`, `Museum`.`visitors` AS `Museum_visitors`, `Museum`.`features` AS `Museum_features`, `Museum`.`is_active` AS `Museum_is_active`, `Museum`.`created_at` AS `Museum_created_at`, `Museum`.`updated_at` AS `Museum_updated_at` FROM `museum` `Museum` WHERE ((`Museum`.`id` = ?) AND (`Museum`.`is_active` = ?)) LIMIT 1 -- PARAMETERS: [30,true]
query: SELECT `Museum`.`id` AS `Museum_id`, `Museum`.`name` AS `Museum_name`, `Museum`.`province` AS `Museum_province`, `Museum`.`type` AS `Museum_type`, `Museum`.`image` AS `Museum_image`, `Museum`.`description` AS `Museum_description`, `Museum`.`artifacts_count` AS `Museum_artifacts_count`, `Museum`.`exhibitions_count` AS `Museum_exhibitions_count`, `Museum`.`visitors` AS `Museum_visitors`, `Museum`.`features` AS `Museum_features`, `Museum`.`is_active` AS `Museum_is_active`, `Museum`.`created_at` AS `Museum_created_at`, `Museum`.`updated_at` AS `Museum_updated_at` FROM `museum` `Museum` WHERE ((`Museum`.`id` = ?) AND (`Museum`.`is_active` = ?)) LIMIT 1 -- PARAMETERS: [31,true]
query: SELECT `Museum`.`id` AS `Museum_id`, `Museum`.`name` AS `Museum_name`, `Museum`.`province` AS `Museum_province`, `Museum`.`type` AS `Museum_type`, `Museum`.`image` AS `Museum_image`, `Museum`.`description` AS `Museum_description`, `Museum`.`artifacts_count` AS `Museum_artifacts_count`, `Museum`.`exhibitions_count` AS `Museum_exhibitions_count`, `Museum`.`visitors` AS `Museum_visitors`, `Museum`.`features` AS `Museum_features`, `Museum`.`is_active` AS `Museum_is_active`, `Museum`.`created_at` AS `Museum_created_at`, `Museum`.`updated_at` AS `Museum_updated_at` FROM `museum` `Museum` WHERE ((`Museum`.`id` = ?) AND (`Museum`.`is_active` = ?)) LIMIT 1 -- PARAMETERS: [32,true]
query: SELECT `Museum`.`id` AS `Museum_id`, `Museum`.`name` AS `Museum_name`, `Museum`.`province` AS `Museum_province`, `Museum`.`type` AS `Museum_type`, `Museum`.`image` AS `Museum_image`, `Museum`.`description` AS `Museum_description`, `Museum`.`artifacts_count` AS `Museum_artifacts_count`, `Museum`.`exhibitions_count` AS `Museum_exhibitions_count`, `Museum`.`visitors` AS `Museum_visitors`, `Museum`.`features` AS `Museum_features`, `Museum`.`is_active` AS `Museum_is_active`, `Museum`.`created_at` AS `Museum_created_at`, `Museum`.`updated_at` AS `Museum_updated_at` FROM `museum` `Museum` WHERE ((`Museum`.`id` = ?) AND (`Museum`.`is_active` = ?)) LIMIT 1 -- PARAMETERS: [33,true]
query: SELECT `Museum`.`id` AS `Museum_id`, `Museum`.`name` AS `Museum_name`, `Museum`.`province` AS `Museum_province`, `Museum`.`type` AS `Museum_type`, `Museum`.`image` AS `Museum_image`, `Museum`.`description` AS `Museum_description`, `Museum`.`artifacts_count` AS `Museum_artifacts_count`, `Museum`.`exhibitions_count` AS `Museum_exhibitions_count`, `Museum`.`visitors` AS `Museum_visitors`, `Museum`.`features` AS `Museum_features`, `Museum`.`is_active` AS `Museum_is_active`, `Museum`.`created_at` AS `Museum_created_at`, `Museum`.`updated_at` AS `Museum_updated_at` FROM `museum` `Museum` WHERE ((`Museum`.`id` = ?) AND (`Museum`.`is_active` = ?)) LIMIT 1 -- PARAMETERS: [34,true]
query: SELECT `Museum`.`id` AS `Museum_id`, `Museum`.`name` AS `Museum_name`, `Museum`.`province` AS `Museum_province`, `Museum`.`type` AS `Museum_type`, `Museum`.`image` AS `Museum_image`, `Museum`.`description` AS `Museum_description`, `Museum`.`artifacts_count` AS `Museum_artifacts_count`, `Museum`.`exhibitions_count` AS `Museum_exhibitions_count`, `Museum`.`visitors` AS `Museum_visitors`, `Museum`.`features` AS `Museum_features`, `Museum`.`is_active` AS `Museum_is_active`, `Museum`.`created_at` AS `Museum_created_at`, `Museum`.`updated_at` AS `Museum_updated_at` FROM `museum` `Museum` WHERE ((`Museum`.`id` = ?) AND (`Museum`.`is_active` = ?)) LIMIT 1 -- PARAMETERS: [35,true]
query: SELECT `Museum`.`id` AS `Museum_id`, `Museum`.`name` AS `Museum_name`, `Museum`.`province` AS `Museum_province`, `Museum`.`type` AS `Museum_type`, `Museum`.`image` AS `Museum_image`, `Museum`.`description` AS `Museum_description`, `Museum`.`artifacts_count` AS `Museum_artifacts_count`, `Museum`.`exhibitions_count` AS `Museum_exhibitions_count`, `Museum`.`visitors` AS `Museum_visitors`, `Museum`.`features` AS `Museum_features`, `Museum`.`is_active` AS `Museum_is_active`, `Museum`.`created_at` AS `Museum_created_at`, `Museum`.`updated_at` AS `Museum_updated_at` FROM `museum` `Museum` WHERE ((`Museum`.`id` = ?) AND (`Museum`.`is_active` = ?)) LIMIT 1 -- PARAMETERS: [36,true]
query: SELECT `Museum`.`id` AS `Museum_id`, `Museum`.`name` AS `Museum_name`, `Museum`.`province` AS `Museum_province`, `Museum`.`type` AS `Museum_type`, `Museum`.`image` AS `Museum_image`, `Museum`.`description` AS `Museum_description`, `Museum`.`artifacts_count` AS `Museum_artifacts_count`, `Museum`.`exhibitions_count` AS `Museum_exhibitions_count`, `Museum`.`visitors` AS `Museum_visitors`, `Museum`.`features` AS `Museum_features`, `Museum`.`is_active` AS `Museum_is_active`, `Museum`.`created_at` AS `Museum_created_at`, `Museum`.`updated_at` AS `Museum_updated_at` FROM `museum` `Museum` WHERE ((`Museum`.`id` = ?) AND (`Museum`.`is_active` = ?)) LIMIT 1 -- PARAMETERS: [37,true]
query: SELECT `Museum`.`id` AS `Museum_id`, `Museum`.`name` AS `Museum_name`, `Museum`.`province` AS `Museum_province`, `Museum`.`type` AS `Museum_type`, `Museum`.`image` AS `Museum_image`, `Museum`.`description` AS `Museum_description`, `Museum`.`artifacts_count` AS `Museum_artifacts_count`, `Museum`.`exhibitions_count` AS `Museum_exhibitions_count`, `Museum`.`visitors` AS `Museum_visitors`, `Museum`.`features` AS `Museum_features`, `Museum`.`is_active` AS `Museum_is_active`, `Museum`.`created_at` AS `Museum_created_at`, `Museum`.`updated_at` AS `Museum_updated_at` FROM `museum` `Museum` WHERE ((`Museum`.`id` = ?) AND (`Museum`.`is_active` = ?)) LIMIT 1 -- PARAMETERS: [38,true]
query: SELECT `Museum`.`id` AS `Museum_id`, `Museum`.`name` AS `Museum_name`, `Museum`.`province` AS `Museum_province`, `Museum`.`type` AS `Museum_type`, `Museum`.`image` AS `Museum_image`, `Museum`.`description` AS `Museum_description`, `Museum`.`artifacts_count` AS `Museum_artifacts_count`, `Museum`.`exhibitions_count` AS `Museum_exhibitions_count`, `Museum`.`visitors` AS `Museum_visitors`, `Museum`.`features` AS `Museum_features`, `Museum`.`is_active` AS `Museum_is_active`, `Museum`.`created_at` AS `Museum_created_at`, `Museum`.`updated_at` AS `Museum_updated_at` FROM `museum` `Museum` WHERE ((`Museum`.`id` = ?) AND (`Museum`.`is_active` = ?)) LIMIT 1 -- PARAMETERS: [1,true]
query: SELECT `Museum`.`id` AS `Museum_id`, `Museum`.`name` AS `Museum_name`, `Museum`.`province` AS `Museum_province`, `Museum`.`type` AS `Museum_type`, `Museum`.`image` AS `Museum_image`, `Museum`.`description` AS `Museum_description`, `Museum`.`artifacts_count` AS `Museum_artifacts_count`, `Museum`.`exhibitions_count` AS `Museum_exhibitions_count`, `Museum`.`visitors` AS `Museum_visitors`, `Museum`.`features` AS `Museum_features`, `Museum`.`is_active` AS `Museum_is_active`, `Museum`.`created_at` AS `Museum_created_at`, `Museum`.`updated_at` AS `Museum_updated_at` FROM `museum` `Museum` WHERE ((`Museum`.`id` = ?) AND (`Museum`.`is_active` = ?)) LIMIT 1 -- PARAMETERS: [2,true]
query: SELECT `Museum`.`id` AS `Museum_id`, `Museum`.`name` AS `Museum_name`, `Museum`.`province` AS `Museum_province`, `Museum`.`type` AS `Museum_type`, `Museum`.`image` AS `Museum_image`, `Museum`.`description` AS `Museum_description`, `Museum`.`artifacts_count` AS `Museum_artifacts_count`, `Museum`.`exhibitions_count` AS `Museum_exhibitions_count`, `Museum`.`visitors` AS `Museum_visitors`, `Museum`.`features` AS `Museum_features`, `Museum`.`is_active` AS `Museum_is_active`, `Museum`.`created_at` AS `Museum_created_at`, `Museum`.`updated_at` AS `Museum_updated_at` FROM `museum` `Museum` WHERE ((`Museum`.`id` = ?) AND (`Museum`.`is_active` = ?)) LIMIT 1 -- PARAMETERS: [3,true]
query: SELECT `Museum`.`id` AS `Museum_id`, `Museum`.`name` AS `Museum_name`, `Museum`.`province` AS `Museum_province`, `Museum`.`type` AS `Museum_type`, `Museum`.`image` AS `Museum_image`, `Museum`.`description` AS `Museum_description`, `Museum`.`artifacts_count` AS `Museum_artifacts_count`, `Museum`.`exhibitions_count` AS `Museum_exhibitions_count`, `Museum`.`visitors` AS `Museum_visitors`, `Museum`.`features` AS `Museum_features`, `Museum`.`is_active` AS `Museum_is_active`, `Museum`.`created_at` AS `Museum_created_at`, `Museum`.`updated_at` AS `Museum_updated_at` FROM `museum` `Museum` WHERE ((`Museum`.`id` = ?) AND (`Museum`.`is_active` = ?)) LIMIT 1 -- PARAMETERS: [4,true]
query: SELECT `Museum`.`id` AS `Museum_id`, `Museum`.`name` AS `Museum_name`, `Museum`.`province` AS `Museum_province`, `Museum`.`type` AS `Museum_type`, `Museum`.`image` AS `Museum_image`, `Museum`.`description` AS `Museum_description`, `Museum`.`artifacts_count` AS `Museum_artifacts_count`, `Museum`.`exhibitions_count` AS `Museum_exhibitions_count`, `Museum`.`visitors` AS `Museum_visitors`, `Museum`.`features` AS `Museum_features`, `Museum`.`is_active` AS `Museum_is_active`, `Museum`.`created_at` AS `Museum_created_at`, `Museum`.`updated_at` AS `Museum_updated_at` FROM `museum` `Museum` WHERE ((`Museum`.`id` = ?) AND (`Museum`.`is_active` = ?)) LIMIT 1 -- PARAMETERS: [5,true]
query: SELECT `Museum`.`id` AS `Museum_id`, `Museum`.`name` AS `Museum_name`, `Museum`.`province` AS `Museum_province`, `Museum`.`type` AS `Museum_type`, `Museum`.`image` AS `Museum_image`, `Museum`.`description` AS `Museum_description`, `Museum`.`artifacts_count` AS `Museum_artifacts_count`, `Museum`.`exhibitions_count` AS `Museum_exhibitions_count`, `Museum`.`visitors` AS `Museum_visitors`, `Museum`.`features` AS `Museum_features`, `Museum`.`is_active` AS `Museum_is_active`, `Museum`.`created_at` AS `Museum_created_at`, `Museum`.`updated_at` AS `Museum_updated_at` FROM `museum` `Museum` WHERE ((`Museum`.`id` = ?) AND (`Museum`.`is_active` = ?)) LIMIT 1 -- PARAMETERS: [6,true]
query: SELECT `Museum`.`id` AS `Museum_id`, `Museum`.`name` AS `Museum_name`, `Museum`.`province` AS `Museum_province`, `Museum`.`type` AS `Museum_type`, `Museum`.`image` AS `Museum_image`, `Museum`.`description` AS `Museum_description`, `Museum`.`artifacts_count` AS `Museum_artifacts_count`, `Museum`.`exhibitions_count` AS `Museum_exhibitions_count`, `Museum`.`visitors` AS `Museum_visitors`, `Museum`.`features` AS `Museum_features`, `Museum`.`is_active` AS `Museum_is_active`, `Museum`.`created_at` AS `Museum_created_at`, `Museum`.`updated_at` AS `Museum_updated_at` FROM `museum` `Museum` WHERE ((`Museum`.`id` = ?) AND (`Museum`.`is_active` = ?)) LIMIT 1 -- PARAMETERS: [7,true]
query: SELECT `Museum`.`id` AS `Museum_id`, `Museum`.`name` AS `Museum_name`, `Museum`.`province` AS `Museum_province`, `Museum`.`type` AS `Museum_type`, `Museum`.`image` AS `Museum_image`, `Museum`.`description` AS `Museum_description`, `Museum`.`artifacts_count` AS `Museum_artifacts_count`, `Museum`.`exhibitions_count` AS `Museum_exhibitions_count`, `Museum`.`visitors` AS `Museum_visitors`, `Museum`.`features` AS `Museum_features`, `Museum`.`is_active` AS `Museum_is_active`, `Museum`.`created_at` AS `Museum_created_at`, `Museum`.`updated_at` AS `Museum_updated_at` FROM `museum` `Museum` WHERE ((`Museum`.`id` = ?) AND (`Museum`.`is_active` = ?)) LIMIT 1 -- PARAMETERS: [8,true]
query: SELECT `Museum`.`id` AS `Museum_id`, `Museum`.`name` AS `Museum_name`, `Museum`.`province` AS `Museum_province`, `Museum`.`type` AS `Museum_type`, `Museum`.`image` AS `Museum_image`, `Museum`.`description` AS `Museum_description`, `Museum`.`artifacts_count` AS `Museum_artifacts_count`, `Museum`.`exhibitions_count` AS `Museum_exhibitions_count`, `Museum`.`visitors` AS `Museum_visitors`, `Museum`.`features` AS `Museum_features`, `Museum`.`is_active` AS `Museum_is_active`, `Museum`.`created_at` AS `Museum_created_at`, `Museum`.`updated_at` AS `Museum_updated_at` FROM `museum` `Museum` WHERE ((`Museum`.`id` = ?) AND (`Museum`.`is_active` = ?)) LIMIT 1 -- PARAMETERS: [9,true]
query: SELECT `Museum`.`id` AS `Museum_id`, `Museum`.`name` AS `Museum_name`, `Museum`.`province` AS `Museum_province`, `Museum`.`type` AS `Museum_type`, `Museum`.`image` AS `Museum_image`, `Museum`.`description` AS `Museum_description`, `Museum`.`artifacts_count` AS `Museum_artifacts_count`, `Museum`.`exhibitions_count` AS `Museum_exhibitions_count`, `Museum`.`visitors` AS `Museum_visitors`, `Museum`.`features` AS `Museum_features`, `Museum`.`is_active` AS `Museum_is_active`, `Museum`.`created_at` AS `Museum_created_at`, `Museum`.`updated_at` AS `Museum_updated_at` FROM `museum` `Museum` WHERE ((`Museum`.`id` = ?) AND (`Museum`.`is_active` = ?)) LIMIT 1 -- PARAMETERS: [10,true]
query: SELECT `Museum`.`id` AS `Museum_id`, `Museum`.`name` AS `Museum_name`, `Museum`.`province` AS `Museum_province`, `Museum`.`type` AS `Museum_type`, `Museum`.`image` AS `Museum_image`, `Museum`.`description` AS `Museum_description`, `Museum`.`artifacts_count` AS `Museum_artifacts_count`, `Museum`.`exhibitions_count` AS `Museum_exhibitions_count`, `Museum`.`visitors` AS `Museum_visitors`, `Museum`.`features` AS `Museum_features`, `Museum`.`is_active` AS `Museum_is_active`, `Museum`.`created_at` AS `Museum_created_at`, `Museum`.`updated_at` AS `Museum_updated_at` FROM `museum` `Museum` WHERE ((`Museum`.`id` = ?) AND (`Museum`.`is_active` = ?)) LIMIT 1 -- PARAMETERS: [11,true]
query: SELECT `Museum`.`id` AS `Museum_id`, `Museum`.`name` AS `Museum_name`, `Museum`.`province` AS `Museum_province`, `Museum`.`type` AS `Museum_type`, `Museum`.`image` AS `Museum_image`, `Museum`.`description` AS `Museum_description`, `Museum`.`artifacts_count` AS `Museum_artifacts_count`, `Museum`.`exhibitions_count` AS `Museum_exhibitions_count`, `Museum`.`visitors` AS `Museum_visitors`, `Museum`.`features` AS `Museum_features`, `Museum`.`is_active` AS `Museum_is_active`, `Museum`.`created_at` AS `Museum_created_at`, `Museum`.`updated_at` AS `Museum_updated_at` FROM `museum` `Museum` WHERE ((`Museum`.`id` = ?) AND (`Museum`.`is_active` = ?)) LIMIT 1 -- PARAMETERS: [12,true]
query: SELECT `Museum`.`id` AS `Museum_id`, `Museum`.`name` AS `Museum_name`, `Museum`.`province` AS `Museum_province`, `Museum`.`type` AS `Museum_type`, `Museum`.`image` AS `Museum_image`, `Museum`.`description` AS `Museum_description`, `Museum`.`artifacts_count` AS `Museum_artifacts_count`, `Museum`.`exhibitions_count` AS `Museum_exhibitions_count`, `Museum`.`visitors` AS `Museum_visitors`, `Museum`.`features` AS `Museum_features`, `Museum`.`is_active` AS `Museum_is_active`, `Museum`.`created_at` AS `Museum_created_at`, `Museum`.`updated_at` AS `Museum_updated_at` FROM `museum` `Museum` WHERE ((`Museum`.`id` = ?) AND (`Museum`.`is_active` = ?)) LIMIT 1 -- PARAMETERS: [13,true]
query: SELECT `Museum`.`id` AS `Museum_id`, `Museum`.`name` AS `Museum_name`, `Museum`.`province` AS `Museum_province`, `Museum`.`type` AS `Museum_type`, `Museum`.`image` AS `Museum_image`, `Museum`.`description` AS `Museum_description`, `Museum`.`artifacts_count` AS `Museum_artifacts_count`, `Museum`.`exhibitions_count` AS `Museum_exhibitions_count`, `Museum`.`visitors` AS `Museum_visitors`, `Museum`.`features` AS `Museum_features`, `Museum`.`is_active` AS `Museum_is_active`, `Museum`.`created_at` AS `Museum_created_at`, `Museum`.`updated_at` AS `Museum_updated_at` FROM `museum` `Museum` WHERE ((`Museum`.`id` = ?) AND (`Museum`.`is_active` = ?)) LIMIT 1 -- PARAMETERS: [14,true]
query: SELECT `Museum`.`id` AS `Museum_id`, `Museum`.`name` AS `Museum_name`, `Museum`.`province` AS `Museum_province`, `Museum`.`type` AS `Museum_type`, `Museum`.`image` AS `Museum_image`, `Museum`.`description` AS `Museum_description`, `Museum`.`artifacts_count` AS `Museum_artifacts_count`, `Museum`.`exhibitions_count` AS `Museum_exhibitions_count`, `Museum`.`visitors` AS `Museum_visitors`, `Museum`.`features` AS `Museum_features`, `Museum`.`is_active` AS `Museum_is_active`, `Museum`.`created_at` AS `Museum_created_at`, `Museum`.`updated_at` AS `Museum_updated_at` FROM `museum` `Museum` WHERE ((`Museum`.`id` = ?) AND (`Museum`.`is_active` = ?)) LIMIT 1 -- PARAMETERS: [15,true]
query: SELECT `Museum`.`id` AS `Museum_id`, `Museum`.`name` AS `Museum_name`, `Museum`.`province` AS `Museum_province`, `Museum`.`type` AS `Museum_type`, `Museum`.`image` AS `Museum_image`, `Museum`.`description` AS `Museum_description`, `Museum`.`artifacts_count` AS `Museum_artifacts_count`, `Museum`.`exhibitions_count` AS `Museum_exhibitions_count`, `Museum`.`visitors` AS `Museum_visitors`, `Museum`.`features` AS `Museum_features`, `Museum`.`is_active` AS `Museum_is_active`, `Museum`.`created_at` AS `Museum_created_at`, `Museum`.`updated_at` AS `Museum_updated_at` FROM `museum` `Museum` WHERE ((`Museum`.`id` = ?) AND (`Museum`.`is_active` = ?)) LIMIT 1 -- PARAMETERS: [16,true]
query: SELECT `Museum`.`id` AS `Museum_id`, `Museum`.`name` AS `Museum_name`, `Museum`.`province` AS `Museum_province`, `Museum`.`type` AS `Museum_type`, `Museum`.`image` AS `Museum_image`, `Museum`.`description` AS `Museum_description`, `Museum`.`artifacts_count` AS `Museum_artifacts_count`, `Museum`.`exhibitions_count` AS `Museum_exhibitions_count`, `Museum`.`visitors` AS `Museum_visitors`, `Museum`.`features` AS `Museum_features`, `Museum`.`is_active` AS `Museum_is_active`, `Museum`.`created_at` AS `Museum_created_at`, `Museum`.`updated_at` AS `Museum_updated_at` FROM `museum` `Museum` WHERE ((`Museum`.`id` = ?) AND (`Museum`.`is_active` = ?)) LIMIT 1 -- PARAMETERS: [17,true]
query: SELECT `Museum`.`id` AS `Museum_id`, `Museum`.`name` AS `Museum_name`, `Museum`.`province` AS `Museum_province`, `Museum`.`type` AS `Museum_type`, `Museum`.`image` AS `Museum_image`, `Museum`.`description` AS `Museum_description`, `Museum`.`artifacts_count` AS `Museum_artifacts_count`, `Museum`.`exhibitions_count` AS `Museum_exhibitions_count`, `Museum`.`visitors` AS `Museum_visitors`, `Museum`.`features` AS `Museum_features`, `Museum`.`is_active` AS `Museum_is_active`, `Museum`.`created_at` AS `Museum_created_at`, `Museum`.`updated_at` AS `Museum_updated_at` FROM `museum` `Museum` WHERE ((`Museum`.`id` = ?) AND (`Museum`.`is_active` = ?)) LIMIT 1 -- PARAMETERS: [18,true]
query: SELECT `Museum`.`id` AS `Museum_id`, `Museum`.`name` AS `Museum_name`, `Museum`.`province` AS `Museum_province`, `Museum`.`type` AS `Museum_type`, `Museum`.`image` AS `Museum_image`, `Museum`.`description` AS `Museum_description`, `Museum`.`artifacts_count` AS `Museum_artifacts_count`, `Museum`.`exhibitions_count` AS `Museum_exhibitions_count`, `Museum`.`visitors` AS `Museum_visitors`, `Museum`.`features` AS `Museum_features`, `Museum`.`is_active` AS `Museum_is_active`, `Museum`.`created_at` AS `Museum_created_at`, `Museum`.`updated_at` AS `Museum_updated_at` FROM `museum` `Museum` WHERE ((`Museum`.`id` = ?) AND (`Museum`.`is_active` = ?)) LIMIT 1 -- PARAMETERS: [19,true]
query: SELECT `Museum`.`id` AS `Museum_id`, `Museum`.`name` AS `Museum_name`, `Museum`.`province` AS `Museum_province`, `Museum`.`type` AS `Museum_type`, `Museum`.`image` AS `Museum_image`, `Museum`.`description` AS `Museum_description`, `Museum`.`artifacts_count` AS `Museum_artifacts_count`, `Museum`.`exhibitions_count` AS `Museum_exhibitions_count`, `Museum`.`visitors` AS `Museum_visitors`, `Museum`.`features` AS `Museum_features`, `Museum`.`is_active` AS `Museum_is_active`, `Museum`.`created_at` AS `Museum_created_at`, `Museum`.`updated_at` AS `Museum_updated_at` FROM `museum` `Museum` WHERE ((`Museum`.`id` = ?) AND (`Museum`.`is_active` = ?)) LIMIT 1 -- PARAMETERS: [20,true]
query: SELECT `Museum`.`id` AS `Museum_id`, `Museum`.`name` AS `Museum_name`, `Museum`.`province` AS `Museum_province`, `Museum`.`type` AS `Museum_type`, `Museum`.`image` AS `Museum_image`, `Museum`.`description` AS `Museum_description`, `Museum`.`artifacts_count` AS `Museum_artifacts_count`, `Museum`.`exhibitions_count` AS `Museum_exhibitions_count`, `Museum`.`visitors` AS `Museum_visitors`, `Museum`.`features` AS `Museum_features`, `Museum`.`is_active` AS `Museum_is_active`, `Museum`.`created_at` AS `Museum_created_at`, `Museum`.`updated_at` AS `Museum_updated_at` FROM `museum` `Museum` WHERE ((`Museum`.`id` = ?) AND (`Museum`.`is_active` = ?)) LIMIT 1 -- PARAMETERS: [21,true]
query: SELECT `Museum`.`id` AS `Museum_id`, `Museum`.`name` AS `Museum_name`, `Museum`.`province` AS `Museum_province`, `Museum`.`type` AS `Museum_type`, `Museum`.`image` AS `Museum_image`, `Museum`.`description` AS `Museum_description`, `Museum`.`artifacts_count` AS `Museum_artifacts_count`, `Museum`.`exhibitions_count` AS `Museum_exhibitions_count`, `Museum`.`visitors` AS `Museum_visitors`, `Museum`.`features` AS `Museum_features`, `Museum`.`is_active` AS `Museum_is_active`, `Museum`.`created_at` AS `Museum_created_at`, `Museum`.`updated_at` AS `Museum_updated_at` FROM `museum` `Museum` WHERE ((`Museum`.`id` = ?) AND (`Museum`.`is_active` = ?)) LIMIT 1 -- PARAMETERS: [22,true]
query: SELECT `Museum`.`id` AS `Museum_id`, `Museum`.`name` AS `Museum_name`, `Museum`.`province` AS `Museum_province`, `Museum`.`type` AS `Museum_type`, `Museum`.`image` AS `Museum_image`, `Museum`.`description` AS `Museum_description`, `Museum`.`artifacts_count` AS `Museum_artifacts_count`, `Museum`.`exhibitions_count` AS `Museum_exhibitions_count`, `Museum`.`visitors` AS `Museum_visitors`, `Museum`.`features` AS `Museum_features`, `Museum`.`is_active` AS `Museum_is_active`, `Museum`.`created_at` AS `Museum_created_at`, `Museum`.`updated_at` AS `Museum_updated_at` FROM `museum` `Museum` WHERE ((`Museum`.`id` = ?) AND (`Museum`.`is_active` = ?)) LIMIT 1 -- PARAMETERS: [23,true]
query: SELECT `Museum`.`id` AS `Museum_id`, `Museum`.`name` AS `Museum_name`, `Museum`.`province` AS `Museum_province`, `Museum`.`type` AS `Museum_type`, `Museum`.`image` AS `Museum_image`, `Museum`.`description` AS `Museum_description`, `Museum`.`artifacts_count` AS `Museum_artifacts_count`, `Museum`.`exhibitions_count` AS `Museum_exhibitions_count`, `Museum`.`visitors` AS `Museum_visitors`, `Museum`.`features` AS `Museum_features`, `Museum`.`is_active` AS `Museum_is_active`, `Museum`.`created_at` AS `Museum_created_at`, `Museum`.`updated_at` AS `Museum_updated_at` FROM `museum` `Museum` WHERE ((`Museum`.`id` = ?) AND (`Museum`.`is_active` = ?)) LIMIT 1 -- PARAMETERS: [24,true]
query: SELECT `Museum`.`id` AS `Museum_id`, `Museum`.`name` AS `Museum_name`, `Museum`.`province` AS `Museum_province`, `Museum`.`type` AS `Museum_type`, `Museum`.`image` AS `Museum_image`, `Museum`.`description` AS `Museum_description`, `Museum`.`artifacts_count` AS `Museum_artifacts_count`, `Museum`.`exhibitions_count` AS `Museum_exhibitions_count`, `Museum`.`visitors` AS `Museum_visitors`, `Museum`.`features` AS `Museum_features`, `Museum`.`is_active` AS `Museum_is_active`, `Museum`.`created_at` AS `Museum_created_at`, `Museum`.`updated_at` AS `Museum_updated_at` FROM `museum` `Museum` WHERE ((`Museum`.`id` = ?) AND (`Museum`.`is_active` = ?)) LIMIT 1 -- PARAMETERS: [25,true]
query: SELECT `Museum`.`id` AS `Museum_id`, `Museum`.`name` AS `Museum_name`, `Museum`.`province` AS `Museum_province`, `Museum`.`type` AS `Museum_type`, `Museum`.`image` AS `Museum_image`, `Museum`.`description` AS `Museum_description`, `Museum`.`artifacts_count` AS `Museum_artifacts_count`, `Museum`.`exhibitions_count` AS `Museum_exhibitions_count`, `Museum`.`visitors` AS `Museum_visitors`, `Museum`.`features` AS `Museum_features`, `Museum`.`is_active` AS `Museum_is_active`, `Museum`.`created_at` AS `Museum_created_at`, `Museum`.`updated_at` AS `Museum_updated_at` FROM `museum` `Museum` WHERE ((`Museum`.`id` = ?) AND (`Museum`.`is_active` = ?)) LIMIT 1 -- PARAMETERS: [26,true]
query: SELECT `Museum`.`id` AS `Museum_id`, `Museum`.`name` AS `Museum_name`, `Museum`.`province` AS `Museum_province`, `Museum`.`type` AS `Museum_type`, `Museum`.`image` AS `Museum_image`, `Museum`.`description` AS `Museum_description`, `Museum`.`artifacts_count` AS `Museum_artifacts_count`, `Museum`.`exhibitions_count` AS `Museum_exhibitions_count`, `Museum`.`visitors` AS `Museum_visitors`, `Museum`.`features` AS `Museum_features`, `Museum`.`is_active` AS `Museum_is_active`, `Museum`.`created_at` AS `Museum_created_at`, `Museum`.`updated_at` AS `Museum_updated_at` FROM `museum` `Museum` WHERE ((`Museum`.`id` = ?) AND (`Museum`.`is_active` = ?)) LIMIT 1 -- PARAMETERS: [27,true]
query: SELECT `Museum`.`id` AS `Museum_id`, `Museum`.`name` AS `Museum_name`, `Museum`.`province` AS `Museum_province`, `Museum`.`type` AS `Museum_type`, `Museum`.`image` AS `Museum_image`, `Museum`.`description` AS `Museum_description`, `Museum`.`artifacts_count` AS `Museum_artifacts_count`, `Museum`.`exhibitions_count` AS `Museum_exhibitions_count`, `Museum`.`visitors` AS `Museum_visitors`, `Museum`.`features` AS `Museum_features`, `Museum`.`is_active` AS `Museum_is_active`, `Museum`.`created_at` AS `Museum_created_at`, `Museum`.`updated_at` AS `Museum_updated_at` FROM `museum` `Museum` WHERE ((`Museum`.`id` = ?) AND (`Museum`.`is_active` = ?)) LIMIT 1 -- PARAMETERS: [28,true]
query: SELECT `Museum`.`id` AS `Museum_id`, `Museum`.`name` AS `Museum_name`, `Museum`.`province` AS `Museum_province`, `Museum`.`type` AS `Museum_type`, `Museum`.`image` AS `Museum_image`, `Museum`.`description` AS `Museum_description`, `Museum`.`artifacts_count` AS `Museum_artifacts_count`, `Museum`.`exhibitions_count` AS `Museum_exhibitions_count`, `Museum`.`visitors` AS `Museum_visitors`, `Museum`.`features` AS `Museum_features`, `Museum`.`is_active` AS `Museum_is_active`, `Museum`.`created_at` AS `Museum_created_at`, `Museum`.`updated_at` AS `Museum_updated_at` FROM `museum` `Museum` WHERE ((`Museum`.`id` = ?) AND (`Museum`.`is_active` = ?)) LIMIT 1 -- PARAMETERS: [29,true]
query: SELECT `Museum`.`id` AS `Museum_id`, `Museum`.`name` AS `Museum_name`, `Museum`.`province` AS `Museum_province`, `Museum`.`type` AS `Museum_type`, `Museum`.`image` AS `Museum_image`, `Museum`.`description` AS `Museum_description`, `Museum`.`artifacts_count` AS `Museum_artifacts_count`, `Museum`.`exhibitions_count` AS `Museum_exhibitions_count`, `Museum`.`visitors` AS `Museum_visitors`, `Museum`.`features` AS `Museum_features`, `Museum`.`is_active` AS `Museum_is_active`, `Museum`.`created_at` AS `Museum_created_at`, `Museum`.`updated_at` AS `Museum_updated_at` FROM `museum` `Museum` WHERE ((`Museum`.`id` = ?) AND (`Museum`.`is_active` = ?)) LIMIT 1 -- PARAMETERS: [30,true]
query: SELECT `Museum`.`id` AS `Museum_id`, `Museum`.`name` AS `Museum_name`, `Museum`.`province` AS `Museum_province`, `Museum`.`type` AS `Museum_type`, `Museum`.`image` AS `Museum_image`, `Museum`.`description` AS `Museum_description`, `Museum`.`artifacts_count` AS `Museum_artifacts_count`, `Museum`.`exhibitions_count` AS `Museum_exhibitions_count`, `Museum`.`visitors` AS `Museum_visitors`, `Museum`.`features` AS `Museum_features`, `Museum`.`is_active` AS `Museum_is_active`, `Museum`.`created_at` AS `Museum_created_at`, `Museum`.`updated_at` AS `Museum_updated_at` FROM `museum` `Museum` WHERE ((`Museum`.`id` = ?) AND (`Museum`.`is_active` = ?)) LIMIT 1 -- PARAMETERS: [31,true]
query: SELECT `Museum`.`id` AS `Museum_id`, `Museum`.`name` AS `Museum_name`, `Museum`.`province` AS `Museum_province`, `Museum`.`type` AS `Museum_type`, `Museum`.`image` AS `Museum_image`, `Museum`.`description` AS `Museum_description`, `Museum`.`artifacts_count` AS `Museum_artifacts_count`, `Museum`.`exhibitions_count` AS `Museum_exhibitions_count`, `Museum`.`visitors` AS `Museum_visitors`, `Museum`.`features` AS `Museum_features`, `Museum`.`is_active` AS `Museum_is_active`, `Museum`.`created_at` AS `Museum_created_at`, `Museum`.`updated_at` AS `Museum_updated_at` FROM `museum` `Museum` WHERE ((`Museum`.`id` = ?) AND (`Museum`.`is_active` = ?)) LIMIT 1 -- PARAMETERS: [32,true]
query: SELECT `Museum`.`id` AS `Museum_id`, `Museum`.`name` AS `Museum_name`, `Museum`.`province` AS `Museum_province`, `Museum`.`type` AS `Museum_type`, `Museum`.`image` AS `Museum_image`, `Museum`.`description` AS `Museum_description`, `Museum`.`artifacts_count` AS `Museum_artifacts_count`, `Museum`.`exhibitions_count` AS `Museum_exhibitions_count`, `Museum`.`visitors` AS `Museum_visitors`, `Museum`.`features` AS `Museum_features`, `Museum`.`is_active` AS `Museum_is_active`, `Museum`.`created_at` AS `Museum_created_at`, `Museum`.`updated_at` AS `Museum_updated_at` FROM `museum` `Museum` WHERE ((`Museum`.`id` = ?) AND (`Museum`.`is_active` = ?)) LIMIT 1 -- PARAMETERS: [33,true]
query: SELECT `Museum`.`id` AS `Museum_id`, `Museum`.`name` AS `Museum_name`, `Museum`.`province` AS `Museum_province`, `Museum`.`type` AS `Museum_type`, `Museum`.`image` AS `Museum_image`, `Museum`.`description` AS `Museum_description`, `Museum`.`artifacts_count` AS `Museum_artifacts_count`, `Museum`.`exhibitions_count` AS `Museum_exhibitions_count`, `Museum`.`visitors` AS `Museum_visitors`, `Museum`.`features` AS `Museum_features`, `Museum`.`is_active` AS `Museum_is_active`, `Museum`.`created_at` AS `Museum_created_at`, `Museum`.`updated_at` AS `Museum_updated_at` FROM `museum` `Museum` WHERE ((`Museum`.`id` = ?) AND (`Museum`.`is_active` = ?)) LIMIT 1 -- PARAMETERS: [34,true]
query: SELECT `Museum`.`id` AS `Museum_id`, `Museum`.`name` AS `Museum_name`, `Museum`.`province` AS `Museum_province`, `Museum`.`type` AS `Museum_type`, `Museum`.`image` AS `Museum_image`, `Museum`.`description` AS `Museum_description`, `Museum`.`artifacts_count` AS `Museum_artifacts_count`, `Museum`.`exhibitions_count` AS `Museum_exhibitions_count`, `Museum`.`visitors` AS `Museum_visitors`, `Museum`.`features` AS `Museum_features`, `Museum`.`is_active` AS `Museum_is_active`, `Museum`.`created_at` AS `Museum_created_at`, `Museum`.`updated_at` AS `Museum_updated_at` FROM `museum` `Museum` WHERE ((`Museum`.`id` = ?) AND (`Museum`.`is_active` = ?)) LIMIT 1 -- PARAMETERS: [35,true]
query: SELECT `Museum`.`id` AS `Museum_id`, `Museum`.`name` AS `Museum_name`, `Museum`.`province` AS `Museum_province`, `Museum`.`type` AS `Museum_type`, `Museum`.`image` AS `Museum_image`, `Museum`.`description` AS `Museum_description`, `Museum`.`artifacts_count` AS `Museum_artifacts_count`, `Museum`.`exhibitions_count` AS `Museum_exhibitions_count`, `Museum`.`visitors` AS `Museum_visitors`, `Museum`.`features` AS `Museum_features`, `Museum`.`is_active` AS `Museum_is_active`, `Museum`.`created_at` AS `Museum_created_at`, `Museum`.`updated_at` AS `Museum_updated_at` FROM `museum` `Museum` WHERE ((`Museum`.`id` = ?) AND (`Museum`.`is_active` = ?)) LIMIT 1 -- PARAMETERS: [36,true]
query: SELECT `Museum`.`id` AS `Museum_id`, `Museum`.`name` AS `Museum_name`, `Museum`.`province` AS `Museum_province`, `Museum`.`type` AS `Museum_type`, `Museum`.`image` AS `Museum_image`, `Museum`.`description` AS `Museum_description`, `Museum`.`artifacts_count` AS `Museum_artifacts_count`, `Museum`.`exhibitions_count` AS `Museum_exhibitions_count`, `Museum`.`visitors` AS `Museum_visitors`, `Museum`.`features` AS `Museum_features`, `Museum`.`is_active` AS `Museum_is_active`, `Museum`.`created_at` AS `Museum_created_at`, `Museum`.`updated_at` AS `Museum_updated_at` FROM `museum` `Museum` WHERE ((`Museum`.`id` = ?) AND (`Museum`.`is_active` = ?)) LIMIT 1 -- PARAMETERS: [37,true]
query: SELECT `Museum`.`id` AS `Museum_id`, `Museum`.`name` AS `Museum_name`, `Museum`.`province` AS `Museum_province`, `Museum`.`type` AS `Museum_type`, `Museum`.`image` AS `Museum_image`, `Museum`.`description` AS `Museum_description`, `Museum`.`artifacts_count` AS `Museum_artifacts_count`, `Museum`.`exhibitions_count` AS `Museum_exhibitions_count`, `Museum`.`visitors` AS `Museum_visitors`, `Museum`.`features` AS `Museum_features`, `Museum`.`is_active` AS `Museum_is_active`, `Museum`.`created_at` AS `Museum_created_at`, `Museum`.`updated_at` AS `Museum_updated_at` FROM `museum` `Museum` WHERE ((`Museum`.`id` = ?) AND (`Museum`.`is_active` = ?)) LIMIT 1 -- PARAMETERS: [38,true]
[2J[3J[H[[90m10:38:27[0m] File change detected. Starting incremental compilation...

[2J[3J[H[[90m10:38:27[0m] File change detected. Starting incremental compilation...

query: SELECT `Museum`.`id` AS `Museum_id`, `Museum`.`name` AS `Museum_name`, `Museum`.`province` AS `Museum_province`, `Museum`.`type` AS `Museum_type`, `Museum`.`image` AS `Museum_image`, `Museum`.`description` AS `Museum_description`, `Museum`.`artifacts_count` AS `Museum_artifacts_count`, `Museum`.`exhibitions_count` AS `Museum_exhibitions_count`, `Museum`.`visitors` AS `Museum_visitors`, `Museum`.`features` AS `Museum_features`, `Museum`.`is_active` AS `Museum_is_active`, `Museum`.`created_at` AS `Museum_created_at`, `Museum`.`updated_at` AS `Museum_updated_at` FROM `museum` `Museum` WHERE ((`Museum`.`id` = ?) AND (`Museum`.`is_active` = ?)) LIMIT 1 -- PARAMETERS: [1,true]
query: SELECT `Museum`.`id` AS `Museum_id`, `Museum`.`name` AS `Museum_name`, `Museum`.`province` AS `Museum_province`, `Museum`.`type` AS `Museum_type`, `Museum`.`image` AS `Museum_image`, `Museum`.`description` AS `Museum_description`, `Museum`.`artifacts_count` AS `Museum_artifacts_count`, `Museum`.`exhibitions_count` AS `Museum_exhibitions_count`, `Museum`.`visitors` AS `Museum_visitors`, `Museum`.`features` AS `Museum_features`, `Museum`.`is_active` AS `Museum_is_active`, `Museum`.`created_at` AS `Museum_created_at`, `Museum`.`updated_at` AS `Museum_updated_at` FROM `museum` `Museum` WHERE ((`Museum`.`id` = ?) AND (`Museum`.`is_active` = ?)) LIMIT 1 -- PARAMETERS: [2,true]
query: SELECT `Museum`.`id` AS `Museum_id`, `Museum`.`name` AS `Museum_name`, `Museum`.`province` AS `Museum_province`, `Museum`.`type` AS `Museum_type`, `Museum`.`image` AS `Museum_image`, `Museum`.`description` AS `Museum_description`, `Museum`.`artifacts_count` AS `Museum_artifacts_count`, `Museum`.`exhibitions_count` AS `Museum_exhibitions_count`, `Museum`.`visitors` AS `Museum_visitors`, `Museum`.`features` AS `Museum_features`, `Museum`.`is_active` AS `Museum_is_active`, `Museum`.`created_at` AS `Museum_created_at`, `Museum`.`updated_at` AS `Museum_updated_at` FROM `museum` `Museum` WHERE ((`Museum`.`id` = ?) AND (`Museum`.`is_active` = ?)) LIMIT 1 -- PARAMETERS: [3,true]
query: SELECT `Museum`.`id` AS `Museum_id`, `Museum`.`name` AS `Museum_name`, `Museum`.`province` AS `Museum_province`, `Museum`.`type` AS `Museum_type`, `Museum`.`image` AS `Museum_image`, `Museum`.`description` AS `Museum_description`, `Museum`.`artifacts_count` AS `Museum_artifacts_count`, `Museum`.`exhibitions_count` AS `Museum_exhibitions_count`, `Museum`.`visitors` AS `Museum_visitors`, `Museum`.`features` AS `Museum_features`, `Museum`.`is_active` AS `Museum_is_active`, `Museum`.`created_at` AS `Museum_created_at`, `Museum`.`updated_at` AS `Museum_updated_at` FROM `museum` `Museum` WHERE ((`Museum`.`id` = ?) AND (`Museum`.`is_active` = ?)) LIMIT 1 -- PARAMETERS: [4,true]
query: SELECT `Museum`.`id` AS `Museum_id`, `Museum`.`name` AS `Museum_name`, `Museum`.`province` AS `Museum_province`, `Museum`.`type` AS `Museum_type`, `Museum`.`image` AS `Museum_image`, `Museum`.`description` AS `Museum_description`, `Museum`.`artifacts_count` AS `Museum_artifacts_count`, `Museum`.`exhibitions_count` AS `Museum_exhibitions_count`, `Museum`.`visitors` AS `Museum_visitors`, `Museum`.`features` AS `Museum_features`, `Museum`.`is_active` AS `Museum_is_active`, `Museum`.`created_at` AS `Museum_created_at`, `Museum`.`updated_at` AS `Museum_updated_at` FROM `museum` `Museum` WHERE ((`Museum`.`id` = ?) AND (`Museum`.`is_active` = ?)) LIMIT 1 -- PARAMETERS: [5,true]
query: SELECT `Museum`.`id` AS `Museum_id`, `Museum`.`name` AS `Museum_name`, `Museum`.`province` AS `Museum_province`, `Museum`.`type` AS `Museum_type`, `Museum`.`image` AS `Museum_image`, `Museum`.`description` AS `Museum_description`, `Museum`.`artifacts_count` AS `Museum_artifacts_count`, `Museum`.`exhibitions_count` AS `Museum_exhibitions_count`, `Museum`.`visitors` AS `Museum_visitors`, `Museum`.`features` AS `Museum_features`, `Museum`.`is_active` AS `Museum_is_active`, `Museum`.`created_at` AS `Museum_created_at`, `Museum`.`updated_at` AS `Museum_updated_at` FROM `museum` `Museum` WHERE ((`Museum`.`id` = ?) AND (`Museum`.`is_active` = ?)) LIMIT 1 -- PARAMETERS: [6,true]
query: SELECT `Museum`.`id` AS `Museum_id`, `Museum`.`name` AS `Museum_name`, `Museum`.`province` AS `Museum_province`, `Museum`.`type` AS `Museum_type`, `Museum`.`image` AS `Museum_image`, `Museum`.`description` AS `Museum_description`, `Museum`.`artifacts_count` AS `Museum_artifacts_count`, `Museum`.`exhibitions_count` AS `Museum_exhibitions_count`, `Museum`.`visitors` AS `Museum_visitors`, `Museum`.`features` AS `Museum_features`, `Museum`.`is_active` AS `Museum_is_active`, `Museum`.`created_at` AS `Museum_created_at`, `Museum`.`updated_at` AS `Museum_updated_at` FROM `museum` `Museum` WHERE ((`Museum`.`id` = ?) AND (`Museum`.`is_active` = ?)) LIMIT 1 -- PARAMETERS: [7,true]
query: SELECT `Museum`.`id` AS `Museum_id`, `Museum`.`name` AS `Museum_name`, `Museum`.`province` AS `Museum_province`, `Museum`.`type` AS `Museum_type`, `Museum`.`image` AS `Museum_image`, `Museum`.`description` AS `Museum_description`, `Museum`.`artifacts_count` AS `Museum_artifacts_count`, `Museum`.`exhibitions_count` AS `Museum_exhibitions_count`, `Museum`.`visitors` AS `Museum_visitors`, `Museum`.`features` AS `Museum_features`, `Museum`.`is_active` AS `Museum_is_active`, `Museum`.`created_at` AS `Museum_created_at`, `Museum`.`updated_at` AS `Museum_updated_at` FROM `museum` `Museum` WHERE ((`Museum`.`id` = ?) AND (`Museum`.`is_active` = ?)) LIMIT 1 -- PARAMETERS: [8,true]
query: SELECT `Museum`.`id` AS `Museum_id`, `Museum`.`name` AS `Museum_name`, `Museum`.`province` AS `Museum_province`, `Museum`.`type` AS `Museum_type`, `Museum`.`image` AS `Museum_image`, `Museum`.`description` AS `Museum_description`, `Museum`.`artifacts_count` AS `Museum_artifacts_count`, `Museum`.`exhibitions_count` AS `Museum_exhibitions_count`, `Museum`.`visitors` AS `Museum_visitors`, `Museum`.`features` AS `Museum_features`, `Museum`.`is_active` AS `Museum_is_active`, `Museum`.`created_at` AS `Museum_created_at`, `Museum`.`updated_at` AS `Museum_updated_at` FROM `museum` `Museum` WHERE ((`Museum`.`id` = ?) AND (`Museum`.`is_active` = ?)) LIMIT 1 -- PARAMETERS: [9,true]
query: SELECT `Museum`.`id` AS `Museum_id`, `Museum`.`name` AS `Museum_name`, `Museum`.`province` AS `Museum_province`, `Museum`.`type` AS `Museum_type`, `Museum`.`image` AS `Museum_image`, `Museum`.`description` AS `Museum_description`, `Museum`.`artifacts_count` AS `Museum_artifacts_count`, `Museum`.`exhibitions_count` AS `Museum_exhibitions_count`, `Museum`.`visitors` AS `Museum_visitors`, `Museum`.`features` AS `Museum_features`, `Museum`.`is_active` AS `Museum_is_active`, `Museum`.`created_at` AS `Museum_created_at`, `Museum`.`updated_at` AS `Museum_updated_at` FROM `museum` `Museum` WHERE ((`Museum`.`id` = ?) AND (`Museum`.`is_active` = ?)) LIMIT 1 -- PARAMETERS: [10,true]
query: SELECT `Museum`.`id` AS `Museum_id`, `Museum`.`name` AS `Museum_name`, `Museum`.`province` AS `Museum_province`, `Museum`.`type` AS `Museum_type`, `Museum`.`image` AS `Museum_image`, `Museum`.`description` AS `Museum_description`, `Museum`.`artifacts_count` AS `Museum_artifacts_count`, `Museum`.`exhibitions_count` AS `Museum_exhibitions_count`, `Museum`.`visitors` AS `Museum_visitors`, `Museum`.`features` AS `Museum_features`, `Museum`.`is_active` AS `Museum_is_active`, `Museum`.`created_at` AS `Museum_created_at`, `Museum`.`updated_at` AS `Museum_updated_at` FROM `museum` `Museum` WHERE ((`Museum`.`id` = ?) AND (`Museum`.`is_active` = ?)) LIMIT 1 -- PARAMETERS: [11,true]
query: SELECT `Museum`.`id` AS `Museum_id`, `Museum`.`name` AS `Museum_name`, `Museum`.`province` AS `Museum_province`, `Museum`.`type` AS `Museum_type`, `Museum`.`image` AS `Museum_image`, `Museum`.`description` AS `Museum_description`, `Museum`.`artifacts_count` AS `Museum_artifacts_count`, `Museum`.`exhibitions_count` AS `Museum_exhibitions_count`, `Museum`.`visitors` AS `Museum_visitors`, `Museum`.`features` AS `Museum_features`, `Museum`.`is_active` AS `Museum_is_active`, `Museum`.`created_at` AS `Museum_created_at`, `Museum`.`updated_at` AS `Museum_updated_at` FROM `museum` `Museum` WHERE ((`Museum`.`id` = ?) AND (`Museum`.`is_active` = ?)) LIMIT 1 -- PARAMETERS: [12,true]
query: SELECT `Museum`.`id` AS `Museum_id`, `Museum`.`name` AS `Museum_name`, `Museum`.`province` AS `Museum_province`, `Museum`.`type` AS `Museum_type`, `Museum`.`image` AS `Museum_image`, `Museum`.`description` AS `Museum_description`, `Museum`.`artifacts_count` AS `Museum_artifacts_count`, `Museum`.`exhibitions_count` AS `Museum_exhibitions_count`, `Museum`.`visitors` AS `Museum_visitors`, `Museum`.`features` AS `Museum_features`, `Museum`.`is_active` AS `Museum_is_active`, `Museum`.`created_at` AS `Museum_created_at`, `Museum`.`updated_at` AS `Museum_updated_at` FROM `museum` `Museum` WHERE ((`Museum`.`id` = ?) AND (`Museum`.`is_active` = ?)) LIMIT 1 -- PARAMETERS: [13,true]
query: SELECT `Museum`.`id` AS `Museum_id`, `Museum`.`name` AS `Museum_name`, `Museum`.`province` AS `Museum_province`, `Museum`.`type` AS `Museum_type`, `Museum`.`image` AS `Museum_image`, `Museum`.`description` AS `Museum_description`, `Museum`.`artifacts_count` AS `Museum_artifacts_count`, `Museum`.`exhibitions_count` AS `Museum_exhibitions_count`, `Museum`.`visitors` AS `Museum_visitors`, `Museum`.`features` AS `Museum_features`, `Museum`.`is_active` AS `Museum_is_active`, `Museum`.`created_at` AS `Museum_created_at`, `Museum`.`updated_at` AS `Museum_updated_at` FROM `museum` `Museum` WHERE ((`Museum`.`id` = ?) AND (`Museum`.`is_active` = ?)) LIMIT 1 -- PARAMETERS: [14,true]
query: SELECT `Museum`.`id` AS `Museum_id`, `Museum`.`name` AS `Museum_name`, `Museum`.`province` AS `Museum_province`, `Museum`.`type` AS `Museum_type`, `Museum`.`image` AS `Museum_image`, `Museum`.`description` AS `Museum_description`, `Museum`.`artifacts_count` AS `Museum_artifacts_count`, `Museum`.`exhibitions_count` AS `Museum_exhibitions_count`, `Museum`.`visitors` AS `Museum_visitors`, `Museum`.`features` AS `Museum_features`, `Museum`.`is_active` AS `Museum_is_active`, `Museum`.`created_at` AS `Museum_created_at`, `Museum`.`updated_at` AS `Museum_updated_at` FROM `museum` `Museum` WHERE ((`Museum`.`id` = ?) AND (`Museum`.`is_active` = ?)) LIMIT 1 -- PARAMETERS: [15,true]
query: SELECT `Museum`.`id` AS `Museum_id`, `Museum`.`name` AS `Museum_name`, `Museum`.`province` AS `Museum_province`, `Museum`.`type` AS `Museum_type`, `Museum`.`image` AS `Museum_image`, `Museum`.`description` AS `Museum_description`, `Museum`.`artifacts_count` AS `Museum_artifacts_count`, `Museum`.`exhibitions_count` AS `Museum_exhibitions_count`, `Museum`.`visitors` AS `Museum_visitors`, `Museum`.`features` AS `Museum_features`, `Museum`.`is_active` AS `Museum_is_active`, `Museum`.`created_at` AS `Museum_created_at`, `Museum`.`updated_at` AS `Museum_updated_at` FROM `museum` `Museum` WHERE ((`Museum`.`id` = ?) AND (`Museum`.`is_active` = ?)) LIMIT 1 -- PARAMETERS: [16,true]
query: SELECT `Museum`.`id` AS `Museum_id`, `Museum`.`name` AS `Museum_name`, `Museum`.`province` AS `Museum_province`, `Museum`.`type` AS `Museum_type`, `Museum`.`image` AS `Museum_image`, `Museum`.`description` AS `Museum_description`, `Museum`.`artifacts_count` AS `Museum_artifacts_count`, `Museum`.`exhibitions_count` AS `Museum_exhibitions_count`, `Museum`.`visitors` AS `Museum_visitors`, `Museum`.`features` AS `Museum_features`, `Museum`.`is_active` AS `Museum_is_active`, `Museum`.`created_at` AS `Museum_created_at`, `Museum`.`updated_at` AS `Museum_updated_at` FROM `museum` `Museum` WHERE ((`Museum`.`id` = ?) AND (`Museum`.`is_active` = ?)) LIMIT 1 -- PARAMETERS: [17,true]
query: SELECT `Museum`.`id` AS `Museum_id`, `Museum`.`name` AS `Museum_name`, `Museum`.`province` AS `Museum_province`, `Museum`.`type` AS `Museum_type`, `Museum`.`image` AS `Museum_image`, `Museum`.`description` AS `Museum_description`, `Museum`.`artifacts_count` AS `Museum_artifacts_count`, `Museum`.`exhibitions_count` AS `Museum_exhibitions_count`, `Museum`.`visitors` AS `Museum_visitors`, `Museum`.`features` AS `Museum_features`, `Museum`.`is_active` AS `Museum_is_active`, `Museum`.`created_at` AS `Museum_created_at`, `Museum`.`updated_at` AS `Museum_updated_at` FROM `museum` `Museum` WHERE ((`Museum`.`id` = ?) AND (`Museum`.`is_active` = ?)) LIMIT 1 -- PARAMETERS: [18,true]
query: SELECT `Museum`.`id` AS `Museum_id`, `Museum`.`name` AS `Museum_name`, `Museum`.`province` AS `Museum_province`, `Museum`.`type` AS `Museum_type`, `Museum`.`image` AS `Museum_image`, `Museum`.`description` AS `Museum_description`, `Museum`.`artifacts_count` AS `Museum_artifacts_count`, `Museum`.`exhibitions_count` AS `Museum_exhibitions_count`, `Museum`.`visitors` AS `Museum_visitors`, `Museum`.`features` AS `Museum_features`, `Museum`.`is_active` AS `Museum_is_active`, `Museum`.`created_at` AS `Museum_created_at`, `Museum`.`updated_at` AS `Museum_updated_at` FROM `museum` `Museum` WHERE ((`Museum`.`id` = ?) AND (`Museum`.`is_active` = ?)) LIMIT 1 -- PARAMETERS: [19,true]
query: SELECT `Museum`.`id` AS `Museum_id`, `Museum`.`name` AS `Museum_name`, `Museum`.`province` AS `Museum_province`, `Museum`.`type` AS `Museum_type`, `Museum`.`image` AS `Museum_image`, `Museum`.`description` AS `Museum_description`, `Museum`.`artifacts_count` AS `Museum_artifacts_count`, `Museum`.`exhibitions_count` AS `Museum_exhibitions_count`, `Museum`.`visitors` AS `Museum_visitors`, `Museum`.`features` AS `Museum_features`, `Museum`.`is_active` AS `Museum_is_active`, `Museum`.`created_at` AS `Museum_created_at`, `Museum`.`updated_at` AS `Museum_updated_at` FROM `museum` `Museum` WHERE ((`Museum`.`id` = ?) AND (`Museum`.`is_active` = ?)) LIMIT 1 -- PARAMETERS: [20,true]
query: SELECT `Museum`.`id` AS `Museum_id`, `Museum`.`name` AS `Museum_name`, `Museum`.`province` AS `Museum_province`, `Museum`.`type` AS `Museum_type`, `Museum`.`image` AS `Museum_image`, `Museum`.`description` AS `Museum_description`, `Museum`.`artifacts_count` AS `Museum_artifacts_count`, `Museum`.`exhibitions_count` AS `Museum_exhibitions_count`, `Museum`.`visitors` AS `Museum_visitors`, `Museum`.`features` AS `Museum_features`, `Museum`.`is_active` AS `Museum_is_active`, `Museum`.`created_at` AS `Museum_created_at`, `Museum`.`updated_at` AS `Museum_updated_at` FROM `museum` `Museum` WHERE ((`Museum`.`id` = ?) AND (`Museum`.`is_active` = ?)) LIMIT 1 -- PARAMETERS: [21,true]
query: SELECT `Museum`.`id` AS `Museum_id`, `Museum`.`name` AS `Museum_name`, `Museum`.`province` AS `Museum_province`, `Museum`.`type` AS `Museum_type`, `Museum`.`image` AS `Museum_image`, `Museum`.`description` AS `Museum_description`, `Museum`.`artifacts_count` AS `Museum_artifacts_count`, `Museum`.`exhibitions_count` AS `Museum_exhibitions_count`, `Museum`.`visitors` AS `Museum_visitors`, `Museum`.`features` AS `Museum_features`, `Museum`.`is_active` AS `Museum_is_active`, `Museum`.`created_at` AS `Museum_created_at`, `Museum`.`updated_at` AS `Museum_updated_at` FROM `museum` `Museum` WHERE ((`Museum`.`id` = ?) AND (`Museum`.`is_active` = ?)) LIMIT 1 -- PARAMETERS: [22,true]
query: SELECT `Museum`.`id` AS `Museum_id`, `Museum`.`name` AS `Museum_name`, `Museum`.`province` AS `Museum_province`, `Museum`.`type` AS `Museum_type`, `Museum`.`image` AS `Museum_image`, `Museum`.`description` AS `Museum_description`, `Museum`.`artifacts_count` AS `Museum_artifacts_count`, `Museum`.`exhibitions_count` AS `Museum_exhibitions_count`, `Museum`.`visitors` AS `Museum_visitors`, `Museum`.`features` AS `Museum_features`, `Museum`.`is_active` AS `Museum_is_active`, `Museum`.`created_at` AS `Museum_created_at`, `Museum`.`updated_at` AS `Museum_updated_at` FROM `museum` `Museum` WHERE ((`Museum`.`id` = ?) AND (`Museum`.`is_active` = ?)) LIMIT 1 -- PARAMETERS: [23,true]
query: SELECT `Museum`.`id` AS `Museum_id`, `Museum`.`name` AS `Museum_name`, `Museum`.`province` AS `Museum_province`, `Museum`.`type` AS `Museum_type`, `Museum`.`image` AS `Museum_image`, `Museum`.`description` AS `Museum_description`, `Museum`.`artifacts_count` AS `Museum_artifacts_count`, `Museum`.`exhibitions_count` AS `Museum_exhibitions_count`, `Museum`.`visitors` AS `Museum_visitors`, `Museum`.`features` AS `Museum_features`, `Museum`.`is_active` AS `Museum_is_active`, `Museum`.`created_at` AS `Museum_created_at`, `Museum`.`updated_at` AS `Museum_updated_at` FROM `museum` `Museum` WHERE ((`Museum`.`id` = ?) AND (`Museum`.`is_active` = ?)) LIMIT 1 -- PARAMETERS: [24,true]
query: SELECT `Museum`.`id` AS `Museum_id`, `Museum`.`name` AS `Museum_name`, `Museum`.`province` AS `Museum_province`, `Museum`.`type` AS `Museum_type`, `Museum`.`image` AS `Museum_image`, `Museum`.`description` AS `Museum_description`, `Museum`.`artifacts_count` AS `Museum_artifacts_count`, `Museum`.`exhibitions_count` AS `Museum_exhibitions_count`, `Museum`.`visitors` AS `Museum_visitors`, `Museum`.`features` AS `Museum_features`, `Museum`.`is_active` AS `Museum_is_active`, `Museum`.`created_at` AS `Museum_created_at`, `Museum`.`updated_at` AS `Museum_updated_at` FROM `museum` `Museum` WHERE ((`Museum`.`id` = ?) AND (`Museum`.`is_active` = ?)) LIMIT 1 -- PARAMETERS: [25,true]
query: SELECT `Museum`.`id` AS `Museum_id`, `Museum`.`name` AS `Museum_name`, `Museum`.`province` AS `Museum_province`, `Museum`.`type` AS `Museum_type`, `Museum`.`image` AS `Museum_image`, `Museum`.`description` AS `Museum_description`, `Museum`.`artifacts_count` AS `Museum_artifacts_count`, `Museum`.`exhibitions_count` AS `Museum_exhibitions_count`, `Museum`.`visitors` AS `Museum_visitors`, `Museum`.`features` AS `Museum_features`, `Museum`.`is_active` AS `Museum_is_active`, `Museum`.`created_at` AS `Museum_created_at`, `Museum`.`updated_at` AS `Museum_updated_at` FROM `museum` `Museum` WHERE ((`Museum`.`id` = ?) AND (`Museum`.`is_active` = ?)) LIMIT 1 -- PARAMETERS: [26,true]
query: SELECT `Museum`.`id` AS `Museum_id`, `Museum`.`name` AS `Museum_name`, `Museum`.`province` AS `Museum_province`, `Museum`.`type` AS `Museum_type`, `Museum`.`image` AS `Museum_image`, `Museum`.`description` AS `Museum_description`, `Museum`.`artifacts_count` AS `Museum_artifacts_count`, `Museum`.`exhibitions_count` AS `Museum_exhibitions_count`, `Museum`.`visitors` AS `Museum_visitors`, `Museum`.`features` AS `Museum_features`, `Museum`.`is_active` AS `Museum_is_active`, `Museum`.`created_at` AS `Museum_created_at`, `Museum`.`updated_at` AS `Museum_updated_at` FROM `museum` `Museum` WHERE ((`Museum`.`id` = ?) AND (`Museum`.`is_active` = ?)) LIMIT 1 -- PARAMETERS: [27,true]
query: SELECT `Museum`.`id` AS `Museum_id`, `Museum`.`name` AS `Museum_name`, `Museum`.`province` AS `Museum_province`, `Museum`.`type` AS `Museum_type`, `Museum`.`image` AS `Museum_image`, `Museum`.`description` AS `Museum_description`, `Museum`.`artifacts_count` AS `Museum_artifacts_count`, `Museum`.`exhibitions_count` AS `Museum_exhibitions_count`, `Museum`.`visitors` AS `Museum_visitors`, `Museum`.`features` AS `Museum_features`, `Museum`.`is_active` AS `Museum_is_active`, `Museum`.`created_at` AS `Museum_created_at`, `Museum`.`updated_at` AS `Museum_updated_at` FROM `museum` `Museum` WHERE ((`Museum`.`id` = ?) AND (`Museum`.`is_active` = ?)) LIMIT 1 -- PARAMETERS: [28,true]
query: SELECT `Museum`.`id` AS `Museum_id`, `Museum`.`name` AS `Museum_name`, `Museum`.`province` AS `Museum_province`, `Museum`.`type` AS `Museum_type`, `Museum`.`image` AS `Museum_image`, `Museum`.`description` AS `Museum_description`, `Museum`.`artifacts_count` AS `Museum_artifacts_count`, `Museum`.`exhibitions_count` AS `Museum_exhibitions_count`, `Museum`.`visitors` AS `Museum_visitors`, `Museum`.`features` AS `Museum_features`, `Museum`.`is_active` AS `Museum_is_active`, `Museum`.`created_at` AS `Museum_created_at`, `Museum`.`updated_at` AS `Museum_updated_at` FROM `museum` `Museum` WHERE ((`Museum`.`id` = ?) AND (`Museum`.`is_active` = ?)) LIMIT 1 -- PARAMETERS: [29,true]
query: SELECT `Museum`.`id` AS `Museum_id`, `Museum`.`name` AS `Museum_name`, `Museum`.`province` AS `Museum_province`, `Museum`.`type` AS `Museum_type`, `Museum`.`image` AS `Museum_image`, `Museum`.`description` AS `Museum_description`, `Museum`.`artifacts_count` AS `Museum_artifacts_count`, `Museum`.`exhibitions_count` AS `Museum_exhibitions_count`, `Museum`.`visitors` AS `Museum_visitors`, `Museum`.`features` AS `Museum_features`, `Museum`.`is_active` AS `Museum_is_active`, `Museum`.`created_at` AS `Museum_created_at`, `Museum`.`updated_at` AS `Museum_updated_at` FROM `museum` `Museum` WHERE ((`Museum`.`id` = ?) AND (`Museum`.`is_active` = ?)) LIMIT 1 -- PARAMETERS: [30,true]
query: SELECT `Museum`.`id` AS `Museum_id`, `Museum`.`name` AS `Museum_name`, `Museum`.`province` AS `Museum_province`, `Museum`.`type` AS `Museum_type`, `Museum`.`image` AS `Museum_image`, `Museum`.`description` AS `Museum_description`, `Museum`.`artifacts_count` AS `Museum_artifacts_count`, `Museum`.`exhibitions_count` AS `Museum_exhibitions_count`, `Museum`.`visitors` AS `Museum_visitors`, `Museum`.`features` AS `Museum_features`, `Museum`.`is_active` AS `Museum_is_active`, `Museum`.`created_at` AS `Museum_created_at`, `Museum`.`updated_at` AS `Museum_updated_at` FROM `museum` `Museum` WHERE ((`Museum`.`id` = ?) AND (`Museum`.`is_active` = ?)) LIMIT 1 -- PARAMETERS: [31,true]
query: SELECT `Museum`.`id` AS `Museum_id`, `Museum`.`name` AS `Museum_name`, `Museum`.`province` AS `Museum_province`, `Museum`.`type` AS `Museum_type`, `Museum`.`image` AS `Museum_image`, `Museum`.`description` AS `Museum_description`, `Museum`.`artifacts_count` AS `Museum_artifacts_count`, `Museum`.`exhibitions_count` AS `Museum_exhibitions_count`, `Museum`.`visitors` AS `Museum_visitors`, `Museum`.`features` AS `Museum_features`, `Museum`.`is_active` AS `Museum_is_active`, `Museum`.`created_at` AS `Museum_created_at`, `Museum`.`updated_at` AS `Museum_updated_at` FROM `museum` `Museum` WHERE ((`Museum`.`id` = ?) AND (`Museum`.`is_active` = ?)) LIMIT 1 -- PARAMETERS: [32,true]
query: SELECT `Museum`.`id` AS `Museum_id`, `Museum`.`name` AS `Museum_name`, `Museum`.`province` AS `Museum_province`, `Museum`.`type` AS `Museum_type`, `Museum`.`image` AS `Museum_image`, `Museum`.`description` AS `Museum_description`, `Museum`.`artifacts_count` AS `Museum_artifacts_count`, `Museum`.`exhibitions_count` AS `Museum_exhibitions_count`, `Museum`.`visitors` AS `Museum_visitors`, `Museum`.`features` AS `Museum_features`, `Museum`.`is_active` AS `Museum_is_active`, `Museum`.`created_at` AS `Museum_created_at`, `Museum`.`updated_at` AS `Museum_updated_at` FROM `museum` `Museum` WHERE ((`Museum`.`id` = ?) AND (`Museum`.`is_active` = ?)) LIMIT 1 -- PARAMETERS: [33,true]
query: SELECT `Museum`.`id` AS `Museum_id`, `Museum`.`name` AS `Museum_name`, `Museum`.`province` AS `Museum_province`, `Museum`.`type` AS `Museum_type`, `Museum`.`image` AS `Museum_image`, `Museum`.`description` AS `Museum_description`, `Museum`.`artifacts_count` AS `Museum_artifacts_count`, `Museum`.`exhibitions_count` AS `Museum_exhibitions_count`, `Museum`.`visitors` AS `Museum_visitors`, `Museum`.`features` AS `Museum_features`, `Museum`.`is_active` AS `Museum_is_active`, `Museum`.`created_at` AS `Museum_created_at`, `Museum`.`updated_at` AS `Museum_updated_at` FROM `museum` `Museum` WHERE ((`Museum`.`id` = ?) AND (`Museum`.`is_active` = ?)) LIMIT 1 -- PARAMETERS: [34,true]
query: SELECT `Museum`.`id` AS `Museum_id`, `Museum`.`name` AS `Museum_name`, `Museum`.`province` AS `Museum_province`, `Museum`.`type` AS `Museum_type`, `Museum`.`image` AS `Museum_image`, `Museum`.`description` AS `Museum_description`, `Museum`.`artifacts_count` AS `Museum_artifacts_count`, `Museum`.`exhibitions_count` AS `Museum_exhibitions_count`, `Museum`.`visitors` AS `Museum_visitors`, `Museum`.`features` AS `Museum_features`, `Museum`.`is_active` AS `Museum_is_active`, `Museum`.`created_at` AS `Museum_created_at`, `Museum`.`updated_at` AS `Museum_updated_at` FROM `museum` `Museum` WHERE ((`Museum`.`id` = ?) AND (`Museum`.`is_active` = ?)) LIMIT 1 -- PARAMETERS: [35,true]
query: SELECT `Museum`.`id` AS `Museum_id`, `Museum`.`name` AS `Museum_name`, `Museum`.`province` AS `Museum_province`, `Museum`.`type` AS `Museum_type`, `Museum`.`image` AS `Museum_image`, `Museum`.`description` AS `Museum_description`, `Museum`.`artifacts_count` AS `Museum_artifacts_count`, `Museum`.`exhibitions_count` AS `Museum_exhibitions_count`, `Museum`.`visitors` AS `Museum_visitors`, `Museum`.`features` AS `Museum_features`, `Museum`.`is_active` AS `Museum_is_active`, `Museum`.`created_at` AS `Museum_created_at`, `Museum`.`updated_at` AS `Museum_updated_at` FROM `museum` `Museum` WHERE ((`Museum`.`id` = ?) AND (`Museum`.`is_active` = ?)) LIMIT 1 -- PARAMETERS: [36,true]
query: SELECT `Museum`.`id` AS `Museum_id`, `Museum`.`name` AS `Museum_name`, `Museum`.`province` AS `Museum_province`, `Museum`.`type` AS `Museum_type`, `Museum`.`image` AS `Museum_image`, `Museum`.`description` AS `Museum_description`, `Museum`.`artifacts_count` AS `Museum_artifacts_count`, `Museum`.`exhibitions_count` AS `Museum_exhibitions_count`, `Museum`.`visitors` AS `Museum_visitors`, `Museum`.`features` AS `Museum_features`, `Museum`.`is_active` AS `Museum_is_active`, `Museum`.`created_at` AS `Museum_created_at`, `Museum`.`updated_at` AS `Museum_updated_at` FROM `museum` `Museum` WHERE ((`Museum`.`id` = ?) AND (`Museum`.`is_active` = ?)) LIMIT 1 -- PARAMETERS: [37,true]
query: SELECT `Museum`.`id` AS `Museum_id`, `Museum`.`name` AS `Museum_name`, `Museum`.`province` AS `Museum_province`, `Museum`.`type` AS `Museum_type`, `Museum`.`image` AS `Museum_image`, `Museum`.`description` AS `Museum_description`, `Museum`.`artifacts_count` AS `Museum_artifacts_count`, `Museum`.`exhibitions_count` AS `Museum_exhibitions_count`, `Museum`.`visitors` AS `Museum_visitors`, `Museum`.`features` AS `Museum_features`, `Museum`.`is_active` AS `Museum_is_active`, `Museum`.`created_at` AS `Museum_created_at`, `Museum`.`updated_at` AS `Museum_updated_at` FROM `museum` `Museum` WHERE ((`Museum`.`id` = ?) AND (`Museum`.`is_active` = ?)) LIMIT 1 -- PARAMETERS: [38,true]
query: SELECT `m`.`id` AS `m_id`, `m`.`name` AS `m_name`, `m`.`province` AS `m_province`, `m`.`type` AS `m_type`, `m`.`image` AS `m_image`, `m`.`description` AS `m_description`, `m`.`artifacts_count` AS `m_artifacts_count`, `m`.`exhibitions_count` AS `m_exhibitions_count`, `m`.`visitors` AS `m_visitors`, `m`.`features` AS `m_features`, `m`.`is_active` AS `m_is_active`, `m`.`created_at` AS `m_created_at`, `m`.`updated_at` AS `m_updated_at` FROM `museum` `m` WHERE `m`.`is_active` = ? ORDER BY `m`.`id` ASC LIMIT 200 OFFSET 0 -- PARAMETERS: [true]
query: SELECT `a`.`id` AS `a_id`, `a`.`museum_id` AS `a_museum_id`, `a`.`name` AS `a_name`, `a`.`period` AS `a_period`, `a`.`image` AS `a_image`, `a`.`description` AS `a_description`, `a`.`category` AS `a_category`, `a`.`basic_info` AS `a_basic_info`, `a`.`appearance` AS `a_appearance`, `a`.`historical_value` AS `a_historical_value`, `a`.`is_active` AS `a_is_active`, `a`.`created_at` AS `a_created_at`, `a`.`updated_at` AS `a_updated_at` FROM `museum_artifact` `a` WHERE `a`.`is_active` = ? ORDER BY `a`.`id` ASC LIMIT 500 OFFSET 0 -- PARAMETERS: [true]
query: SELECT `e`.`id` AS `e_id`, `e`.`museum_id` AS `e_museum_id`, `e`.`title` AS `e_title`, `e`.`description` AS `e_description`, `e`.`date` AS `e_date`, `e`.`image` AS `e_image`, `e`.`location` AS `e_location`, `e`.`category` AS `e_category`, `e`.`status` AS `e_status`, `e`.`status_text` AS `e_status_text`, `e`.`tags` AS `e_tags`, `e`.`curator` AS `e_curator`, `e`.`scale` AS `e_scale`, `e`.`visitors` AS `e_visitors`, `e`.`background` AS `e_background`, `e`.`is_active` AS `e_is_active`, `e`.`created_at` AS `e_created_at`, `e`.`updated_at` AS `e_updated_at` FROM `museum_exhibition` `e` WHERE `e`.`is_active` = ? ORDER BY `e`.`id` ASC LIMIT 500 OFFSET 0 -- PARAMETERS: [true]
query: SELECT `n`.`id` AS `n_id`, `n`.`museum_id` AS `n_museum_id`, `n`.`title` AS `n_title`, `n`.`description` AS `n_description`, `n`.`date` AS `n_date`, `n`.`image` AS `n_image`, `n`.`is_active` AS `n_is_active`, `n`.`created_at` AS `n_created_at`, `n`.`updated_at` AS `n_updated_at` FROM `museum_news` `n` WHERE `n`.`is_active` = ? ORDER BY `n`.`id` ASC LIMIT 500 OFFSET 0 -- PARAMETERS: [true]
query: SELECT `i`.`id` AS `i_id`, `i`.`museum_id` AS `i_museum_id`, `i`.`title` AS `i_title`, `i`.`description` AS `i_description`, `i`.`image` AS `i_image`, `i`.`is_active` AS `i_is_active`, `i`.`created_at` AS `i_created_at`, `i`.`updated_at` AS `i_updated_at` FROM `museum_immersive` `i` WHERE `i`.`is_active` = ? ORDER BY `i`.`id` ASC LIMIT 500 OFFSET 0 -- PARAMETERS: [true]
query: SELECT `a`.`id` AS `a_id`, `a`.`museum_id` AS `a_museum_id`, `a`.`title` AS `a_title`, `a`.`description` AS `a_description`, `a`.`date` AS `a_date`, `a`.`time` AS `a_time`, `a`.`location` AS `a_location`, `a`.`image` AS `a_image`, `a`.`is_active` AS `a_is_active`, `a`.`created_at` AS `a_created_at`, `a`.`updated_at` AS `a_updated_at` FROM `museum_activity` `a` WHERE `a`.`is_active` = ? ORDER BY `a`.`id` ASC LIMIT 500 OFFSET 0 -- PARAMETERS: [true]
query: SELECT `r`.`id` AS `r_id`, `r`.`museum_id` AS `r_museum_id`, `r`.`title` AS `r_title`, `r`.`author` AS `r_author`, `r`.`date` AS `r_date`, `r`.`type` AS `r_type`, `r`.`description` AS `r_description`, `r`.`link` AS `r_link`, `r`.`is_active` AS `r_is_active`, `r`.`created_at` AS `r_created_at`, `r`.`updated_at` AS `r_updated_at` FROM `museum_academic_resource` `r` WHERE `r`.`is_active` = ? ORDER BY `r`.`id` ASC LIMIT 500 OFFSET 0 -- PARAMETERS: [true]
query: SELECT `c`.`id` AS `c_id`, `c`.`museum_id` AS `c_museum_id`, `c`.`name` AS `c_name`, `c`.`description` AS `c_description`, `c`.`price` AS `c_price`, `c`.`image` AS `c_image`, `c`.`category` AS `c_category`, `c`.`is_active` AS `c_is_active`, `c`.`created_at` AS `c_created_at`, `c`.`updated_at` AS `c_updated_at` FROM `museum_creative_product` `c` WHERE `c`.`is_active` = ? ORDER BY `c`.`id` ASC LIMIT 500 OFFSET 0 -- PARAMETERS: [true]
query: SELECT `h`.`id` AS `h_id`, `h`.`hall_id` AS `h_hall_id`, `h`.`museum_id` AS `h_museum_id`, `h`.`name` AS `h_name`, `h`.`icon` AS `h_icon`, `h`.`category` AS `h_category`, `h`.`cover_image` AS `h_cover_image`, `h`.`introduction` AS `h_introduction`, `h`.`stats` AS `h_stats`, `h`.`location` AS `h_location`, `h`.`open_time` AS `h_open_time`, `h`.`duration` AS `h_duration`, `h`.`ticket` AS `h_ticket`, `h`.`artifacts` AS `h_artifacts`, `h`.`exhibitions` AS `h_exhibitions`, `h`.`recommendations` AS `h_recommendations`, `h`.`is_active` AS `h_is_active`, `h`.`created_at` AS `h_created_at`, `h`.`updated_at` AS `h_updated_at` FROM `museum_exhibition_hall` `h` WHERE `h`.`is_active` = ? ORDER BY `h`.`id` ASC LIMIT 500 OFFSET 0 -- PARAMETERS: [true]
query: SELECT `MuseumDetail`.`id` AS `MuseumDetail_id`, `MuseumDetail`.`museum_id` AS `MuseumDetail_museum_id`, `MuseumDetail`.`visit_info` AS `MuseumDetail_visit_info`, `MuseumDetail`.`history` AS `MuseumDetail_history`, `MuseumDetail`.`architecture` AS `MuseumDetail_architecture`, `MuseumDetail`.`highlights` AS `MuseumDetail_highlights`, `MuseumDetail`.`education` AS `MuseumDetail_education`, `MuseumDetail`.`is_active` AS `MuseumDetail_is_active`, `MuseumDetail`.`created_at` AS `MuseumDetail_created_at`, `MuseumDetail`.`updated_at` AS `MuseumDetail_updated_at` FROM `museum_detail` `MuseumDetail` WHERE ((`MuseumDetail`.`museum_id` = ?) AND (`MuseumDetail`.`is_active` = ?)) LIMIT 1 -- PARAMETERS: [3,true]
query: SELECT `MuseumDetail`.`id` AS `MuseumDetail_id`, `MuseumDetail`.`museum_id` AS `MuseumDetail_museum_id`, `MuseumDetail`.`visit_info` AS `MuseumDetail_visit_info`, `MuseumDetail`.`history` AS `MuseumDetail_history`, `MuseumDetail`.`architecture` AS `MuseumDetail_architecture`, `MuseumDetail`.`highlights` AS `MuseumDetail_highlights`, `MuseumDetail`.`education` AS `MuseumDetail_education`, `MuseumDetail`.`is_active` AS `MuseumDetail_is_active`, `MuseumDetail`.`created_at` AS `MuseumDetail_created_at`, `MuseumDetail`.`updated_at` AS `MuseumDetail_updated_at` FROM `museum_detail` `MuseumDetail` WHERE ((`MuseumDetail`.`museum_id` = ?) AND (`MuseumDetail`.`is_active` = ?)) LIMIT 1 -- PARAMETERS: [18,true]
query: SELECT `MuseumDetail`.`id` AS `MuseumDetail_id`, `MuseumDetail`.`museum_id` AS `MuseumDetail_museum_id`, `MuseumDetail`.`visit_info` AS `MuseumDetail_visit_info`, `MuseumDetail`.`history` AS `MuseumDetail_history`, `MuseumDetail`.`architecture` AS `MuseumDetail_architecture`, `MuseumDetail`.`highlights` AS `MuseumDetail_highlights`, `MuseumDetail`.`education` AS `MuseumDetail_education`, `MuseumDetail`.`is_active` AS `MuseumDetail_is_active`, `MuseumDetail`.`created_at` AS `MuseumDetail_created_at`, `MuseumDetail`.`updated_at` AS `MuseumDetail_updated_at` FROM `museum_detail` `MuseumDetail` WHERE ((`MuseumDetail`.`museum_id` = ?) AND (`MuseumDetail`.`is_active` = ?)) LIMIT 1 -- PARAMETERS: [24,true]
query: SELECT `Museum`.`id` AS `Museum_id`, `Museum`.`name` AS `Museum_name`, `Museum`.`province` AS `Museum_province`, `Museum`.`type` AS `Museum_type`, `Museum`.`image` AS `Museum_image`, `Museum`.`description` AS `Museum_description`, `Museum`.`artifacts_count` AS `Museum_artifacts_count`, `Museum`.`exhibitions_count` AS `Museum_exhibitions_count`, `Museum`.`visitors` AS `Museum_visitors`, `Museum`.`features` AS `Museum_features`, `Museum`.`is_active` AS `Museum_is_active`, `Museum`.`created_at` AS `Museum_created_at`, `Museum`.`updated_at` AS `Museum_updated_at` FROM `museum` `Museum` WHERE ((`Museum`.`id` = ?) AND (`Museum`.`is_active` = ?)) LIMIT 1 -- PARAMETERS: [1,true]
query: SELECT `Museum`.`id` AS `Museum_id`, `Museum`.`name` AS `Museum_name`, `Museum`.`province` AS `Museum_province`, `Museum`.`type` AS `Museum_type`, `Museum`.`image` AS `Museum_image`, `Museum`.`description` AS `Museum_description`, `Museum`.`artifacts_count` AS `Museum_artifacts_count`, `Museum`.`exhibitions_count` AS `Museum_exhibitions_count`, `Museum`.`visitors` AS `Museum_visitors`, `Museum`.`features` AS `Museum_features`, `Museum`.`is_active` AS `Museum_is_active`, `Museum`.`created_at` AS `Museum_created_at`, `Museum`.`updated_at` AS `Museum_updated_at` FROM `museum` `Museum` WHERE ((`Museum`.`id` = ?) AND (`Museum`.`is_active` = ?)) LIMIT 1 -- PARAMETERS: [2,true]
query: SELECT `Museum`.`id` AS `Museum_id`, `Museum`.`name` AS `Museum_name`, `Museum`.`province` AS `Museum_province`, `Museum`.`type` AS `Museum_type`, `Museum`.`image` AS `Museum_image`, `Museum`.`description` AS `Museum_description`, `Museum`.`artifacts_count` AS `Museum_artifacts_count`, `Museum`.`exhibitions_count` AS `Museum_exhibitions_count`, `Museum`.`visitors` AS `Museum_visitors`, `Museum`.`features` AS `Museum_features`, `Museum`.`is_active` AS `Museum_is_active`, `Museum`.`created_at` AS `Museum_created_at`, `Museum`.`updated_at` AS `Museum_updated_at` FROM `museum` `Museum` WHERE ((`Museum`.`id` = ?) AND (`Museum`.`is_active` = ?)) LIMIT 1 -- PARAMETERS: [3,true]
query: SELECT `Museum`.`id` AS `Museum_id`, `Museum`.`name` AS `Museum_name`, `Museum`.`province` AS `Museum_province`, `Museum`.`type` AS `Museum_type`, `Museum`.`image` AS `Museum_image`, `Museum`.`description` AS `Museum_description`, `Museum`.`artifacts_count` AS `Museum_artifacts_count`, `Museum`.`exhibitions_count` AS `Museum_exhibitions_count`, `Museum`.`visitors` AS `Museum_visitors`, `Museum`.`features` AS `Museum_features`, `Museum`.`is_active` AS `Museum_is_active`, `Museum`.`created_at` AS `Museum_created_at`, `Museum`.`updated_at` AS `Museum_updated_at` FROM `museum` `Museum` WHERE ((`Museum`.`id` = ?) AND (`Museum`.`is_active` = ?)) LIMIT 1 -- PARAMETERS: [4,true]
query: SELECT `Museum`.`id` AS `Museum_id`, `Museum`.`name` AS `Museum_name`, `Museum`.`province` AS `Museum_province`, `Museum`.`type` AS `Museum_type`, `Museum`.`image` AS `Museum_image`, `Museum`.`description` AS `Museum_description`, `Museum`.`artifacts_count` AS `Museum_artifacts_count`, `Museum`.`exhibitions_count` AS `Museum_exhibitions_count`, `Museum`.`visitors` AS `Museum_visitors`, `Museum`.`features` AS `Museum_features`, `Museum`.`is_active` AS `Museum_is_active`, `Museum`.`created_at` AS `Museum_created_at`, `Museum`.`updated_at` AS `Museum_updated_at` FROM `museum` `Museum` WHERE ((`Museum`.`id` = ?) AND (`Museum`.`is_active` = ?)) LIMIT 1 -- PARAMETERS: [5,true]
query: SELECT `Museum`.`id` AS `Museum_id`, `Museum`.`name` AS `Museum_name`, `Museum`.`province` AS `Museum_province`, `Museum`.`type` AS `Museum_type`, `Museum`.`image` AS `Museum_image`, `Museum`.`description` AS `Museum_description`, `Museum`.`artifacts_count` AS `Museum_artifacts_count`, `Museum`.`exhibitions_count` AS `Museum_exhibitions_count`, `Museum`.`visitors` AS `Museum_visitors`, `Museum`.`features` AS `Museum_features`, `Museum`.`is_active` AS `Museum_is_active`, `Museum`.`created_at` AS `Museum_created_at`, `Museum`.`updated_at` AS `Museum_updated_at` FROM `museum` `Museum` WHERE ((`Museum`.`id` = ?) AND (`Museum`.`is_active` = ?)) LIMIT 1 -- PARAMETERS: [6,true]
query: SELECT `Museum`.`id` AS `Museum_id`, `Museum`.`name` AS `Museum_name`, `Museum`.`province` AS `Museum_province`, `Museum`.`type` AS `Museum_type`, `Museum`.`image` AS `Museum_image`, `Museum`.`description` AS `Museum_description`, `Museum`.`artifacts_count` AS `Museum_artifacts_count`, `Museum`.`exhibitions_count` AS `Museum_exhibitions_count`, `Museum`.`visitors` AS `Museum_visitors`, `Museum`.`features` AS `Museum_features`, `Museum`.`is_active` AS `Museum_is_active`, `Museum`.`created_at` AS `Museum_created_at`, `Museum`.`updated_at` AS `Museum_updated_at` FROM `museum` `Museum` WHERE ((`Museum`.`id` = ?) AND (`Museum`.`is_active` = ?)) LIMIT 1 -- PARAMETERS: [7,true]
query: SELECT `Museum`.`id` AS `Museum_id`, `Museum`.`name` AS `Museum_name`, `Museum`.`province` AS `Museum_province`, `Museum`.`type` AS `Museum_type`, `Museum`.`image` AS `Museum_image`, `Museum`.`description` AS `Museum_description`, `Museum`.`artifacts_count` AS `Museum_artifacts_count`, `Museum`.`exhibitions_count` AS `Museum_exhibitions_count`, `Museum`.`visitors` AS `Museum_visitors`, `Museum`.`features` AS `Museum_features`, `Museum`.`is_active` AS `Museum_is_active`, `Museum`.`created_at` AS `Museum_created_at`, `Museum`.`updated_at` AS `Museum_updated_at` FROM `museum` `Museum` WHERE ((`Museum`.`id` = ?) AND (`Museum`.`is_active` = ?)) LIMIT 1 -- PARAMETERS: [8,true]
query: SELECT `Museum`.`id` AS `Museum_id`, `Museum`.`name` AS `Museum_name`, `Museum`.`province` AS `Museum_province`, `Museum`.`type` AS `Museum_type`, `Museum`.`image` AS `Museum_image`, `Museum`.`description` AS `Museum_description`, `Museum`.`artifacts_count` AS `Museum_artifacts_count`, `Museum`.`exhibitions_count` AS `Museum_exhibitions_count`, `Museum`.`visitors` AS `Museum_visitors`, `Museum`.`features` AS `Museum_features`, `Museum`.`is_active` AS `Museum_is_active`, `Museum`.`created_at` AS `Museum_created_at`, `Museum`.`updated_at` AS `Museum_updated_at` FROM `museum` `Museum` WHERE ((`Museum`.`id` = ?) AND (`Museum`.`is_active` = ?)) LIMIT 1 -- PARAMETERS: [9,true]
query: SELECT `Museum`.`id` AS `Museum_id`, `Museum`.`name` AS `Museum_name`, `Museum`.`province` AS `Museum_province`, `Museum`.`type` AS `Museum_type`, `Museum`.`image` AS `Museum_image`, `Museum`.`description` AS `Museum_description`, `Museum`.`artifacts_count` AS `Museum_artifacts_count`, `Museum`.`exhibitions_count` AS `Museum_exhibitions_count`, `Museum`.`visitors` AS `Museum_visitors`, `Museum`.`features` AS `Museum_features`, `Museum`.`is_active` AS `Museum_is_active`, `Museum`.`created_at` AS `Museum_created_at`, `Museum`.`updated_at` AS `Museum_updated_at` FROM `museum` `Museum` WHERE ((`Museum`.`id` = ?) AND (`Museum`.`is_active` = ?)) LIMIT 1 -- PARAMETERS: [10,true]
query: SELECT `Museum`.`id` AS `Museum_id`, `Museum`.`name` AS `Museum_name`, `Museum`.`province` AS `Museum_province`, `Museum`.`type` AS `Museum_type`, `Museum`.`image` AS `Museum_image`, `Museum`.`description` AS `Museum_description`, `Museum`.`artifacts_count` AS `Museum_artifacts_count`, `Museum`.`exhibitions_count` AS `Museum_exhibitions_count`, `Museum`.`visitors` AS `Museum_visitors`, `Museum`.`features` AS `Museum_features`, `Museum`.`is_active` AS `Museum_is_active`, `Museum`.`created_at` AS `Museum_created_at`, `Museum`.`updated_at` AS `Museum_updated_at` FROM `museum` `Museum` WHERE ((`Museum`.`id` = ?) AND (`Museum`.`is_active` = ?)) LIMIT 1 -- PARAMETERS: [11,true]
query: SELECT `Museum`.`id` AS `Museum_id`, `Museum`.`name` AS `Museum_name`, `Museum`.`province` AS `Museum_province`, `Museum`.`type` AS `Museum_type`, `Museum`.`image` AS `Museum_image`, `Museum`.`description` AS `Museum_description`, `Museum`.`artifacts_count` AS `Museum_artifacts_count`, `Museum`.`exhibitions_count` AS `Museum_exhibitions_count`, `Museum`.`visitors` AS `Museum_visitors`, `Museum`.`features` AS `Museum_features`, `Museum`.`is_active` AS `Museum_is_active`, `Museum`.`created_at` AS `Museum_created_at`, `Museum`.`updated_at` AS `Museum_updated_at` FROM `museum` `Museum` WHERE ((`Museum`.`id` = ?) AND (`Museum`.`is_active` = ?)) LIMIT 1 -- PARAMETERS: [12,true]
query: SELECT `Museum`.`id` AS `Museum_id`, `Museum`.`name` AS `Museum_name`, `Museum`.`province` AS `Museum_province`, `Museum`.`type` AS `Museum_type`, `Museum`.`image` AS `Museum_image`, `Museum`.`description` AS `Museum_description`, `Museum`.`artifacts_count` AS `Museum_artifacts_count`, `Museum`.`exhibitions_count` AS `Museum_exhibitions_count`, `Museum`.`visitors` AS `Museum_visitors`, `Museum`.`features` AS `Museum_features`, `Museum`.`is_active` AS `Museum_is_active`, `Museum`.`created_at` AS `Museum_created_at`, `Museum`.`updated_at` AS `Museum_updated_at` FROM `museum` `Museum` WHERE ((`Museum`.`id` = ?) AND (`Museum`.`is_active` = ?)) LIMIT 1 -- PARAMETERS: [13,true]
query: SELECT `Museum`.`id` AS `Museum_id`, `Museum`.`name` AS `Museum_name`, `Museum`.`province` AS `Museum_province`, `Museum`.`type` AS `Museum_type`, `Museum`.`image` AS `Museum_image`, `Museum`.`description` AS `Museum_description`, `Museum`.`artifacts_count` AS `Museum_artifacts_count`, `Museum`.`exhibitions_count` AS `Museum_exhibitions_count`, `Museum`.`visitors` AS `Museum_visitors`, `Museum`.`features` AS `Museum_features`, `Museum`.`is_active` AS `Museum_is_active`, `Museum`.`created_at` AS `Museum_created_at`, `Museum`.`updated_at` AS `Museum_updated_at` FROM `museum` `Museum` WHERE ((`Museum`.`id` = ?) AND (`Museum`.`is_active` = ?)) LIMIT 1 -- PARAMETERS: [14,true]
query: SELECT `Museum`.`id` AS `Museum_id`, `Museum`.`name` AS `Museum_name`, `Museum`.`province` AS `Museum_province`, `Museum`.`type` AS `Museum_type`, `Museum`.`image` AS `Museum_image`, `Museum`.`description` AS `Museum_description`, `Museum`.`artifacts_count` AS `Museum_artifacts_count`, `Museum`.`exhibitions_count` AS `Museum_exhibitions_count`, `Museum`.`visitors` AS `Museum_visitors`, `Museum`.`features` AS `Museum_features`, `Museum`.`is_active` AS `Museum_is_active`, `Museum`.`created_at` AS `Museum_created_at`, `Museum`.`updated_at` AS `Museum_updated_at` FROM `museum` `Museum` WHERE ((`Museum`.`id` = ?) AND (`Museum`.`is_active` = ?)) LIMIT 1 -- PARAMETERS: [15,true]
query: SELECT `Museum`.`id` AS `Museum_id`, `Museum`.`name` AS `Museum_name`, `Museum`.`province` AS `Museum_province`, `Museum`.`type` AS `Museum_type`, `Museum`.`image` AS `Museum_image`, `Museum`.`description` AS `Museum_description`, `Museum`.`artifacts_count` AS `Museum_artifacts_count`, `Museum`.`exhibitions_count` AS `Museum_exhibitions_count`, `Museum`.`visitors` AS `Museum_visitors`, `Museum`.`features` AS `Museum_features`, `Museum`.`is_active` AS `Museum_is_active`, `Museum`.`created_at` AS `Museum_created_at`, `Museum`.`updated_at` AS `Museum_updated_at` FROM `museum` `Museum` WHERE ((`Museum`.`id` = ?) AND (`Museum`.`is_active` = ?)) LIMIT 1 -- PARAMETERS: [16,true]
query: SELECT `Museum`.`id` AS `Museum_id`, `Museum`.`name` AS `Museum_name`, `Museum`.`province` AS `Museum_province`, `Museum`.`type` AS `Museum_type`, `Museum`.`image` AS `Museum_image`, `Museum`.`description` AS `Museum_description`, `Museum`.`artifacts_count` AS `Museum_artifacts_count`, `Museum`.`exhibitions_count` AS `Museum_exhibitions_count`, `Museum`.`visitors` AS `Museum_visitors`, `Museum`.`features` AS `Museum_features`, `Museum`.`is_active` AS `Museum_is_active`, `Museum`.`created_at` AS `Museum_created_at`, `Museum`.`updated_at` AS `Museum_updated_at` FROM `museum` `Museum` WHERE ((`Museum`.`id` = ?) AND (`Museum`.`is_active` = ?)) LIMIT 1 -- PARAMETERS: [17,true]
query: SELECT `Museum`.`id` AS `Museum_id`, `Museum`.`name` AS `Museum_name`, `Museum`.`province` AS `Museum_province`, `Museum`.`type` AS `Museum_type`, `Museum`.`image` AS `Museum_image`, `Museum`.`description` AS `Museum_description`, `Museum`.`artifacts_count` AS `Museum_artifacts_count`, `Museum`.`exhibitions_count` AS `Museum_exhibitions_count`, `Museum`.`visitors` AS `Museum_visitors`, `Museum`.`features` AS `Museum_features`, `Museum`.`is_active` AS `Museum_is_active`, `Museum`.`created_at` AS `Museum_created_at`, `Museum`.`updated_at` AS `Museum_updated_at` FROM `museum` `Museum` WHERE ((`Museum`.`id` = ?) AND (`Museum`.`is_active` = ?)) LIMIT 1 -- PARAMETERS: [18,true]
query: SELECT `Museum`.`id` AS `Museum_id`, `Museum`.`name` AS `Museum_name`, `Museum`.`province` AS `Museum_province`, `Museum`.`type` AS `Museum_type`, `Museum`.`image` AS `Museum_image`, `Museum`.`description` AS `Museum_description`, `Museum`.`artifacts_count` AS `Museum_artifacts_count`, `Museum`.`exhibitions_count` AS `Museum_exhibitions_count`, `Museum`.`visitors` AS `Museum_visitors`, `Museum`.`features` AS `Museum_features`, `Museum`.`is_active` AS `Museum_is_active`, `Museum`.`created_at` AS `Museum_created_at`, `Museum`.`updated_at` AS `Museum_updated_at` FROM `museum` `Museum` WHERE ((`Museum`.`id` = ?) AND (`Museum`.`is_active` = ?)) LIMIT 1 -- PARAMETERS: [19,true]
query: SELECT `Museum`.`id` AS `Museum_id`, `Museum`.`name` AS `Museum_name`, `Museum`.`province` AS `Museum_province`, `Museum`.`type` AS `Museum_type`, `Museum`.`image` AS `Museum_image`, `Museum`.`description` AS `Museum_description`, `Museum`.`artifacts_count` AS `Museum_artifacts_count`, `Museum`.`exhibitions_count` AS `Museum_exhibitions_count`, `Museum`.`visitors` AS `Museum_visitors`, `Museum`.`features` AS `Museum_features`, `Museum`.`is_active` AS `Museum_is_active`, `Museum`.`created_at` AS `Museum_created_at`, `Museum`.`updated_at` AS `Museum_updated_at` FROM `museum` `Museum` WHERE ((`Museum`.`id` = ?) AND (`Museum`.`is_active` = ?)) LIMIT 1 -- PARAMETERS: [20,true]
query: SELECT `Museum`.`id` AS `Museum_id`, `Museum`.`name` AS `Museum_name`, `Museum`.`province` AS `Museum_province`, `Museum`.`type` AS `Museum_type`, `Museum`.`image` AS `Museum_image`, `Museum`.`description` AS `Museum_description`, `Museum`.`artifacts_count` AS `Museum_artifacts_count`, `Museum`.`exhibitions_count` AS `Museum_exhibitions_count`, `Museum`.`visitors` AS `Museum_visitors`, `Museum`.`features` AS `Museum_features`, `Museum`.`is_active` AS `Museum_is_active`, `Museum`.`created_at` AS `Museum_created_at`, `Museum`.`updated_at` AS `Museum_updated_at` FROM `museum` `Museum` WHERE ((`Museum`.`id` = ?) AND (`Museum`.`is_active` = ?)) LIMIT 1 -- PARAMETERS: [21,true]
query: SELECT `Museum`.`id` AS `Museum_id`, `Museum`.`name` AS `Museum_name`, `Museum`.`province` AS `Museum_province`, `Museum`.`type` AS `Museum_type`, `Museum`.`image` AS `Museum_image`, `Museum`.`description` AS `Museum_description`, `Museum`.`artifacts_count` AS `Museum_artifacts_count`, `Museum`.`exhibitions_count` AS `Museum_exhibitions_count`, `Museum`.`visitors` AS `Museum_visitors`, `Museum`.`features` AS `Museum_features`, `Museum`.`is_active` AS `Museum_is_active`, `Museum`.`created_at` AS `Museum_created_at`, `Museum`.`updated_at` AS `Museum_updated_at` FROM `museum` `Museum` WHERE ((`Museum`.`id` = ?) AND (`Museum`.`is_active` = ?)) LIMIT 1 -- PARAMETERS: [22,true]
query: SELECT `Museum`.`id` AS `Museum_id`, `Museum`.`name` AS `Museum_name`, `Museum`.`province` AS `Museum_province`, `Museum`.`type` AS `Museum_type`, `Museum`.`image` AS `Museum_image`, `Museum`.`description` AS `Museum_description`, `Museum`.`artifacts_count` AS `Museum_artifacts_count`, `Museum`.`exhibitions_count` AS `Museum_exhibitions_count`, `Museum`.`visitors` AS `Museum_visitors`, `Museum`.`features` AS `Museum_features`, `Museum`.`is_active` AS `Museum_is_active`, `Museum`.`created_at` AS `Museum_created_at`, `Museum`.`updated_at` AS `Museum_updated_at` FROM `museum` `Museum` WHERE ((`Museum`.`id` = ?) AND (`Museum`.`is_active` = ?)) LIMIT 1 -- PARAMETERS: [23,true]
query: SELECT `Museum`.`id` AS `Museum_id`, `Museum`.`name` AS `Museum_name`, `Museum`.`province` AS `Museum_province`, `Museum`.`type` AS `Museum_type`, `Museum`.`image` AS `Museum_image`, `Museum`.`description` AS `Museum_description`, `Museum`.`artifacts_count` AS `Museum_artifacts_count`, `Museum`.`exhibitions_count` AS `Museum_exhibitions_count`, `Museum`.`visitors` AS `Museum_visitors`, `Museum`.`features` AS `Museum_features`, `Museum`.`is_active` AS `Museum_is_active`, `Museum`.`created_at` AS `Museum_created_at`, `Museum`.`updated_at` AS `Museum_updated_at` FROM `museum` `Museum` WHERE ((`Museum`.`id` = ?) AND (`Museum`.`is_active` = ?)) LIMIT 1 -- PARAMETERS: [24,true]
query: SELECT `Museum`.`id` AS `Museum_id`, `Museum`.`name` AS `Museum_name`, `Museum`.`province` AS `Museum_province`, `Museum`.`type` AS `Museum_type`, `Museum`.`image` AS `Museum_image`, `Museum`.`description` AS `Museum_description`, `Museum`.`artifacts_count` AS `Museum_artifacts_count`, `Museum`.`exhibitions_count` AS `Museum_exhibitions_count`, `Museum`.`visitors` AS `Museum_visitors`, `Museum`.`features` AS `Museum_features`, `Museum`.`is_active` AS `Museum_is_active`, `Museum`.`created_at` AS `Museum_created_at`, `Museum`.`updated_at` AS `Museum_updated_at` FROM `museum` `Museum` WHERE ((`Museum`.`id` = ?) AND (`Museum`.`is_active` = ?)) LIMIT 1 -- PARAMETERS: [25,true]
query: SELECT `Museum`.`id` AS `Museum_id`, `Museum`.`name` AS `Museum_name`, `Museum`.`province` AS `Museum_province`, `Museum`.`type` AS `Museum_type`, `Museum`.`image` AS `Museum_image`, `Museum`.`description` AS `Museum_description`, `Museum`.`artifacts_count` AS `Museum_artifacts_count`, `Museum`.`exhibitions_count` AS `Museum_exhibitions_count`, `Museum`.`visitors` AS `Museum_visitors`, `Museum`.`features` AS `Museum_features`, `Museum`.`is_active` AS `Museum_is_active`, `Museum`.`created_at` AS `Museum_created_at`, `Museum`.`updated_at` AS `Museum_updated_at` FROM `museum` `Museum` WHERE ((`Museum`.`id` = ?) AND (`Museum`.`is_active` = ?)) LIMIT 1 -- PARAMETERS: [26,true]
query: SELECT `Museum`.`id` AS `Museum_id`, `Museum`.`name` AS `Museum_name`, `Museum`.`province` AS `Museum_province`, `Museum`.`type` AS `Museum_type`, `Museum`.`image` AS `Museum_image`, `Museum`.`description` AS `Museum_description`, `Museum`.`artifacts_count` AS `Museum_artifacts_count`, `Museum`.`exhibitions_count` AS `Museum_exhibitions_count`, `Museum`.`visitors` AS `Museum_visitors`, `Museum`.`features` AS `Museum_features`, `Museum`.`is_active` AS `Museum_is_active`, `Museum`.`created_at` AS `Museum_created_at`, `Museum`.`updated_at` AS `Museum_updated_at` FROM `museum` `Museum` WHERE ((`Museum`.`id` = ?) AND (`Museum`.`is_active` = ?)) LIMIT 1 -- PARAMETERS: [27,true]
query: SELECT `Museum`.`id` AS `Museum_id`, `Museum`.`name` AS `Museum_name`, `Museum`.`province` AS `Museum_province`, `Museum`.`type` AS `Museum_type`, `Museum`.`image` AS `Museum_image`, `Museum`.`description` AS `Museum_description`, `Museum`.`artifacts_count` AS `Museum_artifacts_count`, `Museum`.`exhibitions_count` AS `Museum_exhibitions_count`, `Museum`.`visitors` AS `Museum_visitors`, `Museum`.`features` AS `Museum_features`, `Museum`.`is_active` AS `Museum_is_active`, `Museum`.`created_at` AS `Museum_created_at`, `Museum`.`updated_at` AS `Museum_updated_at` FROM `museum` `Museum` WHERE ((`Museum`.`id` = ?) AND (`Museum`.`is_active` = ?)) LIMIT 1 -- PARAMETERS: [28,true]
query: SELECT `Museum`.`id` AS `Museum_id`, `Museum`.`name` AS `Museum_name`, `Museum`.`province` AS `Museum_province`, `Museum`.`type` AS `Museum_type`, `Museum`.`image` AS `Museum_image`, `Museum`.`description` AS `Museum_description`, `Museum`.`artifacts_count` AS `Museum_artifacts_count`, `Museum`.`exhibitions_count` AS `Museum_exhibitions_count`, `Museum`.`visitors` AS `Museum_visitors`, `Museum`.`features` AS `Museum_features`, `Museum`.`is_active` AS `Museum_is_active`, `Museum`.`created_at` AS `Museum_created_at`, `Museum`.`updated_at` AS `Museum_updated_at` FROM `museum` `Museum` WHERE ((`Museum`.`id` = ?) AND (`Museum`.`is_active` = ?)) LIMIT 1 -- PARAMETERS: [29,true]
query: SELECT `Museum`.`id` AS `Museum_id`, `Museum`.`name` AS `Museum_name`, `Museum`.`province` AS `Museum_province`, `Museum`.`type` AS `Museum_type`, `Museum`.`image` AS `Museum_image`, `Museum`.`description` AS `Museum_description`, `Museum`.`artifacts_count` AS `Museum_artifacts_count`, `Museum`.`exhibitions_count` AS `Museum_exhibitions_count`, `Museum`.`visitors` AS `Museum_visitors`, `Museum`.`features` AS `Museum_features`, `Museum`.`is_active` AS `Museum_is_active`, `Museum`.`created_at` AS `Museum_created_at`, `Museum`.`updated_at` AS `Museum_updated_at` FROM `museum` `Museum` WHERE ((`Museum`.`id` = ?) AND (`Museum`.`is_active` = ?)) LIMIT 1 -- PARAMETERS: [30,true]
query: SELECT `Museum`.`id` AS `Museum_id`, `Museum`.`name` AS `Museum_name`, `Museum`.`province` AS `Museum_province`, `Museum`.`type` AS `Museum_type`, `Museum`.`image` AS `Museum_image`, `Museum`.`description` AS `Museum_description`, `Museum`.`artifacts_count` AS `Museum_artifacts_count`, `Museum`.`exhibitions_count` AS `Museum_exhibitions_count`, `Museum`.`visitors` AS `Museum_visitors`, `Museum`.`features` AS `Museum_features`, `Museum`.`is_active` AS `Museum_is_active`, `Museum`.`created_at` AS `Museum_created_at`, `Museum`.`updated_at` AS `Museum_updated_at` FROM `museum` `Museum` WHERE ((`Museum`.`id` = ?) AND (`Museum`.`is_active` = ?)) LIMIT 1 -- PARAMETERS: [31,true]
query: SELECT `Museum`.`id` AS `Museum_id`, `Museum`.`name` AS `Museum_name`, `Museum`.`province` AS `Museum_province`, `Museum`.`type` AS `Museum_type`, `Museum`.`image` AS `Museum_image`, `Museum`.`description` AS `Museum_description`, `Museum`.`artifacts_count` AS `Museum_artifacts_count`, `Museum`.`exhibitions_count` AS `Museum_exhibitions_count`, `Museum`.`visitors` AS `Museum_visitors`, `Museum`.`features` AS `Museum_features`, `Museum`.`is_active` AS `Museum_is_active`, `Museum`.`created_at` AS `Museum_created_at`, `Museum`.`updated_at` AS `Museum_updated_at` FROM `museum` `Museum` WHERE ((`Museum`.`id` = ?) AND (`Museum`.`is_active` = ?)) LIMIT 1 -- PARAMETERS: [32,true]
query: SELECT `Museum`.`id` AS `Museum_id`, `Museum`.`name` AS `Museum_name`, `Museum`.`province` AS `Museum_province`, `Museum`.`type` AS `Museum_type`, `Museum`.`image` AS `Museum_image`, `Museum`.`description` AS `Museum_description`, `Museum`.`artifacts_count` AS `Museum_artifacts_count`, `Museum`.`exhibitions_count` AS `Museum_exhibitions_count`, `Museum`.`visitors` AS `Museum_visitors`, `Museum`.`features` AS `Museum_features`, `Museum`.`is_active` AS `Museum_is_active`, `Museum`.`created_at` AS `Museum_created_at`, `Museum`.`updated_at` AS `Museum_updated_at` FROM `museum` `Museum` WHERE ((`Museum`.`id` = ?) AND (`Museum`.`is_active` = ?)) LIMIT 1 -- PARAMETERS: [33,true]
query: SELECT `Museum`.`id` AS `Museum_id`, `Museum`.`name` AS `Museum_name`, `Museum`.`province` AS `Museum_province`, `Museum`.`type` AS `Museum_type`, `Museum`.`image` AS `Museum_image`, `Museum`.`description` AS `Museum_description`, `Museum`.`artifacts_count` AS `Museum_artifacts_count`, `Museum`.`exhibitions_count` AS `Museum_exhibitions_count`, `Museum`.`visitors` AS `Museum_visitors`, `Museum`.`features` AS `Museum_features`, `Museum`.`is_active` AS `Museum_is_active`, `Museum`.`created_at` AS `Museum_created_at`, `Museum`.`updated_at` AS `Museum_updated_at` FROM `museum` `Museum` WHERE ((`Museum`.`id` = ?) AND (`Museum`.`is_active` = ?)) LIMIT 1 -- PARAMETERS: [34,true]
query: SELECT `Museum`.`id` AS `Museum_id`, `Museum`.`name` AS `Museum_name`, `Museum`.`province` AS `Museum_province`, `Museum`.`type` AS `Museum_type`, `Museum`.`image` AS `Museum_image`, `Museum`.`description` AS `Museum_description`, `Museum`.`artifacts_count` AS `Museum_artifacts_count`, `Museum`.`exhibitions_count` AS `Museum_exhibitions_count`, `Museum`.`visitors` AS `Museum_visitors`, `Museum`.`features` AS `Museum_features`, `Museum`.`is_active` AS `Museum_is_active`, `Museum`.`created_at` AS `Museum_created_at`, `Museum`.`updated_at` AS `Museum_updated_at` FROM `museum` `Museum` WHERE ((`Museum`.`id` = ?) AND (`Museum`.`is_active` = ?)) LIMIT 1 -- PARAMETERS: [35,true]
query: SELECT `Museum`.`id` AS `Museum_id`, `Museum`.`name` AS `Museum_name`, `Museum`.`province` AS `Museum_province`, `Museum`.`type` AS `Museum_type`, `Museum`.`image` AS `Museum_image`, `Museum`.`description` AS `Museum_description`, `Museum`.`artifacts_count` AS `Museum_artifacts_count`, `Museum`.`exhibitions_count` AS `Museum_exhibitions_count`, `Museum`.`visitors` AS `Museum_visitors`, `Museum`.`features` AS `Museum_features`, `Museum`.`is_active` AS `Museum_is_active`, `Museum`.`created_at` AS `Museum_created_at`, `Museum`.`updated_at` AS `Museum_updated_at` FROM `museum` `Museum` WHERE ((`Museum`.`id` = ?) AND (`Museum`.`is_active` = ?)) LIMIT 1 -- PARAMETERS: [36,true]
query: SELECT `Museum`.`id` AS `Museum_id`, `Museum`.`name` AS `Museum_name`, `Museum`.`province` AS `Museum_province`, `Museum`.`type` AS `Museum_type`, `Museum`.`image` AS `Museum_image`, `Museum`.`description` AS `Museum_description`, `Museum`.`artifacts_count` AS `Museum_artifacts_count`, `Museum`.`exhibitions_count` AS `Museum_exhibitions_count`, `Museum`.`visitors` AS `Museum_visitors`, `Museum`.`features` AS `Museum_features`, `Museum`.`is_active` AS `Museum_is_active`, `Museum`.`created_at` AS `Museum_created_at`, `Museum`.`updated_at` AS `Museum_updated_at` FROM `museum` `Museum` WHERE ((`Museum`.`id` = ?) AND (`Museum`.`is_active` = ?)) LIMIT 1 -- PARAMETERS: [37,true]
query: SELECT `Museum`.`id` AS `Museum_id`, `Museum`.`name` AS `Museum_name`, `Museum`.`province` AS `Museum_province`, `Museum`.`type` AS `Museum_type`, `Museum`.`image` AS `Museum_image`, `Museum`.`description` AS `Museum_description`, `Museum`.`artifacts_count` AS `Museum_artifacts_count`, `Museum`.`exhibitions_count` AS `Museum_exhibitions_count`, `Museum`.`visitors` AS `Museum_visitors`, `Museum`.`features` AS `Museum_features`, `Museum`.`is_active` AS `Museum_is_active`, `Museum`.`created_at` AS `Museum_created_at`, `Museum`.`updated_at` AS `Museum_updated_at` FROM `museum` `Museum` WHERE ((`Museum`.`id` = ?) AND (`Museum`.`is_active` = ?)) LIMIT 1 -- PARAMETERS: [38,true]
query: SELECT `m`.`id` AS `m_id`, `m`.`name` AS `m_name`, `m`.`province` AS `m_province`, `m`.`type` AS `m_type`, `m`.`image` AS `m_image`, `m`.`description` AS `m_description`, `m`.`artifacts_count` AS `m_artifacts_count`, `m`.`exhibitions_count` AS `m_exhibitions_count`, `m`.`visitors` AS `m_visitors`, `m`.`features` AS `m_features`, `m`.`is_active` AS `m_is_active`, `m`.`created_at` AS `m_created_at`, `m`.`updated_at` AS `m_updated_at` FROM `museum` `m` WHERE `m`.`is_active` = ? ORDER BY `m`.`id` ASC LIMIT 200 OFFSET 0 -- PARAMETERS: [true]
query: SELECT `a`.`id` AS `a_id`, `a`.`museum_id` AS `a_museum_id`, `a`.`name` AS `a_name`, `a`.`period` AS `a_period`, `a`.`image` AS `a_image`, `a`.`description` AS `a_description`, `a`.`category` AS `a_category`, `a`.`basic_info` AS `a_basic_info`, `a`.`appearance` AS `a_appearance`, `a`.`historical_value` AS `a_historical_value`, `a`.`is_active` AS `a_is_active`, `a`.`created_at` AS `a_created_at`, `a`.`updated_at` AS `a_updated_at` FROM `museum_artifact` `a` WHERE `a`.`is_active` = ? ORDER BY `a`.`id` ASC LIMIT 500 OFFSET 0 -- PARAMETERS: [true]
query: SELECT `e`.`id` AS `e_id`, `e`.`museum_id` AS `e_museum_id`, `e`.`title` AS `e_title`, `e`.`description` AS `e_description`, `e`.`date` AS `e_date`, `e`.`image` AS `e_image`, `e`.`location` AS `e_location`, `e`.`category` AS `e_category`, `e`.`status` AS `e_status`, `e`.`status_text` AS `e_status_text`, `e`.`tags` AS `e_tags`, `e`.`curator` AS `e_curator`, `e`.`scale` AS `e_scale`, `e`.`visitors` AS `e_visitors`, `e`.`background` AS `e_background`, `e`.`is_active` AS `e_is_active`, `e`.`created_at` AS `e_created_at`, `e`.`updated_at` AS `e_updated_at` FROM `museum_exhibition` `e` WHERE `e`.`is_active` = ? ORDER BY `e`.`id` ASC LIMIT 500 OFFSET 0 -- PARAMETERS: [true]
query: SELECT `a`.`id` AS `a_id`, `a`.`museum_id` AS `a_museum_id`, `a`.`title` AS `a_title`, `a`.`description` AS `a_description`, `a`.`date` AS `a_date`, `a`.`time` AS `a_time`, `a`.`location` AS `a_location`, `a`.`image` AS `a_image`, `a`.`is_active` AS `a_is_active`, `a`.`created_at` AS `a_created_at`, `a`.`updated_at` AS `a_updated_at` FROM `museum_activity` `a` WHERE `a`.`is_active` = ? ORDER BY `a`.`id` ASC LIMIT 500 OFFSET 0 -- PARAMETERS: [true]
query: SELECT `n`.`id` AS `n_id`, `n`.`museum_id` AS `n_museum_id`, `n`.`title` AS `n_title`, `n`.`description` AS `n_description`, `n`.`date` AS `n_date`, `n`.`image` AS `n_image`, `n`.`is_active` AS `n_is_active`, `n`.`created_at` AS `n_created_at`, `n`.`updated_at` AS `n_updated_at` FROM `museum_news` `n` WHERE `n`.`is_active` = ? ORDER BY `n`.`id` ASC LIMIT 500 OFFSET 0 -- PARAMETERS: [true]
query: SELECT `i`.`id` AS `i_id`, `i`.`museum_id` AS `i_museum_id`, `i`.`title` AS `i_title`, `i`.`description` AS `i_description`, `i`.`image` AS `i_image`, `i`.`is_active` AS `i_is_active`, `i`.`created_at` AS `i_created_at`, `i`.`updated_at` AS `i_updated_at` FROM `museum_immersive` `i` WHERE `i`.`is_active` = ? ORDER BY `i`.`id` ASC LIMIT 500 OFFSET 0 -- PARAMETERS: [true]
query: SELECT `r`.`id` AS `r_id`, `r`.`museum_id` AS `r_museum_id`, `r`.`title` AS `r_title`, `r`.`author` AS `r_author`, `r`.`date` AS `r_date`, `r`.`type` AS `r_type`, `r`.`description` AS `r_description`, `r`.`link` AS `r_link`, `r`.`is_active` AS `r_is_active`, `r`.`created_at` AS `r_created_at`, `r`.`updated_at` AS `r_updated_at` FROM `museum_academic_resource` `r` WHERE `r`.`is_active` = ? ORDER BY `r`.`id` ASC LIMIT 500 OFFSET 0 -- PARAMETERS: [true]
query: SELECT `c`.`id` AS `c_id`, `c`.`museum_id` AS `c_museum_id`, `c`.`name` AS `c_name`, `c`.`description` AS `c_description`, `c`.`price` AS `c_price`, `c`.`image` AS `c_image`, `c`.`category` AS `c_category`, `c`.`is_active` AS `c_is_active`, `c`.`created_at` AS `c_created_at`, `c`.`updated_at` AS `c_updated_at` FROM `museum_creative_product` `c` WHERE `c`.`is_active` = ? ORDER BY `c`.`id` ASC LIMIT 500 OFFSET 0 -- PARAMETERS: [true]
query: SELECT `h`.`id` AS `h_id`, `h`.`hall_id` AS `h_hall_id`, `h`.`museum_id` AS `h_museum_id`, `h`.`name` AS `h_name`, `h`.`icon` AS `h_icon`, `h`.`category` AS `h_category`, `h`.`cover_image` AS `h_cover_image`, `h`.`introduction` AS `h_introduction`, `h`.`stats` AS `h_stats`, `h`.`location` AS `h_location`, `h`.`open_time` AS `h_open_time`, `h`.`duration` AS `h_duration`, `h`.`ticket` AS `h_ticket`, `h`.`artifacts` AS `h_artifacts`, `h`.`exhibitions` AS `h_exhibitions`, `h`.`recommendations` AS `h_recommendations`, `h`.`is_active` AS `h_is_active`, `h`.`created_at` AS `h_created_at`, `h`.`updated_at` AS `h_updated_at` FROM `museum_exhibition_hall` `h` WHERE `h`.`is_active` = ? ORDER BY `h`.`id` ASC LIMIT 500 OFFSET 0 -- PARAMETERS: [true]
query: SELECT `m`.`id` AS `m_id`, `m`.`name` AS `m_name`, `m`.`province` AS `m_province`, `m`.`type` AS `m_type`, `m`.`image` AS `m_image`, `m`.`description` AS `m_description`, `m`.`artifacts_count` AS `m_artifacts_count`, `m`.`exhibitions_count` AS `m_exhibitions_count`, `m`.`visitors` AS `m_visitors`, `m`.`features` AS `m_features`, `m`.`is_active` AS `m_is_active`, `m`.`created_at` AS `m_created_at`, `m`.`updated_at` AS `m_updated_at` FROM `museum` `m` WHERE `m`.`is_active` = ? ORDER BY `m`.`id` ASC LIMIT 200 OFFSET 0 -- PARAMETERS: [true]
query: SELECT `a`.`id` AS `a_id`, `a`.`museum_id` AS `a_museum_id`, `a`.`name` AS `a_name`, `a`.`period` AS `a_period`, `a`.`image` AS `a_image`, `a`.`description` AS `a_description`, `a`.`category` AS `a_category`, `a`.`basic_info` AS `a_basic_info`, `a`.`appearance` AS `a_appearance`, `a`.`historical_value` AS `a_historical_value`, `a`.`is_active` AS `a_is_active`, `a`.`created_at` AS `a_created_at`, `a`.`updated_at` AS `a_updated_at` FROM `museum_artifact` `a` WHERE `a`.`is_active` = ? ORDER BY `a`.`id` ASC LIMIT 500 OFFSET 0 -- PARAMETERS: [true]
query: SELECT `e`.`id` AS `e_id`, `e`.`museum_id` AS `e_museum_id`, `e`.`title` AS `e_title`, `e`.`description` AS `e_description`, `e`.`date` AS `e_date`, `e`.`image` AS `e_image`, `e`.`location` AS `e_location`, `e`.`category` AS `e_category`, `e`.`status` AS `e_status`, `e`.`status_text` AS `e_status_text`, `e`.`tags` AS `e_tags`, `e`.`curator` AS `e_curator`, `e`.`scale` AS `e_scale`, `e`.`visitors` AS `e_visitors`, `e`.`background` AS `e_background`, `e`.`is_active` AS `e_is_active`, `e`.`created_at` AS `e_created_at`, `e`.`updated_at` AS `e_updated_at` FROM `museum_exhibition` `e` WHERE `e`.`is_active` = ? ORDER BY `e`.`id` ASC LIMIT 500 OFFSET 0 -- PARAMETERS: [true]
query: SELECT `a`.`id` AS `a_id`, `a`.`museum_id` AS `a_museum_id`, `a`.`title` AS `a_title`, `a`.`description` AS `a_description`, `a`.`date` AS `a_date`, `a`.`time` AS `a_time`, `a`.`location` AS `a_location`, `a`.`image` AS `a_image`, `a`.`is_active` AS `a_is_active`, `a`.`created_at` AS `a_created_at`, `a`.`updated_at` AS `a_updated_at` FROM `museum_activity` `a` WHERE `a`.`is_active` = ? ORDER BY `a`.`id` ASC LIMIT 500 OFFSET 0 -- PARAMETERS: [true]
query: SELECT `n`.`id` AS `n_id`, `n`.`museum_id` AS `n_museum_id`, `n`.`title` AS `n_title`, `n`.`description` AS `n_description`, `n`.`date` AS `n_date`, `n`.`image` AS `n_image`, `n`.`is_active` AS `n_is_active`, `n`.`created_at` AS `n_created_at`, `n`.`updated_at` AS `n_updated_at` FROM `museum_news` `n` WHERE `n`.`is_active` = ? ORDER BY `n`.`id` ASC LIMIT 500 OFFSET 0 -- PARAMETERS: [true]
query: SELECT `i`.`id` AS `i_id`, `i`.`museum_id` AS `i_museum_id`, `i`.`title` AS `i_title`, `i`.`description` AS `i_description`, `i`.`image` AS `i_image`, `i`.`is_active` AS `i_is_active`, `i`.`created_at` AS `i_created_at`, `i`.`updated_at` AS `i_updated_at` FROM `museum_immersive` `i` WHERE `i`.`is_active` = ? ORDER BY `i`.`id` ASC LIMIT 500 OFFSET 0 -- PARAMETERS: [true]
query: SELECT `r`.`id` AS `r_id`, `r`.`museum_id` AS `r_museum_id`, `r`.`title` AS `r_title`, `r`.`author` AS `r_author`, `r`.`date` AS `r_date`, `r`.`type` AS `r_type`, `r`.`description` AS `r_description`, `r`.`link` AS `r_link`, `r`.`is_active` AS `r_is_active`, `r`.`created_at` AS `r_created_at`, `r`.`updated_at` AS `r_updated_at` FROM `museum_academic_resource` `r` WHERE `r`.`is_active` = ? ORDER BY `r`.`id` ASC LIMIT 500 OFFSET 0 -- PARAMETERS: [true]
query: SELECT `c`.`id` AS `c_id`, `c`.`museum_id` AS `c_museum_id`, `c`.`name` AS `c_name`, `c`.`description` AS `c_description`, `c`.`price` AS `c_price`, `c`.`image` AS `c_image`, `c`.`category` AS `c_category`, `c`.`is_active` AS `c_is_active`, `c`.`created_at` AS `c_created_at`, `c`.`updated_at` AS `c_updated_at` FROM `museum_creative_product` `c` WHERE `c`.`is_active` = ? ORDER BY `c`.`id` ASC LIMIT 500 OFFSET 0 -- PARAMETERS: [true]
query: SELECT `h`.`id` AS `h_id`, `h`.`hall_id` AS `h_hall_id`, `h`.`museum_id` AS `h_museum_id`, `h`.`name` AS `h_name`, `h`.`icon` AS `h_icon`, `h`.`category` AS `h_category`, `h`.`cover_image` AS `h_cover_image`, `h`.`introduction` AS `h_introduction`, `h`.`stats` AS `h_stats`, `h`.`location` AS `h_location`, `h`.`open_time` AS `h_open_time`, `h`.`duration` AS `h_duration`, `h`.`ticket` AS `h_ticket`, `h`.`artifacts` AS `h_artifacts`, `h`.`exhibitions` AS `h_exhibitions`, `h`.`recommendations` AS `h_recommendations`, `h`.`is_active` AS `h_is_active`, `h`.`created_at` AS `h_created_at`, `h`.`updated_at` AS `h_updated_at` FROM `museum_exhibition_hall` `h` WHERE `h`.`is_active` = ? ORDER BY `h`.`id` ASC LIMIT 500 OFFSET 0 -- PARAMETERS: [true]
[2J[3J[H[[90m16:57:41[0m] File change detected. Starting incremental compilation...

query: SELECT `m`.`id` AS `m_id`, `m`.`name` AS `m_name`, `m`.`province` AS `m_province`, `m`.`type` AS `m_type`, `m`.`image` AS `m_image`, `m`.`description` AS `m_description`, `m`.`artifacts_count` AS `m_artifacts_count`, `m`.`exhibitions_count` AS `m_exhibitions_count`, `m`.`visitors` AS `m_visitors`, `m`.`features` AS `m_features`, `m`.`is_active` AS `m_is_active`, `m`.`created_at` AS `m_created_at`, `m`.`updated_at` AS `m_updated_at` FROM `museum` `m` WHERE `m`.`is_active` = ? ORDER BY `m`.`id` ASC LIMIT 200 OFFSET 0 -- PARAMETERS: [true]
query: SELECT `a`.`id` AS `a_id`, `a`.`museum_id` AS `a_museum_id`, `a`.`name` AS `a_name`, `a`.`period` AS `a_period`, `a`.`image` AS `a_image`, `a`.`description` AS `a_description`, `a`.`category` AS `a_category`, `a`.`basic_info` AS `a_basic_info`, `a`.`appearance` AS `a_appearance`, `a`.`historical_value` AS `a_historical_value`, `a`.`is_active` AS `a_is_active`, `a`.`created_at` AS `a_created_at`, `a`.`updated_at` AS `a_updated_at` FROM `museum_artifact` `a` WHERE `a`.`is_active` = ? ORDER BY `a`.`id` ASC LIMIT 500 OFFSET 0 -- PARAMETERS: [true]
query: SELECT `e`.`id` AS `e_id`, `e`.`museum_id` AS `e_museum_id`, `e`.`title` AS `e_title`, `e`.`description` AS `e_description`, `e`.`date` AS `e_date`, `e`.`image` AS `e_image`, `e`.`location` AS `e_location`, `e`.`category` AS `e_category`, `e`.`status` AS `e_status`, `e`.`status_text` AS `e_status_text`, `e`.`tags` AS `e_tags`, `e`.`curator` AS `e_curator`, `e`.`scale` AS `e_scale`, `e`.`visitors` AS `e_visitors`, `e`.`background` AS `e_background`, `e`.`is_active` AS `e_is_active`, `e`.`created_at` AS `e_created_at`, `e`.`updated_at` AS `e_updated_at` FROM `museum_exhibition` `e` WHERE `e`.`is_active` = ? ORDER BY `e`.`id` ASC LIMIT 500 OFFSET 0 -- PARAMETERS: [true]
query: SELECT `a`.`id` AS `a_id`, `a`.`museum_id` AS `a_museum_id`, `a`.`title` AS `a_title`, `a`.`description` AS `a_description`, `a`.`date` AS `a_date`, `a`.`time` AS `a_time`, `a`.`location` AS `a_location`, `a`.`image` AS `a_image`, `a`.`is_active` AS `a_is_active`, `a`.`created_at` AS `a_created_at`, `a`.`updated_at` AS `a_updated_at` FROM `museum_activity` `a` WHERE `a`.`is_active` = ? ORDER BY `a`.`id` ASC LIMIT 500 OFFSET 0 -- PARAMETERS: [true]
query: SELECT `n`.`id` AS `n_id`, `n`.`museum_id` AS `n_museum_id`, `n`.`title` AS `n_title`, `n`.`description` AS `n_description`, `n`.`date` AS `n_date`, `n`.`image` AS `n_image`, `n`.`is_active` AS `n_is_active`, `n`.`created_at` AS `n_created_at`, `n`.`updated_at` AS `n_updated_at` FROM `museum_news` `n` WHERE `n`.`is_active` = ? ORDER BY `n`.`id` ASC LIMIT 500 OFFSET 0 -- PARAMETERS: [true]
query: SELECT `i`.`id` AS `i_id`, `i`.`museum_id` AS `i_museum_id`, `i`.`title` AS `i_title`, `i`.`description` AS `i_description`, `i`.`image` AS `i_image`, `i`.`is_active` AS `i_is_active`, `i`.`created_at` AS `i_created_at`, `i`.`updated_at` AS `i_updated_at` FROM `museum_immersive` `i` WHERE `i`.`is_active` = ? ORDER BY `i`.`id` ASC LIMIT 500 OFFSET 0 -- PARAMETERS: [true]
query: SELECT `c`.`id` AS `c_id`, `c`.`museum_id` AS `c_museum_id`, `c`.`name` AS `c_name`, `c`.`description` AS `c_description`, `c`.`price` AS `c_price`, `c`.`image` AS `c_image`, `c`.`category` AS `c_category`, `c`.`is_active` AS `c_is_active`, `c`.`created_at` AS `c_created_at`, `c`.`updated_at` AS `c_updated_at` FROM `museum_creative_product` `c` WHERE `c`.`is_active` = ? ORDER BY `c`.`id` ASC LIMIT 500 OFFSET 0 -- PARAMETERS: [true]
query: SELECT `r`.`id` AS `r_id`, `r`.`museum_id` AS `r_museum_id`, `r`.`title` AS `r_title`, `r`.`author` AS `r_author`, `r`.`date` AS `r_date`, `r`.`type` AS `r_type`, `r`.`description` AS `r_description`, `r`.`link` AS `r_link`, `r`.`is_active` AS `r_is_active`, `r`.`created_at` AS `r_created_at`, `r`.`updated_at` AS `r_updated_at` FROM `museum_academic_resource` `r` WHERE `r`.`is_active` = ? ORDER BY `r`.`id` ASC LIMIT 500 OFFSET 0 -- PARAMETERS: [true]
query: SELECT `h`.`id` AS `h_id`, `h`.`hall_id` AS `h_hall_id`, `h`.`museum_id` AS `h_museum_id`, `h`.`name` AS `h_name`, `h`.`icon` AS `h_icon`, `h`.`category` AS `h_category`, `h`.`cover_image` AS `h_cover_image`, `h`.`introduction` AS `h_introduction`, `h`.`stats` AS `h_stats`, `h`.`location` AS `h_location`, `h`.`open_time` AS `h_open_time`, `h`.`duration` AS `h_duration`, `h`.`ticket` AS `h_ticket`, `h`.`artifacts` AS `h_artifacts`, `h`.`exhibitions` AS `h_exhibitions`, `h`.`recommendations` AS `h_recommendations`, `h`.`is_active` AS `h_is_active`, `h`.`created_at` AS `h_created_at`, `h`.`updated_at` AS `h_updated_at` FROM `museum_exhibition_hall` `h` WHERE `h`.`is_active` = ? ORDER BY `h`.`id` ASC LIMIT 500 OFFSET 0 -- PARAMETERS: [true]
query: SELECT `m`.`id` AS `m_id`, `m`.`name` AS `m_name`, `m`.`province` AS `m_province`, `m`.`type` AS `m_type`, `m`.`image` AS `m_image`, `m`.`description` AS `m_description`, `m`.`artifacts_count` AS `m_artifacts_count`, `m`.`exhibitions_count` AS `m_exhibitions_count`, `m`.`visitors` AS `m_visitors`, `m`.`features` AS `m_features`, `m`.`is_active` AS `m_is_active`, `m`.`created_at` AS `m_created_at`, `m`.`updated_at` AS `m_updated_at` FROM `museum` `m` WHERE `m`.`is_active` = ? ORDER BY `m`.`id` ASC LIMIT 200 OFFSET 0 -- PARAMETERS: [true]
query: SELECT `a`.`id` AS `a_id`, `a`.`museum_id` AS `a_museum_id`, `a`.`name` AS `a_name`, `a`.`period` AS `a_period`, `a`.`image` AS `a_image`, `a`.`description` AS `a_description`, `a`.`category` AS `a_category`, `a`.`basic_info` AS `a_basic_info`, `a`.`appearance` AS `a_appearance`, `a`.`historical_value` AS `a_historical_value`, `a`.`is_active` AS `a_is_active`, `a`.`created_at` AS `a_created_at`, `a`.`updated_at` AS `a_updated_at` FROM `museum_artifact` `a` WHERE `a`.`is_active` = ? ORDER BY `a`.`id` ASC LIMIT 500 OFFSET 0 -- PARAMETERS: [true]
query: SELECT `e`.`id` AS `e_id`, `e`.`museum_id` AS `e_museum_id`, `e`.`title` AS `e_title`, `e`.`description` AS `e_description`, `e`.`date` AS `e_date`, `e`.`image` AS `e_image`, `e`.`location` AS `e_location`, `e`.`category` AS `e_category`, `e`.`status` AS `e_status`, `e`.`status_text` AS `e_status_text`, `e`.`tags` AS `e_tags`, `e`.`curator` AS `e_curator`, `e`.`scale` AS `e_scale`, `e`.`visitors` AS `e_visitors`, `e`.`background` AS `e_background`, `e`.`is_active` AS `e_is_active`, `e`.`created_at` AS `e_created_at`, `e`.`updated_at` AS `e_updated_at` FROM `museum_exhibition` `e` WHERE `e`.`is_active` = ? ORDER BY `e`.`id` ASC LIMIT 500 OFFSET 0 -- PARAMETERS: [true]
query: SELECT `a`.`id` AS `a_id`, `a`.`museum_id` AS `a_museum_id`, `a`.`title` AS `a_title`, `a`.`description` AS `a_description`, `a`.`date` AS `a_date`, `a`.`time` AS `a_time`, `a`.`location` AS `a_location`, `a`.`image` AS `a_image`, `a`.`is_active` AS `a_is_active`, `a`.`created_at` AS `a_created_at`, `a`.`updated_at` AS `a_updated_at` FROM `museum_activity` `a` WHERE `a`.`is_active` = ? ORDER BY `a`.`id` ASC LIMIT 500 OFFSET 0 -- PARAMETERS: [true]
query: SELECT `n`.`id` AS `n_id`, `n`.`museum_id` AS `n_museum_id`, `n`.`title` AS `n_title`, `n`.`description` AS `n_description`, `n`.`date` AS `n_date`, `n`.`image` AS `n_image`, `n`.`is_active` AS `n_is_active`, `n`.`created_at` AS `n_created_at`, `n`.`updated_at` AS `n_updated_at` FROM `museum_news` `n` WHERE `n`.`is_active` = ? ORDER BY `n`.`id` ASC LIMIT 500 OFFSET 0 -- PARAMETERS: [true]
query: SELECT `i`.`id` AS `i_id`, `i`.`museum_id` AS `i_museum_id`, `i`.`title` AS `i_title`, `i`.`description` AS `i_description`, `i`.`image` AS `i_image`, `i`.`is_active` AS `i_is_active`, `i`.`created_at` AS `i_created_at`, `i`.`updated_at` AS `i_updated_at` FROM `museum_immersive` `i` WHERE `i`.`is_active` = ? ORDER BY `i`.`id` ASC LIMIT 500 OFFSET 0 -- PARAMETERS: [true]
query: SELECT `c`.`id` AS `c_id`, `c`.`museum_id` AS `c_museum_id`, `c`.`name` AS `c_name`, `c`.`description` AS `c_description`, `c`.`price` AS `c_price`, `c`.`image` AS `c_image`, `c`.`category` AS `c_category`, `c`.`is_active` AS `c_is_active`, `c`.`created_at` AS `c_created_at`, `c`.`updated_at` AS `c_updated_at` FROM `museum_creative_product` `c` WHERE `c`.`is_active` = ? ORDER BY `c`.`id` ASC LIMIT 500 OFFSET 0 -- PARAMETERS: [true]
query: SELECT `r`.`id` AS `r_id`, `r`.`museum_id` AS `r_museum_id`, `r`.`title` AS `r_title`, `r`.`author` AS `r_author`, `r`.`date` AS `r_date`, `r`.`type` AS `r_type`, `r`.`description` AS `r_description`, `r`.`link` AS `r_link`, `r`.`is_active` AS `r_is_active`, `r`.`created_at` AS `r_created_at`, `r`.`updated_at` AS `r_updated_at` FROM `museum_academic_resource` `r` WHERE `r`.`is_active` = ? ORDER BY `r`.`id` ASC LIMIT 500 OFFSET 0 -- PARAMETERS: [true]
query: SELECT `h`.`id` AS `h_id`, `h`.`hall_id` AS `h_hall_id`, `h`.`museum_id` AS `h_museum_id`, `h`.`name` AS `h_name`, `h`.`icon` AS `h_icon`, `h`.`category` AS `h_category`, `h`.`cover_image` AS `h_cover_image`, `h`.`introduction` AS `h_introduction`, `h`.`stats` AS `h_stats`, `h`.`location` AS `h_location`, `h`.`open_time` AS `h_open_time`, `h`.`duration` AS `h_duration`, `h`.`ticket` AS `h_ticket`, `h`.`artifacts` AS `h_artifacts`, `h`.`exhibitions` AS `h_exhibitions`, `h`.`recommendations` AS `h_recommendations`, `h`.`is_active` AS `h_is_active`, `h`.`created_at` AS `h_created_at`, `h`.`updated_at` AS `h_updated_at` FROM `museum_exhibition_hall` `h` WHERE `h`.`is_active` = ? ORDER BY `h`.`id` ASC LIMIT 500 OFFSET 0 -- PARAMETERS: [true]
query: SELECT COUNT(1) AS `cnt` FROM `landscape_photographer` `t`
query: SELECT `t`.`id` AS `t_id`, `t`.`name` AS `t_name`, `t`.`category` AS `t_category`, `t`.`location` AS `t_location`, `t`.`verified` AS `t_verified`, `t`.`data` AS `t_data`, `t`.`created_at` AS `t_created_at` FROM `landscape_photographer` `t` ORDER BY `t`.`id` ASC LIMIT 200 OFFSET 0
query: SELECT COUNT(1) AS `cnt` FROM `landscape_image` `t`
query: SELECT COUNT(1) AS `cnt` FROM `landscape_video` `t`
query: SELECT COUNT(1) AS `cnt` FROM `landscape_guide` `t`
query: SELECT `t`.`id` AS `t_id`, `t`.`category` AS `t_category`, `t`.`location` AS `t_location`, `t`.`author_id` AS `t_author_id`, `t`.`data` AS `t_data`, `t`.`created_at` AS `t_created_at` FROM `landscape_image` `t` ORDER BY `t`.`id` ASC LIMIT 200 OFFSET 0
query: SELECT `t`.`id` AS `t_id`, `t`.`category` AS `t_category`, `t`.`location` AS `t_location`, `t`.`author_id` AS `t_author_id`, `t`.`data` AS `t_data`, `t`.`created_at` AS `t_created_at` FROM `landscape_video` `t` ORDER BY `t`.`id` ASC LIMIT 200 OFFSET 0
query: SELECT `t`.`id` AS `t_id`, `t`.`title` AS `t_title`, `t`.`category` AS `t_category`, `t`.`location` AS `t_location`, `t`.`author_id` AS `t_author_id`, `t`.`difficulty` AS `t_difficulty`, `t`.`data` AS `t_data`, `t`.`created_at` AS `t_created_at` FROM `landscape_guide` `t` ORDER BY `t`.`id` ASC LIMIT 200 OFFSET 0
query: SELECT COUNT(1) AS `cnt` FROM `landscape_hot_topic` `t`
query: SELECT `t`.`id` AS `t_id`, `t`.`title` AS `t_title`, `t`.`category` AS `t_category`, `t`.`data` AS `t_data`, `t`.`created_at` AS `t_created_at` FROM `landscape_hot_topic` `t` ORDER BY `t`.`id` ASC LIMIT 200 OFFSET 0
query: SELECT COUNT(1) AS `cnt` FROM `landscape_popular_destination` `t`
query: SELECT `t`.`id` AS `t_id`, `t`.`name` AS `t_name`, `t`.`country` AS `t_country`, `t`.`data` AS `t_data`, `t`.`created_at` AS `t_created_at` FROM `landscape_popular_destination` `t` ORDER BY `t`.`id` ASC LIMIT 200 OFFSET 0
query: SELECT `m`.`id` AS `m_id`, `m`.`name` AS `m_name`, `m`.`province` AS `m_province`, `m`.`type` AS `m_type`, `m`.`image` AS `m_image`, `m`.`description` AS `m_description`, `m`.`artifacts_count` AS `m_artifacts_count`, `m`.`exhibitions_count` AS `m_exhibitions_count`, `m`.`visitors` AS `m_visitors`, `m`.`features` AS `m_features`, `m`.`is_active` AS `m_is_active`, `m`.`created_at` AS `m_created_at`, `m`.`updated_at` AS `m_updated_at` FROM `museum` `m` WHERE `m`.`is_active` = ? ORDER BY `m`.`id` ASC LIMIT 200 OFFSET 0 -- PARAMETERS: [true]
query: SELECT `a`.`id` AS `a_id`, `a`.`museum_id` AS `a_museum_id`, `a`.`name` AS `a_name`, `a`.`period` AS `a_period`, `a`.`image` AS `a_image`, `a`.`description` AS `a_description`, `a`.`category` AS `a_category`, `a`.`basic_info` AS `a_basic_info`, `a`.`appearance` AS `a_appearance`, `a`.`historical_value` AS `a_historical_value`, `a`.`is_active` AS `a_is_active`, `a`.`created_at` AS `a_created_at`, `a`.`updated_at` AS `a_updated_at` FROM `museum_artifact` `a` WHERE `a`.`is_active` = ? ORDER BY `a`.`id` ASC LIMIT 500 OFFSET 0 -- PARAMETERS: [true]
query: SELECT `e`.`id` AS `e_id`, `e`.`museum_id` AS `e_museum_id`, `e`.`title` AS `e_title`, `e`.`description` AS `e_description`, `e`.`date` AS `e_date`, `e`.`image` AS `e_image`, `e`.`location` AS `e_location`, `e`.`category` AS `e_category`, `e`.`status` AS `e_status`, `e`.`status_text` AS `e_status_text`, `e`.`tags` AS `e_tags`, `e`.`curator` AS `e_curator`, `e`.`scale` AS `e_scale`, `e`.`visitors` AS `e_visitors`, `e`.`background` AS `e_background`, `e`.`is_active` AS `e_is_active`, `e`.`created_at` AS `e_created_at`, `e`.`updated_at` AS `e_updated_at` FROM `museum_exhibition` `e` WHERE `e`.`is_active` = ? ORDER BY `e`.`id` ASC LIMIT 500 OFFSET 0 -- PARAMETERS: [true]
query: SELECT `a`.`id` AS `a_id`, `a`.`museum_id` AS `a_museum_id`, `a`.`title` AS `a_title`, `a`.`description` AS `a_description`, `a`.`date` AS `a_date`, `a`.`time` AS `a_time`, `a`.`location` AS `a_location`, `a`.`image` AS `a_image`, `a`.`is_active` AS `a_is_active`, `a`.`created_at` AS `a_created_at`, `a`.`updated_at` AS `a_updated_at` FROM `museum_activity` `a` WHERE `a`.`is_active` = ? ORDER BY `a`.`id` ASC LIMIT 500 OFFSET 0 -- PARAMETERS: [true]
query: SELECT `i`.`id` AS `i_id`, `i`.`museum_id` AS `i_museum_id`, `i`.`title` AS `i_title`, `i`.`description` AS `i_description`, `i`.`image` AS `i_image`, `i`.`is_active` AS `i_is_active`, `i`.`created_at` AS `i_created_at`, `i`.`updated_at` AS `i_updated_at` FROM `museum_immersive` `i` WHERE `i`.`is_active` = ? ORDER BY `i`.`id` ASC LIMIT 500 OFFSET 0 -- PARAMETERS: [true]
query: SELECT `n`.`id` AS `n_id`, `n`.`museum_id` AS `n_museum_id`, `n`.`title` AS `n_title`, `n`.`description` AS `n_description`, `n`.`date` AS `n_date`, `n`.`image` AS `n_image`, `n`.`is_active` AS `n_is_active`, `n`.`created_at` AS `n_created_at`, `n`.`updated_at` AS `n_updated_at` FROM `museum_news` `n` WHERE `n`.`is_active` = ? ORDER BY `n`.`id` ASC LIMIT 500 OFFSET 0 -- PARAMETERS: [true]
query: SELECT `h`.`id` AS `h_id`, `h`.`hall_id` AS `h_hall_id`, `h`.`museum_id` AS `h_museum_id`, `h`.`name` AS `h_name`, `h`.`icon` AS `h_icon`, `h`.`category` AS `h_category`, `h`.`cover_image` AS `h_cover_image`, `h`.`introduction` AS `h_introduction`, `h`.`stats` AS `h_stats`, `h`.`location` AS `h_location`, `h`.`open_time` AS `h_open_time`, `h`.`duration` AS `h_duration`, `h`.`ticket` AS `h_ticket`, `h`.`artifacts` AS `h_artifacts`, `h`.`exhibitions` AS `h_exhibitions`, `h`.`recommendations` AS `h_recommendations`, `h`.`is_active` AS `h_is_active`, `h`.`created_at` AS `h_created_at`, `h`.`updated_at` AS `h_updated_at` FROM `museum_exhibition_hall` `h` WHERE `h`.`is_active` = ? ORDER BY `h`.`id` ASC LIMIT 500 OFFSET 0 -- PARAMETERS: [true]
query: SELECT `r`.`id` AS `r_id`, `r`.`museum_id` AS `r_museum_id`, `r`.`title` AS `r_title`, `r`.`author` AS `r_author`, `r`.`date` AS `r_date`, `r`.`type` AS `r_type`, `r`.`description` AS `r_description`, `r`.`link` AS `r_link`, `r`.`is_active` AS `r_is_active`, `r`.`created_at` AS `r_created_at`, `r`.`updated_at` AS `r_updated_at` FROM `museum_academic_resource` `r` WHERE `r`.`is_active` = ? ORDER BY `r`.`id` ASC LIMIT 500 OFFSET 0 -- PARAMETERS: [true]
query: SELECT `c`.`id` AS `c_id`, `c`.`museum_id` AS `c_museum_id`, `c`.`name` AS `c_name`, `c`.`description` AS `c_description`, `c`.`price` AS `c_price`, `c`.`image` AS `c_image`, `c`.`category` AS `c_category`, `c`.`is_active` AS `c_is_active`, `c`.`created_at` AS `c_created_at`, `c`.`updated_at` AS `c_updated_at` FROM `museum_creative_product` `c` WHERE `c`.`is_active` = ? ORDER BY `c`.`id` ASC LIMIT 500 OFFSET 0 -- PARAMETERS: [true]
query: SELECT `a`.`id` AS `a_id`, `a`.`museum_id` AS `a_museum_id`, `a`.`name` AS `a_name`, `a`.`period` AS `a_period`, `a`.`image` AS `a_image`, `a`.`description` AS `a_description`, `a`.`category` AS `a_category`, `a`.`basic_info` AS `a_basic_info`, `a`.`appearance` AS `a_appearance`, `a`.`historical_value` AS `a_historical_value`, `a`.`is_active` AS `a_is_active`, `a`.`created_at` AS `a_created_at`, `a`.`updated_at` AS `a_updated_at` FROM `museum_artifact` `a` WHERE `a`.`is_active` = ? ORDER BY `a`.`id` ASC LIMIT 500 OFFSET 0 -- PARAMETERS: [true]
query: SELECT `m`.`id` AS `m_id`, `m`.`name` AS `m_name`, `m`.`province` AS `m_province`, `m`.`type` AS `m_type`, `m`.`image` AS `m_image`, `m`.`description` AS `m_description`, `m`.`artifacts_count` AS `m_artifacts_count`, `m`.`exhibitions_count` AS `m_exhibitions_count`, `m`.`visitors` AS `m_visitors`, `m`.`features` AS `m_features`, `m`.`is_active` AS `m_is_active`, `m`.`created_at` AS `m_created_at`, `m`.`updated_at` AS `m_updated_at` FROM `museum` `m` WHERE `m`.`is_active` = ? ORDER BY `m`.`id` ASC LIMIT 200 OFFSET 0 -- PARAMETERS: [true]
query: SELECT `e`.`id` AS `e_id`, `e`.`museum_id` AS `e_museum_id`, `e`.`title` AS `e_title`, `e`.`description` AS `e_description`, `e`.`date` AS `e_date`, `e`.`image` AS `e_image`, `e`.`location` AS `e_location`, `e`.`category` AS `e_category`, `e`.`status` AS `e_status`, `e`.`status_text` AS `e_status_text`, `e`.`tags` AS `e_tags`, `e`.`curator` AS `e_curator`, `e`.`scale` AS `e_scale`, `e`.`visitors` AS `e_visitors`, `e`.`background` AS `e_background`, `e`.`is_active` AS `e_is_active`, `e`.`created_at` AS `e_created_at`, `e`.`updated_at` AS `e_updated_at` FROM `museum_exhibition` `e` WHERE `e`.`is_active` = ? ORDER BY `e`.`id` ASC LIMIT 500 OFFSET 0 -- PARAMETERS: [true]
query: SELECT `a`.`id` AS `a_id`, `a`.`museum_id` AS `a_museum_id`, `a`.`title` AS `a_title`, `a`.`description` AS `a_description`, `a`.`date` AS `a_date`, `a`.`time` AS `a_time`, `a`.`location` AS `a_location`, `a`.`image` AS `a_image`, `a`.`is_active` AS `a_is_active`, `a`.`created_at` AS `a_created_at`, `a`.`updated_at` AS `a_updated_at` FROM `museum_activity` `a` WHERE `a`.`is_active` = ? ORDER BY `a`.`id` ASC LIMIT 500 OFFSET 0 -- PARAMETERS: [true]
query: SELECT `i`.`id` AS `i_id`, `i`.`museum_id` AS `i_museum_id`, `i`.`title` AS `i_title`, `i`.`description` AS `i_description`, `i`.`image` AS `i_image`, `i`.`is_active` AS `i_is_active`, `i`.`created_at` AS `i_created_at`, `i`.`updated_at` AS `i_updated_at` FROM `museum_immersive` `i` WHERE `i`.`is_active` = ? ORDER BY `i`.`id` ASC LIMIT 500 OFFSET 0 -- PARAMETERS: [true]
query: SELECT `n`.`id` AS `n_id`, `n`.`museum_id` AS `n_museum_id`, `n`.`title` AS `n_title`, `n`.`description` AS `n_description`, `n`.`date` AS `n_date`, `n`.`image` AS `n_image`, `n`.`is_active` AS `n_is_active`, `n`.`created_at` AS `n_created_at`, `n`.`updated_at` AS `n_updated_at` FROM `museum_news` `n` WHERE `n`.`is_active` = ? ORDER BY `n`.`id` ASC LIMIT 500 OFFSET 0 -- PARAMETERS: [true]
query: SELECT `r`.`id` AS `r_id`, `r`.`museum_id` AS `r_museum_id`, `r`.`title` AS `r_title`, `r`.`author` AS `r_author`, `r`.`date` AS `r_date`, `r`.`type` AS `r_type`, `r`.`description` AS `r_description`, `r`.`link` AS `r_link`, `r`.`is_active` AS `r_is_active`, `r`.`created_at` AS `r_created_at`, `r`.`updated_at` AS `r_updated_at` FROM `museum_academic_resource` `r` WHERE `r`.`is_active` = ? ORDER BY `r`.`id` ASC LIMIT 500 OFFSET 0 -- PARAMETERS: [true]
query: SELECT `c`.`id` AS `c_id`, `c`.`museum_id` AS `c_museum_id`, `c`.`name` AS `c_name`, `c`.`description` AS `c_description`, `c`.`price` AS `c_price`, `c`.`image` AS `c_image`, `c`.`category` AS `c_category`, `c`.`is_active` AS `c_is_active`, `c`.`created_at` AS `c_created_at`, `c`.`updated_at` AS `c_updated_at` FROM `museum_creative_product` `c` WHERE `c`.`is_active` = ? ORDER BY `c`.`id` ASC LIMIT 500 OFFSET 0 -- PARAMETERS: [true]
query: SELECT `h`.`id` AS `h_id`, `h`.`hall_id` AS `h_hall_id`, `h`.`museum_id` AS `h_museum_id`, `h`.`name` AS `h_name`, `h`.`icon` AS `h_icon`, `h`.`category` AS `h_category`, `h`.`cover_image` AS `h_cover_image`, `h`.`introduction` AS `h_introduction`, `h`.`stats` AS `h_stats`, `h`.`location` AS `h_location`, `h`.`open_time` AS `h_open_time`, `h`.`duration` AS `h_duration`, `h`.`ticket` AS `h_ticket`, `h`.`artifacts` AS `h_artifacts`, `h`.`exhibitions` AS `h_exhibitions`, `h`.`recommendations` AS `h_recommendations`, `h`.`is_active` AS `h_is_active`, `h`.`created_at` AS `h_created_at`, `h`.`updated_at` AS `h_updated_at` FROM `museum_exhibition_hall` `h` WHERE `h`.`is_active` = ? ORDER BY `h`.`id` ASC LIMIT 500 OFFSET 0 -- PARAMETERS: [true]
query: SELECT `MuseumDetail`.`id` AS `MuseumDetail_id`, `MuseumDetail`.`museum_id` AS `MuseumDetail_museum_id`, `MuseumDetail`.`visit_info` AS `MuseumDetail_visit_info`, `MuseumDetail`.`history` AS `MuseumDetail_history`, `MuseumDetail`.`architecture` AS `MuseumDetail_architecture`, `MuseumDetail`.`highlights` AS `MuseumDetail_highlights`, `MuseumDetail`.`education` AS `MuseumDetail_education`, `MuseumDetail`.`is_active` AS `MuseumDetail_is_active`, `MuseumDetail`.`created_at` AS `MuseumDetail_created_at`, `MuseumDetail`.`updated_at` AS `MuseumDetail_updated_at` FROM `museum_detail` `MuseumDetail` WHERE ((`MuseumDetail`.`museum_id` = ?) AND (`MuseumDetail`.`is_active` = ?)) LIMIT 1 -- PARAMETERS: [1,true]
query: SELECT `MuseumDetail`.`id` AS `MuseumDetail_id`, `MuseumDetail`.`museum_id` AS `MuseumDetail_museum_id`, `MuseumDetail`.`visit_info` AS `MuseumDetail_visit_info`, `MuseumDetail`.`history` AS `MuseumDetail_history`, `MuseumDetail`.`architecture` AS `MuseumDetail_architecture`, `MuseumDetail`.`highlights` AS `MuseumDetail_highlights`, `MuseumDetail`.`education` AS `MuseumDetail_education`, `MuseumDetail`.`is_active` AS `MuseumDetail_is_active`, `MuseumDetail`.`created_at` AS `MuseumDetail_created_at`, `MuseumDetail`.`updated_at` AS `MuseumDetail_updated_at` FROM `museum_detail` `MuseumDetail` WHERE ((`MuseumDetail`.`museum_id` = ?) AND (`MuseumDetail`.`is_active` = ?)) LIMIT 1 -- PARAMETERS: [2,true]
query: SELECT `MuseumDetail`.`id` AS `MuseumDetail_id`, `MuseumDetail`.`museum_id` AS `MuseumDetail_museum_id`, `MuseumDetail`.`visit_info` AS `MuseumDetail_visit_info`, `MuseumDetail`.`history` AS `MuseumDetail_history`, `MuseumDetail`.`architecture` AS `MuseumDetail_architecture`, `MuseumDetail`.`highlights` AS `MuseumDetail_highlights`, `MuseumDetail`.`education` AS `MuseumDetail_education`, `MuseumDetail`.`is_active` AS `MuseumDetail_is_active`, `MuseumDetail`.`created_at` AS `MuseumDetail_created_at`, `MuseumDetail`.`updated_at` AS `MuseumDetail_updated_at` FROM `museum_detail` `MuseumDetail` WHERE ((`MuseumDetail`.`museum_id` = ?) AND (`MuseumDetail`.`is_active` = ?)) LIMIT 1 -- PARAMETERS: [3,true]
query: SELECT `MuseumDetail`.`id` AS `MuseumDetail_id`, `MuseumDetail`.`museum_id` AS `MuseumDetail_museum_id`, `MuseumDetail`.`visit_info` AS `MuseumDetail_visit_info`, `MuseumDetail`.`history` AS `MuseumDetail_history`, `MuseumDetail`.`architecture` AS `MuseumDetail_architecture`, `MuseumDetail`.`highlights` AS `MuseumDetail_highlights`, `MuseumDetail`.`education` AS `MuseumDetail_education`, `MuseumDetail`.`is_active` AS `MuseumDetail_is_active`, `MuseumDetail`.`created_at` AS `MuseumDetail_created_at`, `MuseumDetail`.`updated_at` AS `MuseumDetail_updated_at` FROM `museum_detail` `MuseumDetail` WHERE ((`MuseumDetail`.`museum_id` = ?) AND (`MuseumDetail`.`is_active` = ?)) LIMIT 1 -- PARAMETERS: [4,true]
query: SELECT `MuseumDetail`.`id` AS `MuseumDetail_id`, `MuseumDetail`.`museum_id` AS `MuseumDetail_museum_id`, `MuseumDetail`.`visit_info` AS `MuseumDetail_visit_info`, `MuseumDetail`.`history` AS `MuseumDetail_history`, `MuseumDetail`.`architecture` AS `MuseumDetail_architecture`, `MuseumDetail`.`highlights` AS `MuseumDetail_highlights`, `MuseumDetail`.`education` AS `MuseumDetail_education`, `MuseumDetail`.`is_active` AS `MuseumDetail_is_active`, `MuseumDetail`.`created_at` AS `MuseumDetail_created_at`, `MuseumDetail`.`updated_at` AS `MuseumDetail_updated_at` FROM `museum_detail` `MuseumDetail` WHERE ((`MuseumDetail`.`museum_id` = ?) AND (`MuseumDetail`.`is_active` = ?)) LIMIT 1 -- PARAMETERS: [18,true]
[2J[3J[H[[90m21:49:55[0m] File change detected. Starting incremental compilation...

[[90m21:49:55[0m] Found 0 errors. Watching for file changes.

[2J[3J[H[[90m21:49:56[0m] File change detected. Starting incremental compilation...

[[90m21:49:56[0m] Found 0 errors. Watching for file changes.

[2J[3J[H[[90m21:49:57[0m] File change detected. Starting incremental compilation...

[[90m21:49:57[0m] Found 0 errors. Watching for file changes.

[2J[3J[H[[90m21:49:58[0m] File change detected. Starting incremental compilation...

[[90m21:49:58[0m] Found 0 errors. Watching for file changes.

[2J[3J[H[[90m21:49:59[0m] File change detected. Starting incremental compilation...

[[90m21:49:59[0m] Found 0 errors. Watching for file changes.

[32m[Nest] 20688  - [39m2026/08/22 21:50:01 [32m    LOG[39m [38;5;3m[NestFactory] [39m[32mStarting Nest application...[39m
[32m[Nest] 20688  - [39m2026/08/22 21:50:01 [32m    LOG[39m [38;5;3m[InstanceLoader] [39m[32mTypeOrmModule dependencies initialized[39m[38;5;3m +20ms[39m
[32m[Nest] 20688  - [39m2026/08/22 21:50:01 [32m    LOG[39m [38;5;3m[InstanceLoader] [39m[32mThrottlerModule dependencies initialized[39m[38;5;3m +0ms[39m
[32m[Nest] 20688  - [39m2026/08/22 21:50:01 [32m    LOG[39m [38;5;3m[InstanceLoader] [39m[32mConfigHostModule dependencies initialized[39m[38;5;3m +1ms[39m
[32m[Nest] 20688  - [39m2026/08/22 21:50:01 [32m    LOG[39m [38;5;3m[InstanceLoader] [39m[32mAppModule dependencies initialized[39m[38;5;3m +0ms[39m
[32m[Nest] 20688  - [39m2026/08/22 21:50:01 [32m    LOG[39m [38;5;3m[InstanceLoader] [39m[32mConfigModule dependencies initialized[39m[38;5;3m +0ms[39m
[32m[Nest] 20688  - [39m2026/08/22 21:50:01 [32m    LOG[39m [38;5;3m[InstanceLoader] [39m[32mConfigModule dependencies initialized[39m[38;5;3m +0ms[39m
query: SELECT version()
[32m[Nest] 20688  - [39m2026/08/22 21:50:01 [32m    LOG[39m [38;5;3m[InstanceLoader] [39m[32mTypeOrmCoreModule dependencies initialized[39m[38;5;3m +151ms[39m
[32m[Nest] 20688  - [39m2026/08/22 21:50:01 [32m    LOG[39m [38;5;3m[InstanceLoader] [39m[32mTypeOrmModule dependencies initialized[39m[38;5;3m +1ms[39m
[32m[Nest] 20688  - [39m2026/08/22 21:50:01 [32m    LOG[39m [38;5;3m[InstanceLoader] [39m[32mTypeOrmModule dependencies initialized[39m[38;5;3m +0ms[39m
[32m[Nest] 20688  - [39m2026/08/22 21:50:01 [32m    LOG[39m [38;5;3m[InstanceLoader] [39m[32mTypeOrmModule dependencies initialized[39m[38;5;3m +0ms[39m
[32m[Nest] 20688  - [39m2026/08/22 21:50:01 [32m    LOG[39m [38;5;3m[InstanceLoader] [39m[32mTypeOrmModule dependencies initialized[39m[38;5;3m +0ms[39m
[32m[Nest] 20688  - [39m2026/08/22 21:50:01 [32m    LOG[39m [38;5;3m[InstanceLoader] [39m[32mTypeOrmModule dependencies initialized[39m[38;5;3m +0ms[39m
[32m[Nest] 20688  - [39m2026/08/22 21:50:01 [32m    LOG[39m [38;5;3m[InstanceLoader] [39m[32mTypeOrmModule dependencies initialized[39m[38;5;3m +0ms[39m
[32m[Nest] 20688  - [39m2026/08/22 21:50:01 [32m    LOG[39m [38;5;3m[InstanceLoader] [39m[32mTypeOrmModule dependencies initialized[39m[38;5;3m +0ms[39m
[32m[Nest] 20688  - [39m2026/08/22 21:50:01 [32m    LOG[39m [38;5;3m[InstanceLoader] [39m[32mGameModule dependencies initialized[39m[38;5;3m +1ms[39m
[32m[Nest] 20688  - [39m2026/08/22 21:50:01 [32m    LOG[39m [38;5;3m[InstanceLoader] [39m[32mHistoryModule dependencies initialized[39m[38;5;3m +0ms[39m
[32m[Nest] 20688  - [39m2026/08/22 21:50:01 [32m    LOG[39m [38;5;3m[InstanceLoader] [39m[32mLandscapeModule dependencies initialized[39m[38;5;3m +1ms[39m
[32m[Nest] 20688  - [39m2026/08/22 21:50:01 [32m    LOG[39m [38;5;3m[InstanceLoader] [39m[32mTravelGuideModule dependencies initialized[39m[38;5;3m +0ms[39m
[32m[Nest] 20688  - [39m2026/08/22 21:50:01 [32m    LOG[39m [38;5;3m[InstanceLoader] [39m[32mAphorismModule dependencies initialized[39m[38;5;3m +0ms[39m
[32m[Nest] 20688  - [39m2026/08/22 21:50:01 [32m    LOG[39m [38;5;3m[InstanceLoader] [39m[32mMuseumModule dependencies initialized[39m[38;5;3m +0ms[39m
[32m[Nest] 20688  - [39m2026/08/22 21:50:01 [32m    LOG[39m [38;5;3m[InstanceLoader] [39m[32mMusicModule dependencies initialized[39m[38;5;3m +0ms[39m
[32m[Nest] 20688  - [39m2026/08/22 21:50:01 [32m    LOG[39m [38;5;3m[RoutesResolver] [39m[32mAphorismController {/api/aphorism}:[39m[38;5;3m +26ms[39m
[32m[Nest] 20688  - [39m2026/08/22 21:50:01 [32m    LOG[39m [38;5;3m[RouterExplorer] [39m[32mMapped {/api/aphorism, GET} route[39m[38;5;3m +2ms[39m
[32m[Nest] 20688  - [39m2026/08/22 21:50:01 [32m    LOG[39m [38;5;3m[RouterExplorer] [39m[32mMapped {/api/aphorism/featured, GET} route[39m[38;5;3m +0ms[39m
[32m[Nest] 20688  - [39m2026/08/22 21:50:01 [32m    LOG[39m [38;5;3m[RouterExplorer] [39m[32mMapped {/api/aphorism/categories, GET} route[39m[38;5;3m +1ms[39m
[32m[Nest] 20688  - [39m2026/08/22 21:50:01 [32m    LOG[39m [38;5;3m[RouterExplorer] [39m[32mMapped {/api/aphorism/tags/hot, GET} route[39m[38;5;3m +0ms[39m
[32m[Nest] 20688  - [39m2026/08/22 21:50:01 [32m    LOG[39m [38;5;3m[RouterExplorer] [39m[32mMapped {/api/aphorism/:id, GET} route[39m[38;5;3m +0ms[39m
[32m[Nest] 20688  - [39m2026/08/22 21:50:01 [32m    LOG[39m [38;5;3m[RoutesResolver] [39m[32mGameController {/api/game}:[39m[38;5;3m +1ms[39m
[32m[Nest] 20688  - [39m2026/08/22 21:50:01 [32m    LOG[39m [38;5;3m[RouterExplorer] [39m[32mMapped {/api/game, GET} route[39m[38;5;3m +0ms[39m
[32m[Nest] 20688  - [39m2026/08/22 21:50:01 [32m    LOG[39m [38;5;3m[RouterExplorer] [39m[32mMapped {/api/game/banners, GET} route[39m[38;5;3m +0ms[39m
[32m[Nest] 20688  - [39m2026/08/22 21:50:01 [32m    LOG[39m [38;5;3m[RouterExplorer] [39m[32mMapped {/api/game/categories, GET} route[39m[38;5;3m +0ms[39m
[32m[Nest] 20688  - [39m2026/08/22 21:50:01 [32m    LOG[39m [38;5;3m[RouterExplorer] [39m[32mMapped {/api/game/tags, GET} route[39m[38;5;3m +1ms[39m
[32m[Nest] 20688  - [39m2026/08/22 21:50:01 [32m    LOG[39m [38;5;3m[RouterExplorer] [39m[32mMapped {/api/game/platforms, GET} route[39m[38;5;3m +0ms[39m
[32m[Nest] 20688  - [39m2026/08/22 21:50:01 [32m    LOG[39m [38;5;3m[RouterExplorer] [39m[32mMapped {/api/game/sale, GET} route[39m[38;5;3m +0ms[39m
[32m[Nest] 20688  - [39m2026/08/22 21:50:01 [32m    LOG[39m [38;5;3m[RouterExplorer] [39m[32mMapped {/api/game/:gameId, GET} route[39m[38;5;3m +0ms[39m
[32m[Nest] 20688  - [39m2026/08/22 21:50:01 [32m    LOG[39m [38;5;3m[RoutesResolver] [39m[32mHistoryController {/api/history}:[39m[38;5;3m +0ms[39m
[32m[Nest] 20688  - [39m2026/08/22 21:50:01 [32m    LOG[39m [38;5;3m[RouterExplorer] [39m[32mMapped {/api/history/dynasties, GET} route[39m[38;5;3m +1ms[39m
[32m[Nest] 20688  - [39m2026/08/22 21:50:01 [32m    LOG[39m [38;5;3m[RouterExplorer] [39m[32mMapped {/api/history/dynasties/:id, GET} route[39m[38;5;3m +0ms[39m
[32m[Nest] 20688  - [39m2026/08/22 21:50:01 [32m    LOG[39m [38;5;3m[RouterExplorer] [39m[32mMapped {/api/history/events, GET} route[39m[38;5;3m +0ms[39m
[32m[Nest] 20688  - [39m2026/08/22 21:50:01 [32m    LOG[39m [38;5;3m[RouterExplorer] [39m[32mMapped {/api/history/events/:id, GET} route[39m[38;5;3m +0ms[39m
[32m[Nest] 20688  - [39m2026/08/22 21:50:01 [32m    LOG[39m [38;5;3m[RouterExplorer] [39m[32mMapped {/api/history/figures, GET} route[39m[38;5;3m +0ms[39m
[32m[Nest] 20688  - [39m2026/08/22 21:50:01 [32m    LOG[39m [38;5;3m[RouterExplorer] [39m[32mMapped {/api/history/figures/:id, GET} route[39m[38;5;3m +0ms[39m
[32m[Nest] 20688  - [39m2026/08/22 21:50:01 [32m    LOG[39m [38;5;3m[RouterExplorer] [39m[32mMapped {/api/history/heritage, GET} route[39m[38;5;3m +1ms[39m
[32m[Nest] 20688  - [39m2026/08/22 21:50:01 [32m    LOG[39m [38;5;3m[RouterExplorer] [39m[32mMapped {/api/history/heritage/:id, GET} route[39m[38;5;3m +0ms[39m
[32m[Nest] 20688  - [39m2026/08/22 21:50:01 [32m    LOG[39m [38;5;3m[RoutesResolver] [39m[32mMuseumController {/api/museum}:[39m[38;5;3m +0ms[39m
[32m[Nest] 20688  - [39m2026/08/22 21:50:01 [32m    LOG[39m [38;5;3m[RouterExplorer] [39m[32mMapped {/api/museum, GET} route[39m[38;5;3m +0ms[39m
[32m[Nest] 20688  - [39m2026/08/22 21:50:01 [32m    LOG[39m [38;5;3m[RouterExplorer] [39m[32mMapped {/api/museum/artifacts, GET} route[39m[38;5;3m +0ms[39m
[32m[Nest] 20688  - [39m2026/08/22 21:50:01 [32m    LOG[39m [38;5;3m[RouterExplorer] [39m[32mMapped {/api/museum/artifacts/:id, GET} route[39m[38;5;3m +0ms[39m
[32m[Nest] 20688  - [39m2026/08/22 21:50:01 [32m    LOG[39m [38;5;3m[RouterExplorer] [39m[32mMapped {/api/museum/artifact-details/:id, GET} route[39m[38;5;3m +1ms[39m
[32m[Nest] 20688  - [39m2026/08/22 21:50:01 [32m    LOG[39m [38;5;3m[RouterExplorer] [39m[32mMapped {/api/museum/exhibitions, GET} route[39m[38;5;3m +0ms[39m
[32m[Nest] 20688  - [39m2026/08/22 21:50:01 [32m    LOG[39m [38;5;3m[RouterExplorer] [39m[32mMapped {/api/museum/activities, GET} route[39m[38;5;3m +0ms[39m
[32m[Nest] 20688  - [39m2026/08/22 21:50:01 [32m    LOG[39m [38;5;3m[RouterExplorer] [39m[32mMapped {/api/museum/news, GET} route[39m[38;5;3m +0ms[39m
[32m[Nest] 20688  - [39m2026/08/22 21:50:01 [32m    LOG[39m [38;5;3m[RouterExplorer] [39m[32mMapped {/api/museum/immersive, GET} route[39m[38;5;3m +0ms[39m
[32m[Nest] 20688  - [39m2026/08/22 21:50:01 [32m    LOG[39m [38;5;3m[RouterExplorer] [39m[32mMapped {/api/museum/creative-products, GET} route[39m[38;5;3m +1ms[39m
[32m[Nest] 20688  - [39m2026/08/22 21:50:01 [32m    LOG[39m [38;5;3m[RouterExplorer] [39m[32mMapped {/api/museum/academic-resources, GET} route[39m[38;5;3m +0ms[39m
[32m[Nest] 20688  - [39m2026/08/22 21:50:01 [32m    LOG[39m [38;5;3m[RouterExplorer] [39m[32mMapped {/api/museum/exhibition-halls, GET} route[39m[38;5;3m +0ms[39m
[32m[Nest] 20688  - [39m2026/08/22 21:50:01 [32m    LOG[39m [38;5;3m[RouterExplorer] [39m[32mMapped {/api/museum/:id/detail, GET} route[39m[38;5;3m +0ms[39m
[32m[Nest] 20688  - [39m2026/08/22 21:50:01 [32m    LOG[39m [38;5;3m[RouterExplorer] [39m[32mMapped {/api/museum/:id, GET} route[39m[38;5;3m +0ms[39m
[32m[Nest] 20688  - [39m2026/08/22 21:50:01 [32m    LOG[39m [38;5;3m[RoutesResolver] [39m[32mLandscapeController {/api/landscape}:[39m[38;5;3m +0ms[39m
[32m[Nest] 20688  - [39m2026/08/22 21:50:01 [32m    LOG[39m [38;5;3m[RouterExplorer] [39m[32mMapped {/api/landscape/photographers, GET} route[39m[38;5;3m +1ms[39m
[32m[Nest] 20688  - [39m2026/08/22 21:50:01 [32m    LOG[39m [38;5;3m[RouterExplorer] [39m[32mMapped {/api/landscape/photographers/:id, GET} route[39m[38;5;3m +0ms[39m
[32m[Nest] 20688  - [39m2026/08/22 21:50:01 [32m    LOG[39m [38;5;3m[RouterExplorer] [39m[32mMapped {/api/landscape/images, GET} route[39m[38;5;3m +0ms[39m
[32m[Nest] 20688  - [39m2026/08/22 21:50:01 [32m    LOG[39m [38;5;3m[RouterExplorer] [39m[32mMapped {/api/landscape/images/:id, GET} route[39m[38;5;3m +0ms[39m
[32m[Nest] 20688  - [39m2026/08/22 21:50:01 [32m    LOG[39m [38;5;3m[RouterExplorer] [39m[32mMapped {/api/landscape/videos, GET} route[39m[38;5;3m +0ms[39m
[32m[Nest] 20688  - [39m2026/08/22 21:50:01 [32m    LOG[39m [38;5;3m[RouterExplorer] [39m[32mMapped {/api/landscape/videos/:id, GET} route[39m[38;5;3m +0ms[39m
[32m[Nest] 20688  - [39m2026/08/22 21:50:01 [32m    LOG[39m [38;5;3m[RouterExplorer] [39m[32mMapped {/api/landscape/guides, GET} route[39m[38;5;3m +0ms[39m
[32m[Nest] 20688  - [39m2026/08/22 21:50:01 [32m    LOG[39m [38;5;3m[RouterExplorer] [39m[32mMapped {/api/landscape/guides/:id, GET} route[39m[38;5;3m +0ms[39m
[32m[Nest] 20688  - [39m2026/08/22 21:50:01 [32m    LOG[39m [38;5;3m[RouterExplorer] [39m[32mMapped {/api/landscape/hot-topics, GET} route[39m[38;5;3m +1ms[39m
[32m[Nest] 20688  - [39m2026/08/22 21:50:01 [32m    LOG[39m [38;5;3m[RouterExplorer] [39m[32mMapped {/api/landscape/popular-destinations, GET} route[39m[38;5;3m +0ms[39m
[32m[Nest] 20688  - [39m2026/08/22 21:50:01 [32m    LOG[39m [38;5;3m[RoutesResolver] [39m[32mMusicController {/api/music}:[39m[38;5;3m +0ms[39m
[32m[Nest] 20688  - [39m2026/08/22 21:50:01 [32m    LOG[39m [38;5;3m[RouterExplorer] [39m[32mMapped {/api/music/songs, GET} route[39m[38;5;3m +0ms[39m
[32m[Nest] 20688  - [39m2026/08/22 21:50:01 [32m    LOG[39m [38;5;3m[RouterExplorer] [39m[32mMapped {/api/music/songs/:id, GET} route[39m[38;5;3m +0ms[39m
[32m[Nest] 20688  - [39m2026/08/22 21:50:01 [32m    LOG[39m [38;5;3m[RouterExplorer] [39m[32mMapped {/api/music/artists, GET} route[39m[38;5;3m +0ms[39m
[32m[Nest] 20688  - [39m2026/08/22 21:50:01 [32m    LOG[39m [38;5;3m[RouterExplorer] [39m[32mMapped {/api/music/artists/:id, GET} route[39m[38;5;3m +0ms[39m
[32m[Nest] 20688  - [39m2026/08/22 21:50:01 [32m    LOG[39m [38;5;3m[RouterExplorer] [39m[32mMapped {/api/music/albums, GET} route[39m[38;5;3m +0ms[39m
[32m[Nest] 20688  - [39m2026/08/22 21:50:01 [32m    LOG[39m [38;5;3m[RouterExplorer] [39m[32mMapped {/api/music/albums/:id, GET} route[39m[38;5;3m +0ms[39m
[32m[Nest] 20688  - [39m2026/08/22 21:50:01 [32m    LOG[39m [38;5;3m[RouterExplorer] [39m[32mMapped {/api/music/playlists, GET} route[39m[38;5;3m +1ms[39m
[32m[Nest] 20688  - [39m2026/08/22 21:50:01 [32m    LOG[39m [38;5;3m[RouterExplorer] [39m[32mMapped {/api/music/playlists/:id, GET} route[39m[38;5;3m +0ms[39m
[32m[Nest] 20688  - [39m2026/08/22 21:50:01 [32m    LOG[39m [38;5;3m[RouterExplorer] [39m[32mMapped {/api/music/bundles, GET} route[39m[38;5;3m +0ms[39m
[32m[Nest] 20688  - [39m2026/08/22 21:50:01 [32m    LOG[39m [38;5;3m[RoutesResolver] [39m[32mTravelGuideController {/api/travel-guide}:[39m[38;5;3m +0ms[39m
[32m[Nest] 20688  - [39m2026/08/22 21:50:01 [32m    LOG[39m [38;5;3m[RouterExplorer] [39m[32mMapped {/api/travel-guide/provinces, GET} route[39m[38;5;3m +0ms[39m
[32m[Nest] 20688  - [39m2026/08/22 21:50:01 [32m    LOG[39m [38;5;3m[RouterExplorer] [39m[32mMapped {/api/travel-guide/provinces/:id, GET} route[39m[38;5;3m +0ms[39m
[32m[Nest] 20688  - [39m2026/08/22 21:50:01 [32m    LOG[39m [38;5;3m[RouterExplorer] [39m[32mMapped {/api/travel-guide/regions, GET} route[39m[38;5;3m +1ms[39m
[32m[Nest] 20688  - [39m2026/08/22 21:50:01 [32m    LOG[39m [38;5;3m[RouterExplorer] [39m[32mMapped {/api/travel-guide/scenery/:provinceId, GET} route[39m[38;5;3m +0ms[39m
[32m[Nest] 20688  - [39m2026/08/22 21:50:01 [32m    LOG[39m [38;5;3m[RouterExplorer] [39m[32mMapped {/api/travel-guide/food/:provinceId, GET} route[39m[38;5;3m +0ms[39m
[32m[Nest] 20688  - [39m2026/08/22 21:50:01 [32m    LOG[39m [38;5;3m[NestApplication] [39m[32mNest application successfully started[39m[38;5;3m +2ms[39m
[32m[Nest] 20688  - [39m2026/08/22 21:50:01 [32m    LOG[39m [38;5;3m[Bootstrap] [39m[32m🚀 后端服务已启动: http://localhost:3000[39m
[32m[Nest] 20688  - [39m2026/08/22 21:50:01 [32m    LOG[39m [38;5;3m[Bootstrap] [39m[32m📚 API 文档: http://localhost:3000/api/docs[39m
[2J[3J[H[[90m21:50:01[0m] File change detected. Starting incremental compilation...

[[90m21:50:01[0m] Found 0 errors. Watching for file changes.

[32m[Nest] 21032  - [39m2026/08/22 21:50:03 [32m    LOG[39m [38;5;3m[NestFactory] [39m[32mStarting Nest application...[39m
[32m[Nest] 21032  - [39m2026/08/22 21:50:03 [32m    LOG[39m [38;5;3m[InstanceLoader] [39m[32mTypeOrmModule dependencies initialized[39m[38;5;3m +25ms[39m
[32m[Nest] 21032  - [39m2026/08/22 21:50:03 [32m    LOG[39m [38;5;3m[InstanceLoader] [39m[32mThrottlerModule dependencies initialized[39m[38;5;3m +1ms[39m
[32m[Nest] 21032  - [39m2026/08/22 21:50:03 [32m    LOG[39m [38;5;3m[InstanceLoader] [39m[32mConfigHostModule dependencies initialized[39m[38;5;3m +0ms[39m
[32m[Nest] 21032  - [39m2026/08/22 21:50:03 [32m    LOG[39m [38;5;3m[InstanceLoader] [39m[32mAppModule dependencies initialized[39m[38;5;3m +1ms[39m
[32m[Nest] 21032  - [39m2026/08/22 21:50:03 [32m    LOG[39m [38;5;3m[InstanceLoader] [39m[32mConfigModule dependencies initialized[39m[38;5;3m +0ms[39m
[32m[Nest] 21032  - [39m2026/08/22 21:50:03 [32m    LOG[39m [38;5;3m[InstanceLoader] [39m[32mConfigModule dependencies initialized[39m[38;5;3m +1ms[39m
query: SELECT version()
[32m[Nest] 21032  - [39m2026/08/22 21:50:03 [32m    LOG[39m [38;5;3m[InstanceLoader] [39m[32mTypeOrmCoreModule dependencies initialized[39m[38;5;3m +141ms[39m
[32m[Nest] 21032  - [39m2026/08/22 21:50:03 [32m    LOG[39m [38;5;3m[InstanceLoader] [39m[32mTypeOrmModule dependencies initialized[39m[38;5;3m +0ms[39m
[32m[Nest] 21032  - [39m2026/08/22 21:50:03 [32m    LOG[39m [38;5;3m[InstanceLoader] [39m[32mTypeOrmModule dependencies initialized[39m[38;5;3m +0ms[39m
[32m[Nest] 21032  - [39m2026/08/22 21:50:03 [32m    LOG[39m [38;5;3m[InstanceLoader] [39m[32mTypeOrmModule dependencies initialized[39m[38;5;3m +0ms[39m
[32m[Nest] 21032  - [39m2026/08/22 21:50:03 [32m    LOG[39m [38;5;3m[InstanceLoader] [39m[32mTypeOrmModule dependencies initialized[39m[38;5;3m +0ms[39m
[32m[Nest] 21032  - [39m2026/08/22 21:50:03 [32m    LOG[39m [38;5;3m[InstanceLoader] [39m[32mTypeOrmModule dependencies initialized[39m[38;5;3m +0ms[39m
[32m[Nest] 21032  - [39m2026/08/22 21:50:03 [32m    LOG[39m [38;5;3m[InstanceLoader] [39m[32mTypeOrmModule dependencies initialized[39m[38;5;3m +1ms[39m
[32m[Nest] 21032  - [39m2026/08/22 21:50:03 [32m    LOG[39m [38;5;3m[InstanceLoader] [39m[32mTypeOrmModule dependencies initialized[39m[38;5;3m +0ms[39m
[32m[Nest] 21032  - [39m2026/08/22 21:50:03 [32m    LOG[39m [38;5;3m[InstanceLoader] [39m[32mGameModule dependencies initialized[39m[38;5;3m +1ms[39m
[32m[Nest] 21032  - [39m2026/08/22 21:50:03 [32m    LOG[39m [38;5;3m[InstanceLoader] [39m[32mHistoryModule dependencies initialized[39m[38;5;3m +0ms[39m
[32m[Nest] 21032  - [39m2026/08/22 21:50:03 [32m    LOG[39m [38;5;3m[InstanceLoader] [39m[32mLandscapeModule dependencies initialized[39m[38;5;3m +0ms[39m
[32m[Nest] 21032  - [39m2026/08/22 21:50:03 [32m    LOG[39m [38;5;3m[InstanceLoader] [39m[32mTravelGuideModule dependencies initialized[39m[38;5;3m +0ms[39m
[32m[Nest] 21032  - [39m2026/08/22 21:50:03 [32m    LOG[39m [38;5;3m[InstanceLoader] [39m[32mAphorismModule dependencies initialized[39m[38;5;3m +0ms[39m
[32m[Nest] 21032  - [39m2026/08/22 21:50:03 [32m    LOG[39m [38;5;3m[InstanceLoader] [39m[32mMuseumModule dependencies initialized[39m[38;5;3m +0ms[39m
[32m[Nest] 21032  - [39m2026/08/22 21:50:03 [32m    LOG[39m [38;5;3m[InstanceLoader] [39m[32mMusicModule dependencies initialized[39m[38;5;3m +0ms[39m
[32m[Nest] 21032  - [39m2026/08/22 21:50:03 [32m    LOG[39m [38;5;3m[RoutesResolver] [39m[32mAphorismController {/api/aphorism}:[39m[38;5;3m +24ms[39m
[32m[Nest] 21032  - [39m2026/08/22 21:50:03 [32m    LOG[39m [38;5;3m[RouterExplorer] [39m[32mMapped {/api/aphorism, GET} route[39m[38;5;3m +3ms[39m
[32m[Nest] 21032  - [39m2026/08/22 21:50:03 [32m    LOG[39m [38;5;3m[RouterExplorer] [39m[32mMapped {/api/aphorism/featured, GET} route[39m[38;5;3m +0ms[39m
[32m[Nest] 21032  - [39m2026/08/22 21:50:03 [32m    LOG[39m [38;5;3m[RouterExplorer] [39m[32mMapped {/api/aphorism/categories, GET} route[39m[38;5;3m +0ms[39m
[32m[Nest] 21032  - [39m2026/08/22 21:50:03 [32m    LOG[39m [38;5;3m[RouterExplorer] [39m[32mMapped {/api/aphorism/tags/hot, GET} route[39m[38;5;3m +0ms[39m
[32m[Nest] 21032  - [39m2026/08/22 21:50:03 [32m    LOG[39m [38;5;3m[RouterExplorer] [39m[32mMapped {/api/aphorism/:id, GET} route[39m[38;5;3m +1ms[39m
[32m[Nest] 21032  - [39m2026/08/22 21:50:03 [32m    LOG[39m [38;5;3m[RoutesResolver] [39m[32mGameController {/api/game}:[39m[38;5;3m +0ms[39m
[32m[Nest] 21032  - [39m2026/08/22 21:50:03 [32m    LOG[39m [38;5;3m[RouterExplorer] [39m[32mMapped {/api/game, GET} route[39m[38;5;3m +0ms[39m
[32m[Nest] 21032  - [39m2026/08/22 21:50:03 [32m    LOG[39m [38;5;3m[RouterExplorer] [39m[32mMapped {/api/game/banners, GET} route[39m[38;5;3m +1ms[39m
[32m[Nest] 21032  - [39m2026/08/22 21:50:03 [32m    LOG[39m [38;5;3m[RouterExplorer] [39m[32mMapped {/api/game/categories, GET} route[39m[38;5;3m +0ms[39m
[32m[Nest] 21032  - [39m2026/08/22 21:50:03 [32m    LOG[39m [38;5;3m[RouterExplorer] [39m[32mMapped {/api/game/tags, GET} route[39m[38;5;3m +0ms[39m
[32m[Nest] 21032  - [39m2026/08/22 21:50:03 [32m    LOG[39m [38;5;3m[RouterExplorer] [39m[32mMapped {/api/game/platforms, GET} route[39m[38;5;3m +0ms[39m
[32m[Nest] 21032  - [39m2026/08/22 21:50:03 [32m    LOG[39m [38;5;3m[RouterExplorer] [39m[32mMapped {/api/game/sale, GET} route[39m[38;5;3m +0ms[39m
[32m[Nest] 21032  - [39m2026/08/22 21:50:03 [32m    LOG[39m [38;5;3m[RouterExplorer] [39m[32mMapped {/api/game/:gameId, GET} route[39m[38;5;3m +1ms[39m
[32m[Nest] 21032  - [39m2026/08/22 21:50:03 [32m    LOG[39m [38;5;3m[RoutesResolver] [39m[32mHistoryController {/api/history}:[39m[38;5;3m +0ms[39m
[32m[Nest] 21032  - [39m2026/08/22 21:50:03 [32m    LOG[39m [38;5;3m[RouterExplorer] [39m[32mMapped {/api/history/dynasties, GET} route[39m[38;5;3m +1ms[39m
[32m[Nest] 21032  - [39m2026/08/22 21:50:03 [32m    LOG[39m [38;5;3m[RouterExplorer] [39m[32mMapped {/api/history/dynasties/:id, GET} route[39m[38;5;3m +0ms[39m
[32m[Nest] 21032  - [39m2026/08/22 21:50:03 [32m    LOG[39m [38;5;3m[RouterExplorer] [39m[32mMapped {/api/history/events, GET} route[39m[38;5;3m +0ms[39m
[32m[Nest] 21032  - [39m2026/08/22 21:50:03 [32m    LOG[39m [38;5;3m[RouterExplorer] [39m[32mMapped {/api/history/events/:id, GET} route[39m[38;5;3m +1ms[39m
[32m[Nest] 21032  - [39m2026/08/22 21:50:03 [32m    LOG[39m [38;5;3m[RouterExplorer] [39m[32mMapped {/api/history/figures, GET} route[39m[38;5;3m +0ms[39m
[32m[Nest] 21032  - [39m2026/08/22 21:50:03 [32m    LOG[39m [38;5;3m[RouterExplorer] [39m[32mMapped {/api/history/figures/:id, GET} route[39m[38;5;3m +0ms[39m
[32m[Nest] 21032  - [39m2026/08/22 21:50:03 [32m    LOG[39m [38;5;3m[RouterExplorer] [39m[32mMapped {/api/history/heritage, GET} route[39m[38;5;3m +0ms[39m
[32m[Nest] 21032  - [39m2026/08/22 21:50:03 [32m    LOG[39m [38;5;3m[RouterExplorer] [39m[32mMapped {/api/history/heritage/:id, GET} route[39m[38;5;3m +1ms[39m
[32m[Nest] 21032  - [39m2026/08/22 21:50:03 [32m    LOG[39m [38;5;3m[RoutesResolver] [39m[32mMuseumController {/api/museum}:[39m[38;5;3m +0ms[39m
[32m[Nest] 21032  - [39m2026/08/22 21:50:03 [32m    LOG[39m [38;5;3m[RouterExplorer] [39m[32mMapped {/api/museum, GET} route[39m[38;5;3m +0ms[39m
[32m[Nest] 21032  - [39m2026/08/22 21:50:03 [32m    LOG[39m [38;5;3m[RouterExplorer] [39m[32mMapped {/api/museum/artifacts, GET} route[39m[38;5;3m +0ms[39m
[32m[Nest] 21032  - [39m2026/08/22 21:50:03 [32m    LOG[39m [38;5;3m[RouterExplorer] [39m[32mMapped {/api/museum/artifacts/:id, GET} route[39m[38;5;3m +0ms[39m
[32m[Nest] 21032  - [39m2026/08/22 21:50:03 [32m    LOG[39m [38;5;3m[RouterExplorer] [39m[32mMapped {/api/museum/artifact-details/:id, GET} route[39m[38;5;3m +1ms[39m
[32m[Nest] 21032  - [39m2026/08/22 21:50:03 [32m    LOG[39m [38;5;3m[RouterExplorer] [39m[32mMapped {/api/museum/exhibitions, GET} route[39m[38;5;3m +0ms[39m
[32m[Nest] 21032  - [39m2026/08/22 21:50:03 [32m    LOG[39m [38;5;3m[RouterExplorer] [39m[32mMapped {/api/museum/activities, GET} route[39m[38;5;3m +0ms[39m
[32m[Nest] 21032  - [39m2026/08/22 21:50:03 [32m    LOG[39m [38;5;3m[RouterExplorer] [39m[32mMapped {/api/museum/news, GET} route[39m[38;5;3m +0ms[39m
[32m[Nest] 21032  - [39m2026/08/22 21:50:03 [32m    LOG[39m [38;5;3m[RouterExplorer] [39m[32mMapped {/api/museum/immersive, GET} route[39m[38;5;3m +0ms[39m
[32m[Nest] 21032  - [39m2026/08/22 21:50:03 [32m    LOG[39m [38;5;3m[RouterExplorer] [39m[32mMapped {/api/museum/creative-products, GET} route[39m[38;5;3m +0ms[39m
[32m[Nest] 21032  - [39m2026/08/22 21:50:03 [32m    LOG[39m [38;5;3m[RouterExplorer] [39m[32mMapped {/api/museum/academic-resources, GET} route[39m[38;5;3m +0ms[39m
[32m[Nest] 21032  - [39m2026/08/22 21:50:03 [32m    LOG[39m [38;5;3m[RouterExplorer] [39m[32mMapped {/api/museum/exhibition-halls, GET} route[39m[38;5;3m +0ms[39m
[32m[Nest] 21032  - [39m2026/08/22 21:50:03 [32m    LOG[39m [38;5;3m[RouterExplorer] [39m[32mMapped {/api/museum/:id/detail, GET} route[39m[38;5;3m +0ms[39m
[32m[Nest] 21032  - [39m2026/08/22 21:50:03 [32m    LOG[39m [38;5;3m[RouterExplorer] [39m[32mMapped {/api/museum/:id, GET} route[39m[38;5;3m +1ms[39m
[32m[Nest] 21032  - [39m2026/08/22 21:50:03 [32m    LOG[39m [38;5;3m[RoutesResolver] [39m[32mLandscapeController {/api/landscape}:[39m[38;5;3m +0ms[39m
[32m[Nest] 21032  - [39m2026/08/22 21:50:03 [32m    LOG[39m [38;5;3m[RouterExplorer] [39m[32mMapped {/api/landscape/photographers, GET} route[39m[38;5;3m +0ms[39m
[32m[Nest] 21032  - [39m2026/08/22 21:50:03 [32m    LOG[39m [38;5;3m[RouterExplorer] [39m[32mMapped {/api/landscape/photographers/:id, GET} route[39m[38;5;3m +0ms[39m
[32m[Nest] 21032  - [39m2026/08/22 21:50:03 [32m    LOG[39m [38;5;3m[RouterExplorer] [39m[32mMapped {/api/landscape/images, GET} route[39m[38;5;3m +1ms[39m
[32m[Nest] 21032  - [39m2026/08/22 21:50:03 [32m    LOG[39m [38;5;3m[RouterExplorer] [39m[32mMapped {/api/landscape/images/:id, GET} route[39m[38;5;3m +0ms[39m
[32m[Nest] 21032  - [39m2026/08/22 21:50:03 [32m    LOG[39m [38;5;3m[RouterExplorer] [39m[32mMapped {/api/landscape/videos, GET} route[39m[38;5;3m +0ms[39m
[32m[Nest] 21032  - [39m2026/08/22 21:50:03 [32m    LOG[39m [38;5;3m[RouterExplorer] [39m[32mMapped {/api/landscape/videos/:id, GET} route[39m[38;5;3m +0ms[39m
[32m[Nest] 21032  - [39m2026/08/22 21:50:03 [32m    LOG[39m [38;5;3m[RouterExplorer] [39m[32mMapped {/api/landscape/guides, GET} route[39m[38;5;3m +0ms[39m
[32m[Nest] 21032  - [39m2026/08/22 21:50:03 [32m    LOG[39m [38;5;3m[RouterExplorer] [39m[32mMapped {/api/landscape/guides/:id, GET} route[39m[38;5;3m +0ms[39m
[32m[Nest] 21032  - [39m2026/08/22 21:50:03 [32m    LOG[39m [38;5;3m[RouterExplorer] [39m[32mMapped {/api/landscape/hot-topics, GET} route[39m[38;5;3m +1ms[39m
[32m[Nest] 21032  - [39m2026/08/22 21:50:03 [32m    LOG[39m [38;5;3m[RouterExplorer] [39m[32mMapped {/api/landscape/popular-destinations, GET} route[39m[38;5;3m +0ms[39m
[32m[Nest] 21032  - [39m2026/08/22 21:50:03 [32m    LOG[39m [38;5;3m[RoutesResolver] [39m[32mMusicController {/api/music}:[39m[38;5;3m +0ms[39m
[32m[Nest] 21032  - [39m2026/08/22 21:50:03 [32m    LOG[39m [38;5;3m[RouterExplorer] [39m[32mMapped {/api/music/songs, GET} route[39m[38;5;3m +0ms[39m
[32m[Nest] 21032  - [39m2026/08/22 21:50:03 [32m    LOG[39m [38;5;3m[RouterExplorer] [39m[32mMapped {/api/music/songs/:id, GET} route[39m[38;5;3m +0ms[39m
[32m[Nest] 21032  - [39m2026/08/22 21:50:03 [32m    LOG[39m [38;5;3m[RouterExplorer] [39m[32mMapped {/api/music/artists, GET} route[39m[38;5;3m +0ms[39m
[32m[Nest] 21032  - [39m2026/08/22 21:50:03 [32m    LOG[39m [38;5;3m[RouterExplorer] [39m[32mMapped {/api/music/artists/:id, GET} route[39m[38;5;3m +0ms[39m
[32m[Nest] 21032  - [39m2026/08/22 21:50:03 [32m    LOG[39m [38;5;3m[RouterExplorer] [39m[32mMapped {/api/music/albums, GET} route[39m[38;5;3m +0ms[39m
[32m[Nest] 21032  - [39m2026/08/22 21:50:03 [32m    LOG[39m [38;5;3m[RouterExplorer] [39m[32mMapped {/api/music/albums/:id, GET} route[39m[38;5;3m +1ms[39m
[32m[Nest] 21032  - [39m2026/08/22 21:50:03 [32m    LOG[39m [38;5;3m[RouterExplorer] [39m[32mMapped {/api/music/playlists, GET} route[39m[38;5;3m +0ms[39m
[32m[Nest] 21032  - [39m2026/08/22 21:50:03 [32m    LOG[39m [38;5;3m[RouterExplorer] [39m[32mMapped {/api/music/playlists/:id, GET} route[39m[38;5;3m +0ms[39m
[32m[Nest] 21032  - [39m2026/08/22 21:50:03 [32m    LOG[39m [38;5;3m[RouterExplorer] [39m[32mMapped {/api/music/bundles, GET} route[39m[38;5;3m +0ms[39m
[32m[Nest] 21032  - [39m2026/08/22 21:50:03 [32m    LOG[39m [38;5;3m[RoutesResolver] [39m[32mTravelGuideController {/api/travel-guide}:[39m[38;5;3m +0ms[39m
[32m[Nest] 21032  - [39m2026/08/22 21:50:03 [32m    LOG[39m [38;5;3m[RouterExplorer] [39m[32mMapped {/api/travel-guide/provinces, GET} route[39m[38;5;3m +0ms[39m
[32m[Nest] 21032  - [39m2026/08/22 21:50:03 [32m    LOG[39m [38;5;3m[RouterExplorer] [39m[32mMapped {/api/travel-guide/provinces/:id, GET} route[39m[38;5;3m +0ms[39m
[32m[Nest] 21032  - [39m2026/08/22 21:50:03 [32m    LOG[39m [38;5;3m[RouterExplorer] [39m[32mMapped {/api/travel-guide/regions, GET} route[39m[38;5;3m +0ms[39m
[32m[Nest] 21032  - [39m2026/08/22 21:50:03 [32m    LOG[39m [38;5;3m[RouterExplorer] [39m[32mMapped {/api/travel-guide/scenery/:provinceId, GET} route[39m[38;5;3m +0ms[39m
[32m[Nest] 21032  - [39m2026/08/22 21:50:03 [32m    LOG[39m [38;5;3m[RouterExplorer] [39m[32mMapped {/api/travel-guide/food/:provinceId, GET} route[39m[38;5;3m +1ms[39m
[32m[Nest] 21032  - [39m2026/08/22 21:50:03 [32m    LOG[39m [38;5;3m[NestApplication] [39m[32mNest application successfully started[39m[38;5;3m +1ms[39m
[32m[Nest] 21032  - [39m2026/08/22 21:50:03 [32m    LOG[39m [38;5;3m[Bootstrap] [39m[32m🚀 后端服务已启动: http://localhost:3000[39m
[32m[Nest] 21032  - [39m2026/08/22 21:50:03 [32m    LOG[39m [38;5;3m[Bootstrap] [39m[32m📚 API 文档: http://localhost:3000/api/docs[39m
[2J[3J[H[[90m21:50:32[0m] File change detected. Starting incremental compilation...

[[90m21:50:32[0m] Found 0 errors. Watching for file changes.

[2J[3J[H[[90m21:50:32[0m] File change detected. Starting incremental compilation...

[[90m21:50:32[0m] Found 0 errors. Watching for file changes.

[32m[Nest] 22180  - [39m2026/08/22 21:50:34 [32m    LOG[39m [38;5;3m[NestFactory] [39m[32mStarting Nest application...[39m
[32m[Nest] 22180  - [39m2026/08/22 21:50:34 [32m    LOG[39m [38;5;3m[InstanceLoader] [39m[32mTypeOrmModule dependencies initialized[39m[38;5;3m +20ms[39m
[32m[Nest] 22180  - [39m2026/08/22 21:50:34 [32m    LOG[39m [38;5;3m[InstanceLoader] [39m[32mThrottlerModule dependencies initialized[39m[38;5;3m +0ms[39m
[32m[Nest] 22180  - [39m2026/08/22 21:50:34 [32m    LOG[39m [38;5;3m[InstanceLoader] [39m[32mConfigHostModule dependencies initialized[39m[38;5;3m +0ms[39m
[32m[Nest] 22180  - [39m2026/08/22 21:50:34 [32m    LOG[39m [38;5;3m[InstanceLoader] [39m[32mAppModule dependencies initialized[39m[38;5;3m +1ms[39m
[32m[Nest] 22180  - [39m2026/08/22 21:50:34 [32m    LOG[39m [38;5;3m[InstanceLoader] [39m[32mConfigModule dependencies initialized[39m[38;5;3m +0ms[39m
[32m[Nest] 22180  - [39m2026/08/22 21:50:34 [32m    LOG[39m [38;5;3m[InstanceLoader] [39m[32mConfigModule dependencies initialized[39m[38;5;3m +0ms[39m
query: SELECT version()
[32m[Nest] 22180  - [39m2026/08/22 21:50:34 [32m    LOG[39m [38;5;3m[InstanceLoader] [39m[32mTypeOrmCoreModule dependencies initialized[39m[38;5;3m +153ms[39m
[32m[Nest] 22180  - [39m2026/08/22 21:50:34 [32m    LOG[39m [38;5;3m[InstanceLoader] [39m[32mTypeOrmModule dependencies initialized[39m[38;5;3m +1ms[39m
[32m[Nest] 22180  - [39m2026/08/22 21:50:34 [32m    LOG[39m [38;5;3m[InstanceLoader] [39m[32mTypeOrmModule dependencies initialized[39m[38;5;3m +0ms[39m
[32m[Nest] 22180  - [39m2026/08/22 21:50:34 [32m    LOG[39m [38;5;3m[InstanceLoader] [39m[32mTypeOrmModule dependencies initialized[39m[38;5;3m +0ms[39m
[32m[Nest] 22180  - [39m2026/08/22 21:50:34 [32m    LOG[39m [38;5;3m[InstanceLoader] [39m[32mTypeOrmModule dependencies initialized[39m[38;5;3m +1ms[39m
[32m[Nest] 22180  - [39m2026/08/22 21:50:34 [32m    LOG[39m [38;5;3m[InstanceLoader] [39m[32mTypeOrmModule dependencies initialized[39m[38;5;3m +0ms[39m
[32m[Nest] 22180  - [39m2026/08/22 21:50:34 [32m    LOG[39m [38;5;3m[InstanceLoader] [39m[32mTypeOrmModule dependencies initialized[39m[38;5;3m +0ms[39m
[32m[Nest] 22180  - [39m2026/08/22 21:50:34 [32m    LOG[39m [38;5;3m[InstanceLoader] [39m[32mTypeOrmModule dependencies initialized[39m[38;5;3m +0ms[39m
[32m[Nest] 22180  - [39m2026/08/22 21:50:34 [32m    LOG[39m [38;5;3m[InstanceLoader] [39m[32mGameModule dependencies initialized[39m[38;5;3m +1ms[39m
[32m[Nest] 22180  - [39m2026/08/22 21:50:34 [32m    LOG[39m [38;5;3m[InstanceLoader] [39m[32mHistoryModule dependencies initialized[39m[38;5;3m +0ms[39m
[32m[Nest] 22180  - [39m2026/08/22 21:50:34 [32m    LOG[39m [38;5;3m[InstanceLoader] [39m[32mLandscapeModule dependencies initialized[39m[38;5;3m +0ms[39m
[32m[Nest] 22180  - [39m2026/08/22 21:50:34 [32m    LOG[39m [38;5;3m[InstanceLoader] [39m[32mTravelGuideModule dependencies initialized[39m[38;5;3m +0ms[39m
[32m[Nest] 22180  - [39m2026/08/22 21:50:34 [32m    LOG[39m [38;5;3m[InstanceLoader] [39m[32mAphorismModule dependencies initialized[39m[38;5;3m +1ms[39m
[32m[Nest] 22180  - [39m2026/08/22 21:50:34 [32m    LOG[39m [38;5;3m[InstanceLoader] [39m[32mMuseumModule dependencies initialized[39m[38;5;3m +0ms[39m
[32m[Nest] 22180  - [39m2026/08/22 21:50:34 [32m    LOG[39m [38;5;3m[InstanceLoader] [39m[32mMusicModule dependencies initialized[39m[38;5;3m +0ms[39m
[32m[Nest] 22180  - [39m2026/08/22 21:50:34 [32m    LOG[39m [38;5;3m[RoutesResolver] [39m[32mAphorismController {/api/aphorism}:[39m[38;5;3m +28ms[39m
[32m[Nest] 22180  - [39m2026/08/22 21:50:34 [32m    LOG[39m [38;5;3m[RouterExplorer] [39m[32mMapped {/api/aphorism, GET} route[39m[38;5;3m +6ms[39m
[32m[Nest] 22180  - [39m2026/08/22 21:50:34 [32m    LOG[39m [38;5;3m[RouterExplorer] [39m[32mMapped {/api/aphorism/featured, GET} route[39m[38;5;3m +1ms[39m
[32m[Nest] 22180  - [39m2026/08/22 21:50:34 [32m    LOG[39m [38;5;3m[RouterExplorer] [39m[32mMapped {/api/aphorism/categories, GET} route[39m[38;5;3m +1ms[39m
[32m[Nest] 22180  - [39m2026/08/22 21:50:34 [32m    LOG[39m [38;5;3m[RouterExplorer] [39m[32mMapped {/api/aphorism/tags/hot, GET} route[39m[38;5;3m +1ms[39m
[32m[Nest] 22180  - [39m2026/08/22 21:50:34 [32m    LOG[39m [38;5;3m[RouterExplorer] [39m[32mMapped {/api/aphorism/:id, GET} route[39m[38;5;3m +1ms[39m
[32m[Nest] 22180  - [39m2026/08/22 21:50:34 [32m    LOG[39m [38;5;3m[RoutesResolver] [39m[32mGameController {/api/game}:[39m[38;5;3m +1ms[39m
[32m[Nest] 22180  - [39m2026/08/22 21:50:34 [32m    LOG[39m [38;5;3m[RouterExplorer] [39m[32mMapped {/api/game, GET} route[39m[38;5;3m +2ms[39m
[32m[Nest] 22180  - [39m2026/08/22 21:50:34 [32m    LOG[39m [38;5;3m[RouterExplorer] [39m[32mMapped {/api/game/banners, GET} route[39m[38;5;3m +2ms[39m
[32m[Nest] 22180  - [39m2026/08/22 21:50:34 [32m    LOG[39m [38;5;3m[RouterExplorer] [39m[32mMapped {/api/game/categories, GET} route[39m[38;5;3m +0ms[39m
[32m[Nest] 22180  - [39m2026/08/22 21:50:34 [32m    LOG[39m [38;5;3m[RouterExplorer] [39m[32mMapped {/api/game/tags, GET} route[39m[38;5;3m +1ms[39m
[32m[Nest] 22180  - [39m2026/08/22 21:50:34 [32m    LOG[39m [38;5;3m[RouterExplorer] [39m[32mMapped {/api/game/platforms, GET} route[39m[38;5;3m +1ms[39m
[32m[Nest] 22180  - [39m2026/08/22 21:50:34 [32m    LOG[39m [38;5;3m[RouterExplorer] [39m[32mMapped {/api/game/sale, GET} route[39m[38;5;3m +0ms[39m
[32m[Nest] 22180  - [39m2026/08/22 21:50:34 [32m    LOG[39m [38;5;3m[RouterExplorer] [39m[32mMapped {/api/game/:gameId, GET} route[39m[38;5;3m +2ms[39m
[32m[Nest] 22180  - [39m2026/08/22 21:50:34 [32m    LOG[39m [38;5;3m[RoutesResolver] [39m[32mHistoryController {/api/history}:[39m[38;5;3m +0ms[39m
[32m[Nest] 22180  - [39m2026/08/22 21:50:34 [32m    LOG[39m [38;5;3m[RouterExplorer] [39m[32mMapped {/api/history/dynasties, GET} route[39m[38;5;3m +1ms[39m
[32m[Nest] 22180  - [39m2026/08/22 21:50:34 [32m    LOG[39m [38;5;3m[RouterExplorer] [39m[32mMapped {/api/history/dynasties/:id, GET} route[39m[38;5;3m +1ms[39m
[32m[Nest] 22180  - [39m2026/08/22 21:50:34 [32m    LOG[39m [38;5;3m[RouterExplorer] [39m[32mMapped {/api/history/events, GET} route[39m[38;5;3m +0ms[39m
[32m[Nest] 22180  - [39m2026/08/22 21:50:34 [32m    LOG[39m [38;5;3m[RouterExplorer] [39m[32mMapped {/api/history/events/:id, GET} route[39m[38;5;3m +1ms[39m
[32m[Nest] 22180  - [39m2026/08/22 21:50:34 [32m    LOG[39m [38;5;3m[RouterExplorer] [39m[32mMapped {/api/history/figures, GET} route[39m[38;5;3m +1ms[39m
[32m[Nest] 22180  - [39m2026/08/22 21:50:34 [32m    LOG[39m [38;5;3m[RouterExplorer] [39m[32mMapped {/api/history/figures/:id, GET} route[39m[38;5;3m +0ms[39m
[32m[Nest] 22180  - [39m2026/08/22 21:50:34 [32m    LOG[39m [38;5;3m[RouterExplorer] [39m[32mMapped {/api/history/heritage, GET} route[39m[38;5;3m +0ms[39m
[32m[Nest] 22180  - [39m2026/08/22 21:50:34 [32m    LOG[39m [38;5;3m[RouterExplorer] [39m[32mMapped {/api/history/heritage/:id, GET} route[39m[38;5;3m +1ms[39m
[32m[Nest] 22180  - [39m2026/08/22 21:50:34 [32m    LOG[39m [38;5;3m[RoutesResolver] [39m[32mMuseumController {/api/museum}:[39m[38;5;3m +0ms[39m
[32m[Nest] 22180  - [39m2026/08/22 21:50:34 [32m    LOG[39m [38;5;3m[RouterExplorer] [39m[32mMapped {/api/museum, GET} route[39m[38;5;3m +1ms[39m
[32m[Nest] 22180  - [39m2026/08/22 21:50:34 [32m    LOG[39m [38;5;3m[RouterExplorer] [39m[32mMapped {/api/museum/artifacts, GET} route[39m[38;5;3m +0ms[39m
[32m[Nest] 22180  - [39m2026/08/22 21:50:34 [32m    LOG[39m [38;5;3m[RouterExplorer] [39m[32mMapped {/api/museum/artifacts/:id, GET} route[39m[38;5;3m +0ms[39m
[32m[Nest] 22180  - [39m2026/08/22 21:50:34 [32m    LOG[39m [38;5;3m[RouterExplorer] [39m[32mMapped {/api/museum/artifact-details/:id, GET} route[39m[38;5;3m +0ms[39m
[32m[Nest] 22180  - [39m2026/08/22 21:50:34 [32m    LOG[39m [38;5;3m[RouterExplorer] [39m[32mMapped {/api/museum/exhibitions, GET} route[39m[38;5;3m +1ms[39m
[32m[Nest] 22180  - [39m2026/08/22 21:50:34 [32m    LOG[39m [38;5;3m[RouterExplorer] [39m[32mMapped {/api/museum/activities, GET} route[39m[38;5;3m +0ms[39m
[32m[Nest] 22180  - [39m2026/08/22 21:50:34 [32m    LOG[39m [38;5;3m[RouterExplorer] [39m[32mMapped {/api/museum/news, GET} route[39m[38;5;3m +0ms[39m
[32m[Nest] 22180  - [39m2026/08/22 21:50:34 [32m    LOG[39m [38;5;3m[RouterExplorer] [39m[32mMapped {/api/museum/immersive, GET} route[39m[38;5;3m +0ms[39m
[32m[Nest] 22180  - [39m2026/08/22 21:50:34 [32m    LOG[39m [38;5;3m[RouterExplorer] [39m[32mMapped {/api/museum/creative-products, GET} route[39m[38;5;3m +0ms[39m
[32m[Nest] 22180  - [39m2026/08/22 21:50:34 [32m    LOG[39m [38;5;3m[RouterExplorer] [39m[32mMapped {/api/museum/academic-resources, GET} route[39m[38;5;3m +1ms[39m
[32m[Nest] 22180  - [39m2026/08/22 21:50:34 [32m    LOG[39m [38;5;3m[RouterExplorer] [39m[32mMapped {/api/museum/exhibition-halls, GET} route[39m[38;5;3m +0ms[39m
[32m[Nest] 22180  - [39m2026/08/22 21:50:34 [32m    LOG[39m [38;5;3m[RouterExplorer] [39m[32mMapped {/api/museum/:id/detail, GET} route[39m[38;5;3m +0ms[39m
[32m[Nest] 22180  - [39m2026/08/22 21:50:34 [32m    LOG[39m [38;5;3m[RouterExplorer] [39m[32mMapped {/api/museum/:id, GET} route[39m[38;5;3m +0ms[39m
[32m[Nest] 22180  - [39m2026/08/22 21:50:34 [32m    LOG[39m [38;5;3m[RoutesResolver] [39m[32mLandscapeController {/api/landscape}:[39m[38;5;3m +1ms[39m
[32m[Nest] 22180  - [39m2026/08/22 21:50:34 [32m    LOG[39m [38;5;3m[RouterExplorer] [39m[32mMapped {/api/landscape/photographers, GET} route[39m[38;5;3m +0ms[39m
[32m[Nest] 22180  - [39m2026/08/22 21:50:34 [32m    LOG[39m [38;5;3m[RouterExplorer] [39m[32mMapped {/api/landscape/photographers/:id, GET} route[39m[38;5;3m +0ms[39m
[32m[Nest] 22180  - [39m2026/08/22 21:50:34 [32m    LOG[39m [38;5;3m[RouterExplorer] [39m[32mMapped {/api/landscape/images, GET} route[39m[38;5;3m +0ms[39m
[32m[Nest] 22180  - [39m2026/08/22 21:50:34 [32m    LOG[39m [38;5;3m[RouterExplorer] [39m[32mMapped {/api/landscape/images/:id, GET} route[39m[38;5;3m +1ms[39m
[32m[Nest] 22180  - [39m2026/08/22 21:50:34 [32m    LOG[39m [38;5;3m[RouterExplorer] [39m[32mMapped {/api/landscape/videos, GET} route[39m[38;5;3m +0ms[39m
[32m[Nest] 22180  - [39m2026/08/22 21:50:34 [32m    LOG[39m [38;5;3m[RouterExplorer] [39m[32mMapped {/api/landscape/videos/:id, GET} route[39m[38;5;3m +0ms[39m
[32m[Nest] 22180  - [39m2026/08/22 21:50:34 [32m    LOG[39m [38;5;3m[RouterExplorer] [39m[32mMapped {/api/landscape/guides, GET} route[39m[38;5;3m +0ms[39m
[32m[Nest] 22180  - [39m2026/08/22 21:50:34 [32m    LOG[39m [38;5;3m[RouterExplorer] [39m[32mMapped {/api/landscape/guides/:id, GET} route[39m[38;5;3m +1ms[39m
[32m[Nest] 22180  - [39m2026/08/22 21:50:34 [32m    LOG[39m [38;5;3m[RouterExplorer] [39m[32mMapped {/api/landscape/hot-topics, GET} route[39m[38;5;3m +0ms[39m
[32m[Nest] 22180  - [39m2026/08/22 21:50:34 [32m    LOG[39m [38;5;3m[RouterExplorer] [39m[32mMapped {/api/landscape/popular-destinations, GET} route[39m[38;5;3m +0ms[39m
[32m[Nest] 22180  - [39m2026/08/22 21:50:34 [32m    LOG[39m [38;5;3m[RoutesResolver] [39m[32mMusicController {/api/music}:[39m[38;5;3m +0ms[39m
[32m[Nest] 22180  - [39m2026/08/22 21:50:34 [32m    LOG[39m [38;5;3m[RouterExplorer] [39m[32mMapped {/api/music/songs, GET} route[39m[38;5;3m +0ms[39m
[32m[Nest] 22180  - [39m2026/08/22 21:50:34 [32m    LOG[39m [38;5;3m[RouterExplorer] [39m[32mMapped {/api/music/songs/:id, GET} route[39m[38;5;3m +1ms[39m
[32m[Nest] 22180  - [39m2026/08/22 21:50:34 [32m    LOG[39m [38;5;3m[RouterExplorer] [39m[32mMapped {/api/music/artists, GET} route[39m[38;5;3m +0ms[39m
[32m[Nest] 22180  - [39m2026/08/22 21:50:34 [32m    LOG[39m [38;5;3m[RouterExplorer] [39m[32mMapped {/api/music/artists/:id, GET} route[39m[38;5;3m +0ms[39m
[32m[Nest] 22180  - [39m2026/08/22 21:50:34 [32m    LOG[39m [38;5;3m[RouterExplorer] [39m[32mMapped {/api/music/albums, GET} route[39m[38;5;3m +0ms[39m
[32m[Nest] 22180  - [39m2026/08/22 21:50:34 [32m    LOG[39m [38;5;3m[RouterExplorer] [39m[32mMapped {/api/music/albums/:id, GET} route[39m[38;5;3m +0ms[39m
[32m[Nest] 22180  - [39m2026/08/22 21:50:34 [32m    LOG[39m [38;5;3m[RouterExplorer] [39m[32mMapped {/api/music/playlists, GET} route[39m[38;5;3m +1ms[39m
[32m[Nest] 22180  - [39m2026/08/22 21:50:34 [32m    LOG[39m [38;5;3m[RouterExplorer] [39m[32mMapped {/api/music/playlists/:id, GET} route[39m[38;5;3m +0ms[39m
[32m[Nest] 22180  - [39m2026/08/22 21:50:34 [32m    LOG[39m [38;5;3m[RouterExplorer] [39m[32mMapped {/api/music/bundles, GET} route[39m[38;5;3m +0ms[39m
[32m[Nest] 22180  - [39m2026/08/22 21:50:34 [32m    LOG[39m [38;5;3m[RoutesResolver] [39m[32mTravelGuideController {/api/travel-guide}:[39m[38;5;3m +0ms[39m
[32m[Nest] 22180  - [39m2026/08/22 21:50:34 [32m    LOG[39m [38;5;3m[RouterExplorer] [39m[32mMapped {/api/travel-guide/provinces, GET} route[39m[38;5;3m +0ms[39m
[32m[Nest] 22180  - [39m2026/08/22 21:50:34 [32m    LOG[39m [38;5;3m[RouterExplorer] [39m[32mMapped {/api/travel-guide/provinces/:id, GET} route[39m[38;5;3m +1ms[39m
[32m[Nest] 22180  - [39m2026/08/22 21:50:34 [32m    LOG[39m [38;5;3m[RouterExplorer] [39m[32mMapped {/api/travel-guide/regions, GET} route[39m[38;5;3m +0ms[39m
[32m[Nest] 22180  - [39m2026/08/22 21:50:34 [32m    LOG[39m [38;5;3m[RouterExplorer] [39m[32mMapped {/api/travel-guide/scenery/:provinceId, GET} route[39m[38;5;3m +0ms[39m
[32m[Nest] 22180  - [39m2026/08/22 21:50:34 [32m    LOG[39m [38;5;3m[RouterExplorer] [39m[32mMapped {/api/travel-guide/food/:provinceId, GET} route[39m[38;5;3m +0ms[39m
[32m[Nest] 22180  - [39m2026/08/22 21:50:34 [32m    LOG[39m [38;5;3m[NestApplication] [39m[32mNest application successfully started[39m[38;5;3m +2ms[39m
[32m[Nest] 22180  - [39m2026/08/22 21:50:34 [32m    LOG[39m [38;5;3m[Bootstrap] [39m[32m🚀 后端服务已启动: http://localhost:3000[39m
[32m[Nest] 22180  - [39m2026/08/22 21:50:34 [32m    LOG[39m [38;5;3m[Bootstrap] [39m[32m📚 API 文档: http://localhost:3000/api/docs[39m
[2J[3J[H[[90m21:50:36[0m] File change detected. Starting incremental compilation...

[[90m21:50:36[0m] Found 0 errors. Watching for file changes.

[2J[3J[H[[90m21:50:37[0m] File change detected. Starting incremental compilation...

[[90m21:50:37[0m] Found 0 errors. Watching for file changes.

[32m[Nest] 24628  - [39m2026/08/22 21:50:39 [32m    LOG[39m [38;5;3m[NestFactory] [39m[32mStarting Nest application...[39m
[32m[Nest] 24628  - [39m2026/08/22 21:50:39 [32m    LOG[39m [38;5;3m[InstanceLoader] [39m[32mTypeOrmModule dependencies initialized[39m[38;5;3m +15ms[39m
[32m[Nest] 24628  - [39m2026/08/22 21:50:39 [32m    LOG[39m [38;5;3m[InstanceLoader] [39m[32mThrottlerModule dependencies initialized[39m[38;5;3m +1ms[39m
[32m[Nest] 24628  - [39m2026/08/22 21:50:39 [32m    LOG[39m [38;5;3m[InstanceLoader] [39m[32mConfigHostModule dependencies initialized[39m[38;5;3m +0ms[39m
[32m[Nest] 24628  - [39m2026/08/22 21:50:39 [32m    LOG[39m [38;5;3m[InstanceLoader] [39m[32mAppModule dependencies initialized[39m[38;5;3m +0ms[39m
[32m[Nest] 24628  - [39m2026/08/22 21:50:39 [32m    LOG[39m [38;5;3m[InstanceLoader] [39m[32mConfigModule dependencies initialized[39m[38;5;3m +1ms[39m
[32m[Nest] 24628  - [39m2026/08/22 21:50:39 [32m    LOG[39m [38;5;3m[InstanceLoader] [39m[32mConfigModule dependencies initialized[39m[38;5;3m +0ms[39m
query: SELECT version()
[32m[Nest] 24628  - [39m2026/08/22 21:50:39 [32m    LOG[39m [38;5;3m[InstanceLoader] [39m[32mTypeOrmCoreModule dependencies initialized[39m[38;5;3m +144ms[39m
[32m[Nest] 24628  - [39m2026/08/22 21:50:39 [32m    LOG[39m [38;5;3m[InstanceLoader] [39m[32mTypeOrmModule dependencies initialized[39m[38;5;3m +1ms[39m
[32m[Nest] 24628  - [39m2026/08/22 21:50:39 [32m    LOG[39m [38;5;3m[InstanceLoader] [39m[32mTypeOrmModule dependencies initialized[39m[38;5;3m +0ms[39m
[32m[Nest] 24628  - [39m2026/08/22 21:50:39 [32m    LOG[39m [38;5;3m[InstanceLoader] [39m[32mTypeOrmModule dependencies initialized[39m[38;5;3m +0ms[39m
[32m[Nest] 24628  - [39m2026/08/22 21:50:39 [32m    LOG[39m [38;5;3m[InstanceLoader] [39m[32mTypeOrmModule dependencies initialized[39m[38;5;3m +0ms[39m
[32m[Nest] 24628  - [39m2026/08/22 21:50:39 [32m    LOG[39m [38;5;3m[InstanceLoader] [39m[32mTypeOrmModule dependencies initialized[39m[38;5;3m +1ms[39m
[32m[Nest] 24628  - [39m2026/08/22 21:50:39 [32m    LOG[39m [38;5;3m[InstanceLoader] [39m[32mTypeOrmModule dependencies initialized[39m[38;5;3m +0ms[39m
[32m[Nest] 24628  - [39m2026/08/22 21:50:39 [32m    LOG[39m [38;5;3m[InstanceLoader] [39m[32mTypeOrmModule dependencies initialized[39m[38;5;3m +0ms[39m
[32m[Nest] 24628  - [39m2026/08/22 21:50:39 [32m    LOG[39m [38;5;3m[InstanceLoader] [39m[32mGameModule dependencies initialized[39m[38;5;3m +1ms[39m
[32m[Nest] 24628  - [39m2026/08/22 21:50:39 [32m    LOG[39m [38;5;3m[InstanceLoader] [39m[32mHistoryModule dependencies initialized[39m[38;5;3m +0ms[39m
[32m[Nest] 24628  - [39m2026/08/22 21:50:39 [32m    LOG[39m [38;5;3m[InstanceLoader] [39m[32mLandscapeModule dependencies initialized[39m[38;5;3m +0ms[39m
[32m[Nest] 24628  - [39m2026/08/22 21:50:39 [32m    LOG[39m [38;5;3m[InstanceLoader] [39m[32mTravelGuideModule dependencies initialized[39m[38;5;3m +0ms[39m
[32m[Nest] 24628  - [39m2026/08/22 21:50:39 [32m    LOG[39m [38;5;3m[InstanceLoader] [39m[32mAphorismModule dependencies initialized[39m[38;5;3m +0ms[39m
[32m[Nest] 24628  - [39m2026/08/22 21:50:39 [32m    LOG[39m [38;5;3m[InstanceLoader] [39m[32mMuseumModule dependencies initialized[39m[38;5;3m +0ms[39m
[32m[Nest] 24628  - [39m2026/08/22 21:50:39 [32m    LOG[39m [38;5;3m[InstanceLoader] [39m[32mMusicModule dependencies initialized[39m[38;5;3m +0ms[39m
[32m[Nest] 24628  - [39m2026/08/22 21:50:39 [32m    LOG[39m [38;5;3m[RoutesResolver] [39m[32mAphorismController {/api/aphorism}:[39m[38;5;3m +26ms[39m
[32m[Nest] 24628  - [39m2026/08/22 21:50:39 [32m    LOG[39m [38;5;3m[RouterExplorer] [39m[32mMapped {/api/aphorism, GET} route[39m[38;5;3m +2ms[39m
[32m[Nest] 24628  - [39m2026/08/22 21:50:39 [32m    LOG[39m [38;5;3m[RouterExplorer] [39m[32mMapped {/api/aphorism/featured, GET} route[39m[38;5;3m +1ms[39m
[32m[Nest] 24628  - [39m2026/08/22 21:50:39 [32m    LOG[39m [38;5;3m[RouterExplorer] [39m[32mMapped {/api/aphorism/categories, GET} route[39m[38;5;3m +0ms[39m
[32m[Nest] 24628  - [39m2026/08/22 21:50:39 [32m    LOG[39m [38;5;3m[RouterExplorer] [39m[32mMapped {/api/aphorism/tags/hot, GET} route[39m[38;5;3m +0ms[39m
[32m[Nest] 24628  - [39m2026/08/22 21:50:39 [32m    LOG[39m [38;5;3m[RouterExplorer] [39m[32mMapped {/api/aphorism/:id, GET} route[39m[38;5;3m +1ms[39m
[32m[Nest] 24628  - [39m2026/08/22 21:50:39 [32m    LOG[39m [38;5;3m[RoutesResolver] [39m[32mGameController {/api/game}:[39m[38;5;3m +0ms[39m
[32m[Nest] 24628  - [39m2026/08/22 21:50:39 [32m    LOG[39m [38;5;3m[RouterExplorer] [39m[32mMapped {/api/game, GET} route[39m[38;5;3m +0ms[39m
[32m[Nest] 24628  - [39m2026/08/22 21:50:39 [32m    LOG[39m [38;5;3m[RouterExplorer] [39m[32mMapped {/api/game/banners, GET} route[39m[38;5;3m +0ms[39m
[32m[Nest] 24628  - [39m2026/08/22 21:50:39 [32m    LOG[39m [38;5;3m[RouterExplorer] [39m[32mMapped {/api/game/categories, GET} route[39m[38;5;3m +1ms[39m
[32m[Nest] 24628  - [39m2026/08/22 21:50:39 [32m    LOG[39m [38;5;3m[RouterExplorer] [39m[32mMapped {/api/game/tags, GET} route[39m[38;5;3m +1ms[39m
[32m[Nest] 24628  - [39m2026/08/22 21:50:39 [32m    LOG[39m [38;5;3m[RouterExplorer] [39m[32mMapped {/api/game/platforms, GET} route[39m[38;5;3m +0ms[39m
[32m[Nest] 24628  - [39m2026/08/22 21:50:39 [32m    LOG[39m [38;5;3m[RouterExplorer] [39m[32mMapped {/api/game/sale, GET} route[39m[38;5;3m +0ms[39m
[32m[Nest] 24628  - [39m2026/08/22 21:50:39 [32m    LOG[39m [38;5;3m[RouterExplorer] [39m[32mMapped {/api/game/:gameId, GET} route[39m[38;5;3m +1ms[39m
[32m[Nest] 24628  - [39m2026/08/22 21:50:39 [32m    LOG[39m [38;5;3m[RoutesResolver] [39m[32mHistoryController {/api/history}:[39m[38;5;3m +0ms[39m
[32m[Nest] 24628  - [39m2026/08/22 21:50:39 [32m    LOG[39m [38;5;3m[RouterExplorer] [39m[32mMapped {/api/history/dynasties, GET} route[39m[38;5;3m +0ms[39m
[32m[Nest] 24628  - [39m2026/08/22 21:50:39 [32m    LOG[39m [38;5;3m[RouterExplorer] [39m[32mMapped {/api/history/dynasties/:id, GET} route[39m[38;5;3m +0ms[39m
[32m[Nest] 24628  - [39m2026/08/22 21:50:39 [32m    LOG[39m [38;5;3m[RouterExplorer] [39m[32mMapped {/api/history/events, GET} route[39m[38;5;3m +1ms[39m
[32m[Nest] 24628  - [39m2026/08/22 21:50:39 [32m    LOG[39m [38;5;3m[RouterExplorer] [39m[32mMapped {/api/history/events/:id, GET} route[39m[38;5;3m +0ms[39m
[32m[Nest] 24628  - [39m2026/08/22 21:50:39 [32m    LOG[39m [38;5;3m[RouterExplorer] [39m[32mMapped {/api/history/figures, GET} route[39m[38;5;3m +0ms[39m
[32m[Nest] 24628  - [39m2026/08/22 21:50:39 [32m    LOG[39m [38;5;3m[RouterExplorer] [39m[32mMapped {/api/history/figures/:id, GET} route[39m[38;5;3m +0ms[39m
[32m[Nest] 24628  - [39m2026/08/22 21:50:39 [32m    LOG[39m [38;5;3m[RouterExplorer] [39m[32mMapped {/api/history/heritage, GET} route[39m[38;5;3m +1ms[39m
[32m[Nest] 24628  - [39m2026/08/22 21:50:39 [32m    LOG[39m [38;5;3m[RouterExplorer] [39m[32mMapped {/api/history/heritage/:id, GET} route[39m[38;5;3m +0ms[39m
[32m[Nest] 24628  - [39m2026/08/22 21:50:39 [32m    LOG[39m [38;5;3m[RoutesResolver] [39m[32mMuseumController {/api/museum}:[39m[38;5;3m +0ms[39m
[32m[Nest] 24628  - [39m2026/08/22 21:50:39 [32m    LOG[39m [38;5;3m[RouterExplorer] [39m[32mMapped {/api/museum, GET} route[39m[38;5;3m +0ms[39m
[32m[Nest] 24628  - [39m2026/08/22 21:50:39 [32m    LOG[39m [38;5;3m[RouterExplorer] [39m[32mMapped {/api/museum/artifacts, GET} route[39m[38;5;3m +0ms[39m
[32m[Nest] 24628  - [39m2026/08/22 21:50:39 [32m    LOG[39m [38;5;3m[RouterExplorer] [39m[32mMapped {/api/museum/artifacts/:id, GET} route[39m[38;5;3m +1ms[39m
[32m[Nest] 24628  - [39m2026/08/22 21:50:39 [32m    LOG[39m [38;5;3m[RouterExplorer] [39m[32mMapped {/api/museum/artifact-details/:id, GET} route[39m[38;5;3m +0ms[39m
[32m[Nest] 24628  - [39m2026/08/22 21:50:39 [32m    LOG[39m [38;5;3m[RouterExplorer] [39m[32mMapped {/api/museum/exhibitions, GET} route[39m[38;5;3m +0ms[39m
[32m[Nest] 24628  - [39m2026/08/22 21:50:39 [32m    LOG[39m [38;5;3m[RouterExplorer] [39m[32mMapped {/api/museum/activities, GET} route[39m[38;5;3m +0ms[39m
[32m[Nest] 24628  - [39m2026/08/22 21:50:39 [32m    LOG[39m [38;5;3m[RouterExplorer] [39m[32mMapped {/api/museum/news, GET} route[39m[38;5;3m +0ms[39m
[32m[Nest] 24628  - [39m2026/08/22 21:50:39 [32m    LOG[39m [38;5;3m[RouterExplorer] [39m[32mMapped {/api/museum/immersive, GET} route[39m[38;5;3m +1ms[39m
[32m[Nest] 24628  - [39m2026/08/22 21:50:39 [32m    LOG[39m [38;5;3m[RouterExplorer] [39m[32mMapped {/api/museum/creative-products, GET} route[39m[38;5;3m +0ms[39m
[32m[Nest] 24628  - [39m2026/08/22 21:50:39 [32m    LOG[39m [38;5;3m[RouterExplorer] [39m[32mMapped {/api/museum/academic-resources, GET} route[39m[38;5;3m +0ms[39m
[32m[Nest] 24628  - [39m2026/08/22 21:50:39 [32m    LOG[39m [38;5;3m[RouterExplorer] [39m[32mMapped {/api/museum/exhibition-halls, GET} route[39m[38;5;3m +0ms[39m
[32m[Nest] 24628  - [39m2026/08/22 21:50:39 [32m    LOG[39m [38;5;3m[RouterExplorer] [39m[32mMapped {/api/museum/:id/detail, GET} route[39m[38;5;3m +1ms[39m
[32m[Nest] 24628  - [39m2026/08/22 21:50:39 [32m    LOG[39m [38;5;3m[RouterExplorer] [39m[32mMapped {/api/museum/:id, GET} route[39m[38;5;3m +0ms[39m
[32m[Nest] 24628  - [39m2026/08/22 21:50:39 [32m    LOG[39m [38;5;3m[RoutesResolver] [39m[32mLandscapeController {/api/landscape}:[39m[38;5;3m +0ms[39m
[32m[Nest] 24628  - [39m2026/08/22 21:50:39 [32m    LOG[39m [38;5;3m[RouterExplorer] [39m[32mMapped {/api/landscape/photographers, GET} route[39m[38;5;3m +0ms[39m
[32m[Nest] 24628  - [39m2026/08/22 21:50:39 [32m    LOG[39m [38;5;3m[RouterExplorer] [39m[32mMapped {/api/landscape/photographers/:id, GET} route[39m[38;5;3m +1ms[39m
[32m[Nest] 24628  - [39m2026/08/22 21:50:39 [32m    LOG[39m [38;5;3m[RouterExplorer] [39m[32mMapped {/api/landscape/images, GET} route[39m[38;5;3m +0ms[39m
[32m[Nest] 24628  - [39m2026/08/22 21:50:39 [32m    LOG[39m [38;5;3m[RouterExplorer] [39m[32mMapped {/api/landscape/images/:id, GET} route[39m[38;5;3m +0ms[39m
[32m[Nest] 24628  - [39m2026/08/22 21:50:39 [32m    LOG[39m [38;5;3m[RouterExplorer] [39m[32mMapped {/api/landscape/videos, GET} route[39m[38;5;3m +0ms[39m
[32m[Nest] 24628  - [39m2026/08/22 21:50:39 [32m    LOG[39m [38;5;3m[RouterExplorer] [39m[32mMapped {/api/landscape/videos/:id, GET} route[39m[38;5;3m +0ms[39m
[32m[Nest] 24628  - [39m2026/08/22 21:50:39 [32m    LOG[39m [38;5;3m[RouterExplorer] [39m[32mMapped {/api/landscape/guides, GET} route[39m[38;5;3m +0ms[39m
[32m[Nest] 24628  - [39m2026/08/22 21:50:39 [32m    LOG[39m [38;5;3m[RouterExplorer] [39m[32mMapped {/api/landscape/guides/:id, GET} route[39m[38;5;3m +1ms[39m
[32m[Nest] 24628  - [39m2026/08/22 21:50:39 [32m    LOG[39m [38;5;3m[RouterExplorer] [39m[32mMapped {/api/landscape/hot-topics, GET} route[39m[38;5;3m +0ms[39m
[32m[Nest] 24628  - [39m2026/08/22 21:50:39 [32m    LOG[39m [38;5;3m[RouterExplorer] [39m[32mMapped {/api/landscape/popular-destinations, GET} route[39m[38;5;3m +0ms[39m
[32m[Nest] 24628  - [39m2026/08/22 21:50:39 [32m    LOG[39m [38;5;3m[RoutesResolver] [39m[32mMusicController {/api/music}:[39m[38;5;3m +0ms[39m
[32m[Nest] 24628  - [39m2026/08/22 21:50:39 [32m    LOG[39m [38;5;3m[RouterExplorer] [39m[32mMapped {/api/music/songs, GET} route[39m[38;5;3m +0ms[39m
[32m[Nest] 24628  - [39m2026/08/22 21:50:39 [32m    LOG[39m [38;5;3m[RouterExplorer] [39m[32mMapped {/api/music/songs/:id, GET} route[39m[38;5;3m +0ms[39m
[32m[Nest] 24628  - [39m2026/08/22 21:50:39 [32m    LOG[39m [38;5;3m[RouterExplorer] [39m[32mMapped {/api/music/artists, GET} route[39m[38;5;3m +0ms[39m
[32m[Nest] 24628  - [39m2026/08/22 21:50:39 [32m    LOG[39m [38;5;3m[RouterExplorer] [39m[32mMapped {/api/music/artists/:id, GET} route[39m[38;5;3m +1ms[39m
[32m[Nest] 24628  - [39m2026/08/22 21:50:39 [32m    LOG[39m [38;5;3m[RouterExplorer] [39m[32mMapped {/api/music/albums, GET} route[39m[38;5;3m +0ms[39m
[32m[Nest] 24628  - [39m2026/08/22 21:50:39 [32m    LOG[39m [38;5;3m[RouterExplorer] [39m[32mMapped {/api/music/albums/:id, GET} route[39m[38;5;3m +0ms[39m
[32m[Nest] 24628  - [39m2026/08/22 21:50:39 [32m    LOG[39m [38;5;3m[RouterExplorer] [39m[32mMapped {/api/music/playlists, GET} route[39m[38;5;3m +0ms[39m
[32m[Nest] 24628  - [39m2026/08/22 21:50:39 [32m    LOG[39m [38;5;3m[RouterExplorer] [39m[32mMapped {/api/music/playlists/:id, GET} route[39m[38;5;3m +0ms[39m
[32m[Nest] 24628  - [39m2026/08/22 21:50:39 [32m    LOG[39m [38;5;3m[RouterExplorer] [39m[32mMapped {/api/music/bundles, GET} route[39m[38;5;3m +0ms[39m
[32m[Nest] 24628  - [39m2026/08/22 21:50:39 [32m    LOG[39m [38;5;3m[RoutesResolver] [39m[32mTravelGuideController {/api/travel-guide}:[39m[38;5;3m +0ms[39m
[32m[Nest] 24628  - [39m2026/08/22 21:50:39 [32m    LOG[39m [38;5;3m[RouterExplorer] [39m[32mMapped {/api/travel-guide/provinces, GET} route[39m[38;5;3m +0ms[39m
[32m[Nest] 24628  - [39m2026/08/22 21:50:39 [32m    LOG[39m [38;5;3m[RouterExplorer] [39m[32mMapped {/api/travel-guide/provinces/:id, GET} route[39m[38;5;3m +1ms[39m
[32m[Nest] 24628  - [39m2026/08/22 21:50:39 [32m    LOG[39m [38;5;3m[RouterExplorer] [39m[32mMapped {/api/travel-guide/regions, GET} route[39m[38;5;3m +0ms[39m
[32m[Nest] 24628  - [39m2026/08/22 21:50:39 [32m    LOG[39m [38;5;3m[RouterExplorer] [39m[32mMapped {/api/travel-guide/scenery/:provinceId, GET} route[39m[38;5;3m +0ms[39m
[32m[Nest] 24628  - [39m2026/08/22 21:50:39 [32m    LOG[39m [38;5;3m[RouterExplorer] [39m[32mMapped {/api/travel-guide/food/:provinceId, GET} route[39m[38;5;3m +0ms[39m
[32m[Nest] 24628  - [39m2026/08/22 21:50:39 [32m    LOG[39m [38;5;3m[NestApplication] [39m[32mNest application successfully started[39m[38;5;3m +2ms[39m
[32m[Nest] 24628  - [39m2026/08/22 21:50:39 [32m    LOG[39m [38;5;3m[Bootstrap] [39m[32m🚀 后端服务已启动: http://localhost:3000[39m
[32m[Nest] 24628  - [39m2026/08/22 21:50:39 [32m    LOG[39m [38;5;3m[Bootstrap] [39m[32m📚 API 文档: http://localhost:3000/api/docs[39m
